SecurityID,DateTime,PreClosePx,OpenPx,HighPx,LowPx,LastPx,Volume,Amount,IOPV,fp_Volume,fp_Amount,UpRate,Mean5,Mean10,Mean20,Mean30,EMA12,EMA26,DIF,DEA,MACD,K,D,J
900953,2014-01-02,0.532,0.535,0.541,0.532,0.54,662699,356417.0,0.0,,,0.015037593984962419,,,,,0.54,0.54,0.0,0.0,0.0,,,
900953,2014-01-03,0.54,0.54,0.544,0.535,0.544,1382300,748616.0,0.0,,,0.007407407407407414,,,,,0.5423333333333333,0.5420666666666668,0.0002666666666665263,0.00015555555555547365,0.00022222222222210525,,,
900953,2014-01-06,0.544,0.546,0.546,0.524,0.526,1112161,593259.0,0.0,,,-0.033088235294117675,,,,,0.5349908256880734,0.5363502406516106,-0.0013594149635371977,-0.0005254862374311401,-0.0016678574522121152,,,
900953,2014-01-07,0.526,0.528,0.544,0.527,0.536,1579450,847230.0,0.0,,,0.01901140684410648,,,,,0.5353806306306307,0.5362537365889752,-0.0008731059583445555,-0.0006597582692704435,-0.00042669537814822404,,,
900953,2014-01-08,0.536,0.536,0.542,0.529,0.53,808500,432228.0,0.0,,,-0.011194029850746278,0.5352,,,,0.5334921795059202,0.5348308601057256,-0.001338680599805353,-0.0008980410518481833,-0.0008812790959143394,,,
900953,2014-01-09,0.53,0.5329999999999999,0.537,0.524,0.525,925400,489826.0,0.0,,,-0.009433962264150952,0.5322,,,,0.5306942484121384,0.532907607186215,-0.002213358774076579,-0.0013314007506934089,-0.0017639160467663407,,,
900953,2014-01-10,0.525,0.52,0.528,0.52,0.521,607901,318052.0,0.0,,,-0.007619047619047625,0.5276,,,,0.5276341703581079,0.5308481089483065,-0.003213938590198584,-0.0019256410139549462,-0.0025765951524872755,,,
900953,2014-01-13,0.521,0.521,0.53,0.506,0.511,1090860,561329.0,0.0,,,-0.019193857965451068,0.5246000000000001,,,,0.5225361033951996,0.527751091019092,-0.0052149876238923865,-0.002933765189712387,-0.004562444868359999,,,
900953,2014-01-14,0.511,0.511,0.517,0.511,0.517,261500,134386.0,0.0,,,0.011741682974559695,0.5208,,,,0.5208739089264558,0.5262141913796735,-0.005340282453217715,-0.0036563130539382983,-0.0033679387985588337,27.500000000000004,27.500000000000004,27.500000000000007
900953,2014-01-15,0.517,0.517,0.521,0.514,0.517,117000,60460.0,0.0,,,0.0,0.5182,0.5267000000000001,,,0.5197274426149333,0.5249927981423552,-0.005265355527421911,-0.004132502098306352,-0.0022657068582311174,27.500000000000004,27.500000000000004,27.500000000000007
900953,2014-01-16,0.517,0.519,0.521,0.516,0.52,181251,94011.0,0.0,,,0.005802707930367509,0.5172000000000001,0.5247,,,0.5198072878525652,0.5243731360023507,-0.004565848149785445,-0.004259450111286181,-0.0006127960769985279,31.05263157894737,29.182825484764546,34.79224376731302
900953,2014-01-17,0.52,0.517,0.522,0.516,0.519,227200,118059.0,0.0,,,-0.0019230769230769247,0.5168000000000001,0.5222000000000001,,,0.5195724927282714,0.5237437764027053,-0.004171283674433868,-0.004233807399788047,0.00012504745070835918,32.36437246963563,30.5043911554033,36.08433509810029
900953,2014-01-20,0.519,0.519,0.52,0.514,0.518,165900,85669.0,0.0,,,-0.0019267822736030848,0.5182,0.5214000000000001,,,0.5191174763473642,0.5231046317748138,-0.003987155427449651,-0.0041624362031018654,0.0003505615513044284,32.73634322773759,31.361206879853906,35.486615923504964
900953,2014-01-21,0.518,0.514,0.528,0.514,0.527,560571,294145.0,0.0,,,0.017374517374517392,0.5202000000000001,0.5205000000000002,,,0.521390077726107,0.5235187297036659,-0.0021286519775588486,-0.003576078199153596,0.0028948524431894945,45.52786039802392,36.53789380453859,63.50779358499459
900953,2014-01-22,0.527,0.523,0.537,0.523,0.535,645100,344287.0,0.0,,,0.015180265654648969,0.5238000000000002,0.5210000000000001,,,0.525303784462469,0.5246902900992457,0.0006134943632232215,-0.00237131317332356,0.005969615073093563,62.529785586653816,45.740462580236496,96.10843159948845
900953,2014-01-23,0.535,0.531,0.536,0.525,0.532,437123,231299.0,0.0,,,-0.005607476635514024,0.5262000000000001,0.5217000000000002,,,0.5272258138354277,0.5254092031416189,0.0018166106938087845,-0.001169244237634734,0.0059717098628870365,69.93234948413217,54.13184349360998,101.53336146517657
900953,2014-01-24,0.532,0.531,0.536,0.528,0.531,396548,211001.0,0.0,,,-0.0018796992481203024,0.5286000000000002,0.5227000000000002,,,0.5283077009170174,0.5259410651880041,0.0023666357290133,-0.0001556686769279059,0.005044608811882412,72.32482576220409,60.35813094153893,96.2582154035344
900953,2014-01-27,0.531,0.528,0.532,0.528,0.531,234762,124352.0,0.0,,,0.0,0.5312000000000001,0.5247,,,0.5290787354403486,0.5264080337771786,0.002670701663169961,0.0006537618658038338,0.0040338795947322545,72.86357439305536,64.60017563703566,89.39037190509475
900953,2014-01-28,0.531,0.529,0.532,0.529,0.531,186070,98598.0,0.0,,,0.0,0.5320000000000001,0.5261,,,0.5296285882265978,0.5268204379564588,0.0028081502701389205,0.001270333103136007,0.003075634334005827,73.21748903569923,67.50621015966392,84.64004678776985
900953,2014-01-29,0.531,0.53,0.534,0.529,0.532,279190,148307.0,0.0,,,0.0018832391713747665,0.5314000000000001,0.5276,0.5271500000000001,,0.530306945217422,0.5272741382702457,0.0030328069471763364,0.0017744996366159049,0.002516614621120863,74.91167354614791,69.9938712212564,84.74727819593093
900953,2014-01-30,0.532,0.534,0.534,0.528,0.532,406600,215615.0,0.0,,,0.0,0.5314000000000001,0.5288,0.5267500000000002,,0.5307910884740806,0.527678759080872,0.0031123293932086016,0.002157063309024281,0.0019105321683686415,76.03383816027518,72.01759187865423,84.06633072351707
900953,2014-02-07,0.532,0.53,0.5329999999999999,0.526,0.529,227523,120401.0,0.0,,,-0.005639097744360907,0.531,0.5298,0.5260000000000001,,0.530279036663887,0.5277895438278645,0.002489492836022511,0.0022521011273814286,0.0004747834172821649,72.41596288884234,72.15083865052048,72.94621136548608
900953,2014-02-10,0.529,0.531,0.535,0.527,0.534,582400,309054.0,0.0,,,0.00945179584120984,0.5316,0.5314,0.5264000000000002,,0.5313426323130244,0.5283004079709264,0.003042224342097999,0.0024779489892238038,0.0011285507057483901,74.47248116799385,72.92649081414903,77.56446187568346
900953,2014-02-11,0.534,0.536,0.536,0.531,0.534,381689,204075.0,0.0,,,0.0,0.5322,0.5321,0.5263000000000002,,0.5321021165138855,0.5287610756503273,0.0033410408635582423,0.0027246234128127694,0.0012328349014909456,76.92478152870719,74.26128653051094,82.25177152509968
900953,2014-02-12,0.534,0.536,0.536,0.526,0.532,665023,352328.0,0.0,,,-0.003745318352059928,0.5322,0.5317999999999999,0.5264000000000003,,0.5320729338818582,0.5290186598378249,0.003054274044033245,0.0028188302428585415,0.000470887602349407,71.27745588053088,73.2656657994034,67.30103604278585
900953,2014-02-13,0.532,0.531,0.531,0.525,0.529,370151,195271.0,0.0,,,-0.005639097744360907,0.5316,0.5315,0.5266000000000003,,0.5311948133848199,0.5290171978112437,0.002177615573576208,0.0026355969662096084,-0.0009159627852668006,59.6316360200179,68.71791201649916,41.45908402705538
900953,2014-02-14,0.529,0.525,0.528,0.52,0.522,564900,295520.0,0.0,,,-0.013232514177693774,0.5302,0.5306,0.5266500000000003,,0.5285674259485962,0.528474892725628,9.253322296820521e-05,0.0019089249339594094,-0.0036327834219824083,43.914000564842944,60.446210225922876,10.849581242683072
900953,2014-02-17,0.522,0.521,0.526,0.514,0.516,1094190,567249.0,0.0,,,-0.011494252873563229,0.5266,0.5291,0.5269000000000003,,0.5249764419976167,0.5275229570624752,-0.002546515064858479,0.0006358389738154038,-0.0063647080773477655,32.30281158956553,51.0622553229553,-5.21607587721401
900953,2014-02-18,0.516,0.518,0.52,0.507,0.513,1011222,517220.0,0.0,,,-0.005813953488372097,0.5224,0.5273000000000001,0.5267000000000003,,0.5215544034694148,0.526427653268607,-0.004873249799192125,-0.0009382774490978486,-0.007869944700188553,28.430983204007322,43.51698523066408,-1.7410208493061958
900953,2014-02-19,0.513,0.511,0.515,0.509,0.514,426000,218229.0,0.0,,,0.0019493177387914246,0.5188,0.5255000000000001,0.5265500000000003,0.5266000000000001,0.5193959132896233,0.5255004833592879,-0.006104570069664583,-0.0024144220490746673,-0.007380296041179832,26.99977452284642,38.01051234840921,4.978298871720838
900953,2014-02-20,0.514,0.515,0.518,0.51,0.515,413550,213017.0,0.0,,,0.0019455252918287953,0.5160000000000001,0.5238,0.5263000000000003,0.5257666666666668,0.518139900993829,0.5247249156159294,-0.006585014622100371,-0.003606055097168245,-0.005957919049864252,27.195269400277816,34.405110107096036,12.77558798664137
900953,2014-02-21,0.515,0.512,0.515,0.51,0.515,171119,87685.0,0.0,,,0.0,0.5146000000000001,0.5224,0.5261000000000003,0.5248000000000002,0.5172427675111853,0.5240132810172364,-0.006770513506051179,-0.0045102051320329885,-0.004520616748036381,27.325589640474043,32.04512976118962,17.88650939904288
900953,2014-02-24,0.515,0.509,0.509,0.4970000000000001,0.507,676390,339277.0,0.0,,,-0.015533980582524285,0.5128000000000001,0.5197,0.5255500000000003,0.5241666666666668,0.5143162184392495,0.5227789991157487,-0.008462780676499193,-0.005639529436112117,-0.0056465024807741526,26.76404606900409,30.284698813649317,19.722740579713637
900953,2014-02-25,0.507,0.505,0.505,0.487,0.493,785300,387785.0,0.0,,,-0.027613412228796867,0.5088000000000001,0.5156000000000001,0.5238500000000004,0.5227333333333335,0.5082258048058649,0.5206358022856564,-0.012409997479791546,-0.007573969683810733,-0.009672055591961626,22.388036391926907,27.652408510210087,11.85929215536055
900953,2014-02-26,0.493,0.496,0.496,0.483,0.495,481127,235159.0,0.0,,,0.004056795131845845,0.5050000000000001,0.5119,0.5218500000000004,0.5215666666666668,0.5044469744008143,0.5188044425050978,-0.01435746810428351,-0.009512126980108353,-0.009690682248350315,23.814271586595183,26.373007016995455,18.69680072579464
900953,2014-02-27,0.495,0.495,0.495,0.487,0.491,583086,285306.0,0.0,,,-0.008080808080808088,0.5002000000000001,0.5081,0.5198000000000003,0.5204333333333335,0.5006049606310311,0.516831813767661,-0.01622685313662986,-0.011430630695867354,-0.009592444881525011,22.077711068588656,24.941224900380238,16.35068340500549
900953,2014-02-28,0.491,0.488,0.4920000000000001,0.483,0.49,345300,168277.0,0.0,,,-0.0020366598778004093,0.4952000000000001,0.5049,0.5177500000000003,0.5194000000000002,0.4975749600023451,0.5149403525207373,-0.017365392518392253,-0.01312628357747583,-0.008478217881832846,21.02477211526699,23.635730426259165,15.802855493282642
900953,2014-03-03,0.49,0.4920000000000001,0.498,0.49,0.4920000000000001,534449,263117.0,0.0,,,0.00408163265306134,0.4922000000000001,0.5025000000000001,0.5158000000000003,0.5187666666666668,0.49598210982764906,0.5133328213284476,-0.017350711500798532,-0.014333266363509274,-0.006034890274578517,22.587951467068905,23.28646895176396,21.190916497678792
900953,2014-03-04,0.4920000000000001,0.491,0.4920000000000001,0.485,0.49,381258,186472.0,0.0,,,-0.004065040650406621,0.4916000000000002,0.5002000000000001,0.5137500000000003,0.5178666666666668,0.49427293217300666,0.5117068258302615,-0.01743389365725484,-0.015219161647703164,-0.004429464019103352,21.725297978832646,22.766076818190562,19.643740300116818
900953,2014-03-05,0.49,0.486,0.496,0.486,0.495,342354,168591.0,0.0,,,0.01020408163265307,0.4916000000000002,0.4983000000000001,0.5119000000000002,0.5171333333333336,0.4944806661346087,0.510548565687197,-0.01606789955258825,-0.01546165853836152,-0.0012124820284534592,26.983544173556748,24.17190252843027,32.6068274638097
900953,2014-03-06,0.495,0.496,0.498,0.4920000000000001,0.498,271455,134463.0,0.0,,,0.006060606060606066,0.4930000000000001,0.4966000000000001,0.5102000000000002,0.5164000000000003,0.4954861911221397,0.5096827583597513,-0.01419656723761159,-0.0151002035121926,0.00180727254916202,37.2198144970286,28.521213238576014,54.61701701393377
900953,2014-03-07,0.498,0.4970000000000001,0.501,0.493,0.494,343200,170725.0,0.0,,,-0.008032128514056233,0.4938000000000001,0.4945000000000001,0.5084500000000002,0.5155666666666671,0.4950615647777649,0.5086055290592131,-0.013543964281448162,-0.014655563407915647,0.0022231982529349707,41.479880719826525,32.840773515420985,58.758095128637606
900953,2014-03-10,0.494,0.491,0.4920000000000001,0.473,0.478,503300,242554.0,0.0,,,-0.032388663967611364,0.491,0.4916000000000002,0.5056500000000002,0.5142333333333335,0.49018682944638725,0.5065120085702852,-0.01632517912389797,-0.015132596717962877,-0.0023851648118701878,33.60562935786606,33.09572563799398,34.625436797610206
900953,2014-03-11,0.478,0.479,0.485,0.477,0.48,187000,89749.0,0.0,,,0.004184100418410046,0.4890000000000001,0.4903000000000001,0.5029500000000001,0.5126666666666669,0.48727630566514457,0.5047055207695433,-0.017429215104398765,-0.01578877364380033,-0.0032808829211968676,30.737084925240143,32.30951170711507,27.592231361490292
900953,2014-03-12,0.48,0.48,0.482,0.477,0.481,162600,78062.0,0.0,,,0.002083333333333452,0.4862,0.4889,0.5004000000000002,0.5108666666666669,0.4854830749988098,0.5030960926676448,-0.01761301766883494,-0.016309986360819036,-0.002606062616031808,30.01519925363038,31.54474065585782,26.956116449175504
900953,2014-03-13,0.481,0.479,0.486,0.479,0.484,145200,70207.0,0.0,,,0.0062370062370061255,0.4834,0.4882000000000001,0.4981500000000002,0.5092666666666669,0.4850593392044735,0.501803973095346,-0.01674463389087244,-0.01643417139296596,-0.0006209249958129617,33.10537155979504,32.064951063025184,35.186212553334755
900953,2014-03-14,0.484,0.478,0.483,0.478,0.483,134900,64763.0,0.0,,,-0.0020661157024793406,0.4812,0.4875,0.4962000000000002,0.5076666666666669,0.48447095649489014,0.5005356122653389,-0.0160646557704488,-0.016328595486511246,0.0005278794321248934,33.97500972926408,32.701637371475506,36.52175444484122
900953,2014-03-17,0.483,0.483,0.486,0.483,0.484,76800,37248.0,0.0,,,0.0020703933747412027,0.4824,0.4867,0.4946000000000002,0.5061000000000002,0.4843363974833254,0.49942352101016735,-0.015087123526841939,-0.01597388917798611,0.001773531302288342,35.745244741510184,33.71617325323938,39.80338771805178
900953,2014-03-18,0.484,0.496,0.496,0.486,0.49,338715,166612.0,0.0,,,0.012396694214876044,0.4844000000000001,0.4867,0.4934500000000002,0.5047333333333336,0.48595456974282636,0.4987914792187843,-0.012836909475957947,-0.015077609201152567,0.00448139945038924,44.06825890091168,37.166868677178854,57.87103934837734
900953,2014-03-19,0.49,0.49,0.496,0.487,0.493,269020,132571.0,0.0,,,0.0061224489795918425,0.4868,0.4865,0.4924000000000002,0.5034333333333335,0.4879675499157163,0.4984040306244823,-0.010436480708766016,-0.013751572423555323,0.0066301834295786136,53.18836344337672,42.507367147237055,74.55035603565607
900953,2014-03-20,0.493,0.489,0.4970000000000001,0.488,0.49,330300,162781.0,0.0,,,-0.006085192697768768,0.4880000000000001,0.4857,0.4911500000000002,0.5020333333333336,0.4885482499602817,0.4978431399159274,-0.009294889955645702,-0.012478234530663825,0.006366689150036246,59.07002023096916,48.02825165642072,81.15355738006605
900953,2014-03-21,0.49,0.491,0.4970000000000001,0.485,0.496,484210,238442.0,0.0,,,0.012244897959183685,0.4906,0.4859,0.4902000000000002,0.5009333333333336,0.49067732145384657,0.4977204005466461,-0.0070430790927995535,-0.01092533293786046,0.007764507690121814,71.04668036793323,55.70106136399383,101.73791837581206
900953,2014-03-24,0.496,0.494,0.4970000000000001,0.49,0.496,247350,122503.0,0.0,,,0.0,0.4930000000000001,0.4877000000000001,0.4896500000000002,0.4996666666666669,0.4921980867801176,0.4976060720966614,-0.005407985316543795,-0.009348947874827441,0.007881925116567292,79.0311203403793,63.477747782072065,110.1378654569938
900953,2014-03-25,0.496,0.496,0.496,0.489,0.494,280402,137966.0,0.0,,,-0.004032258064516132,0.4938000000000001,0.4891,0.4897000000000002,0.4983333333333336,0.49271291913527376,0.4973668958111126,-0.0046539766758388335,-0.008007527515014753,0.00670710167835184,80.75758901255678,69.23769490463235,103.79737722840565
900953,2014-03-26,0.494,0.495,0.496,0.49,0.493,251101,123292.0,0.0,,,-0.002024291497975711,0.4938000000000001,0.4903000000000001,0.4896000000000002,0.4970333333333336,0.4927949422402344,0.4970777804003133,-0.004282838160078906,-0.00694333054668973,0.005320984773221649,80.15418214552801,72.87652400419162,94.70949842820079
900953,2014-03-27,0.493,0.49,0.49,0.485,0.486,292210,142188.0,0.0,,,-0.01419878296146046,0.493,0.4905000000000001,0.4893500000000003,0.4956000000000002,0.49085353015886246,0.4963456004864007,-0.005492070327538234,-0.006528684767069689,0.002073228879062909,60.5789785041333,68.7773421563739,44.182251199652086
900953,2014-03-28,0.486,0.485,0.49,0.483,0.486,155700,75704.0,0.0,,,0.0,0.491,0.4908,0.4891500000000003,0.4944000000000003,0.4894668072498336,0.4956628911498542,-0.006196083900020577,-0.006433655947467597,0.0004751440948940408,47.528842781578945,61.69450901477994,19.19751031517697
900953,2014-03-31,0.486,0.483,0.483,0.477,0.481,162400,77990.0,0.0,,,-0.010288065843621295,0.4879999999999999,0.4905000000000001,0.4886000000000002,0.4932333333333336,0.4870477194560717,0.4946967068097545,-0.007648987353682801,-0.006780893493262498,-0.001736187720840606,38.3525618399945,53.91385994431551,7.229965631352471
900953,2014-04-01,0.481,0.482,0.489,0.482,0.488,119800,58163.0,0.0,,,0.01455301455301445,0.4867999999999998,0.4903000000000001,0.4885000000000002,0.4924000000000002,0.4873197996121301,0.49425604639363985,-0.006936246781509725,-0.006825280147153516,-0.00022193326871241745,43.90170789913149,50.57647592576476,30.552171845864947
900953,2014-04-02,0.488,0.488,0.488,0.482,0.486,56300,27234.0,0.0,,,-0.0040983606557377095,0.4853999999999998,0.4896,0.4880500000000003,0.4914666666666669,0.4869427140080205,0.49371347542648614,-0.0067707614184656095,-0.006809703367501805,7.788389807239157e-05,44.267805266342755,48.47358570449164,35.85624439004499
900953,2014-04-03,0.486,0.487,0.487,0.476,0.483,393900,189133.0,0.0,,,-0.006172839506172845,0.4847999999999999,0.4889,0.4873000000000004,0.4904000000000003,0.4858162242900694,0.49301025229818674,-0.007194028008117359,-0.006919510407811589,-0.0005490352006115393,40.622981286979176,45.85671756410479,30.155508732727938
900953,2014-04-04,0.483,0.476,0.486,0.476,0.482,174248,83990.0,0.0,,,-0.002070393374741088,0.484,0.4875,0.4867000000000004,0.4893000000000002,0.48472587449195687,0.4922883596772428,-0.007562485185285961,-0.007103217487250006,-0.0009185353960719095,37.0819875235558,42.93180754968234,25.382347471302737
900953,2014-04-08,0.482,0.479,0.485,0.477,0.483,212635,102530.0,0.0,,,0.0020746887966803843,0.4844000000000001,0.4862,0.4869500000000004,0.4885000000000002,0.48423276749394806,0.4916800021835205,-0.007447234689572424,-0.00720150811654614,-0.0004914531460525687,36.3879916822272,40.75053559341347,27.662903859854666
900953,2014-04-09,0.483,0.482,0.49,0.482,0.486,148600,72244.0,0.0,,,0.006211180124223608,0.4840000000000001,0.4854,0.4872500000000004,0.48826666666666707,0.48473769106733017,0.4913083448857042,-0.006570653818374017,-0.007021264031273998,0.0009012204257999624,48.0681849326168,43.189752040150424,57.825050717549544
900953,2014-04-10,0.486,0.485,0.488,0.484,0.488,186500,90636.0,0.0,,,0.004115226337448564,0.4844000000000001,0.4849,0.4876000000000004,0.4880333333333337,0.4856697793341031,0.49109206949536016,-0.0054222901612570595,-0.006564414353981273,0.0022842483854484275,60.61688519432495,48.99879642540848,83.85306273215791
900953,2014-04-11,0.488,0.484,0.487,0.48,0.485,139800,67656.0,0.0,,,-0.006147540983606563,0.4848000000000001,0.4848000000000001,0.4876500000000004,0.4878333333333336,0.4854784138100302,0.4906941553870571,-0.005215741577026867,-0.006179079274764068,0.0019266753954744024,61.83982822486289,53.27914035882188,78.96120395694493
900953,2014-04-14,0.485,0.484,0.484,0.479,0.481,267164,128315.0,0.0,,,-0.008247422680412264,0.4846,0.4843000000000001,0.4875500000000003,0.4875333333333336,0.4841988670069572,0.49006147131027467,-0.005862604303317476,-0.006088657854336111,0.0004521071020372712,53.131314054315226,53.229864923984316,52.934212314977046
900953,2014-04-15,0.481,0.479,0.479,0.474,0.475,381000,181008.0,0.0,,,-0.0124740124740126,0.483,0.4837000000000001,0.4871000000000003,0.4869666666666669,0.48157061929037964,0.4890792271840716,-0.007508607893691954,-0.006494357865627573,-0.002028500056128762,37.50420936911847,47.987979738886466,16.53666862958248
900953,2014-04-16,0.475,0.474,0.478,0.474,0.475,158195,75326.0,0.0,,,0.0,0.4808,0.4824,0.4863500000000003,0.4864666666666669,0.47969329949297324,0.488161682649802,-0.00846838315682874,-0.007058365091731656,-0.0028200361301941694,27.08613957922342,41.02069968553912,-0.7829806334079734
900953,2014-04-17,0.475,0.475,0.48,0.474,0.477,240730,114614.0,0.0,,,0.004210526315789594,0.4786,0.4815,0.4855500000000002,0.4858666666666671,0.47892378535207836,0.4874347501490591,-0.008510964796980769,-0.007473393578970185,-0.0020751424360211674,24.30742638611536,35.44960858566386,2.0230619870183517
900953,2014-04-18,0.477,0.478,0.478,0.474,0.476,124100,59022.0,0.0,,,-0.0020964360587002115,0.4768,0.4808000000000001,0.4848500000000002,0.4851333333333336,0.47808841810859215,0.48669048846533386,-0.008602070356741709,-0.007795872658347074,-0.0016123953967892707,20.371617590711857,30.423611587306024,0.26762959752352344
900953,2014-04-21,0.476,0.474,0.475,0.469,0.472,226580,106885.0,0.0,,,-0.008403361344537822,0.475,0.4798000000000001,0.4836500000000002,0.4844000000000002,0.4763488700775134,0.48573486445034275,-0.009385994372829332,-0.008250193148212829,-0.002271602449233006,18.342983155701766,26.396735443416304,2.235478580272691
900953,2014-04-22,0.472,0.472,0.472,0.462,0.467,345400,160791.0,0.0,,,-0.010593220338983059,0.4734,0.4782000000000001,0.4822000000000002,0.4840333333333336,0.4736777643410236,0.4845168025762321,-0.010839038235208487,-0.008989863173084641,-0.0036983501242476916,18.638911847391995,23.810794244732275,8.295147052711435
900953,2014-04-23,0.467,0.464,0.464,0.44,0.45,642050,289296.0,0.0,,,-0.03640256959314778,0.4684,0.4746000000000001,0.4800000000000002,0.4830333333333336,0.46691268881491294,0.4822737863749935,-0.015361097560080583,-0.010810215855111452,-0.009101763409938263,19.518139813157056,22.37990943420379,13.79460057106359
900953,2014-04-24,0.45,0.44,0.452,0.44,0.45,185200,83174.0,0.0,,,0.0,0.4630000000000001,0.4708000000000002,0.4778500000000001,0.4820000000000002,0.46208049201059903,0.4801775081471738,-0.018097016136574773,-0.012892158792695249,-0.010409714687759048,20.587850784530662,21.782556550978466,18.198439251635058
900953,2014-04-25,0.45,0.458,0.458,0.445,0.446,163500,73555.0,0.0,,,-0.008888888888888896,0.4570000000000001,0.4669000000000002,0.4758500000000001,0.4807333333333335,0.45748606572182043,0.4779585468688974,-0.02047248114707695,-0.015057965179678428,-0.010829031934797041,18.725233856351807,20.76344898610183,14.648803596851756
900953,2014-04-28,0.446,0.439,0.447,0.428,0.43,397000,172961.0,0.0,,,-0.035874439461883435,0.44860000000000017,0.4618000000000001,0.47305,0.4789666666666668,0.4496329040869706,0.4748461284239259,-0.025213224336955276,-0.017959467796059485,-0.01450751308179158,13.765540519615648,18.43081283060479,4.434995897637364
900953,2014-04-29,0.43,0.4370000000000001,0.4370000000000001,0.4270000000000001,0.431,276902,119180.0,0.0,,,0.0023255813953488393,0.4414000000000001,0.4574000000000002,0.47055,0.4772000000000001,0.4443092172049577,0.4720016845991816,-0.02769246739422393,-0.02074032482411759,-0.013904285140212677,11.692750283516313,16.18479198157424,2.7086668874004616
900953,2014-04-30,0.431,0.431,0.436,0.431,0.436,221996,96207.0,0.0,,,0.01160092807424595,0.4386000000000001,0.4535000000000002,0.46795,0.4754000000000002,0.44193515514639153,0.4696669698058228,-0.027731814659431253,-0.022737893348498628,-0.00998784262186525,13.677519796854584,15.349034586667424,10.334490217228907
900953,2014-05-05,0.436,0.438,0.439,0.433,0.438,224100,97887.0,0.0,,,0.0045871559633026285,0.4362000000000001,0.4496000000000001,0.46555,0.4735666666666668,0.4408108251045631,0.4676140476621165,-0.026803222557553408,-0.023899415979659503,-0.005807613155787809,16.757235420125873,15.818434864487005,18.63483653140361
900953,2014-05-06,0.438,0.439,0.442,0.4370000000000001,0.439,293606,129119.0,0.0,,,0.00228310502283118,0.4348000000000001,0.4459000000000001,0.46335,0.4718666666666668,0.44029344650325863,0.46575962114931385,-0.025466174646055217,-0.024347061312916075,-0.0022382266662782854,20.060379168973213,17.232416299315936,25.716304908287768
900953,2014-05-07,0.439,0.435,0.439,0.429,0.429,303150,131754.0,0.0,,,-0.02277904328018225,0.4346,0.4416000000000002,0.4607,0.4696333333333335,0.4370667475023242,0.463377989966057,-0.026311242463732787,-0.024908255927435723,-0.0028059730725941284,15.175387914450063,16.54674017102725,12.43268340129569
900953,2014-05-08,0.429,0.429,0.438,0.429,0.434,395800,170653.0,0.0,,,0.011655011655011666,0.4352,0.4383000000000001,0.45825,0.4675666666666667,0.43619053393023094,0.46147512957414755,-0.025284595643916608,-0.025015781560716054,-0.0005376281664011065,17.64380699673021,16.912429112928262,19.106562764334107
900953,2014-05-09,0.434,0.43,0.431,0.4270000000000001,0.431,123200,52791.0,0.0,,,-0.0069124423963133706,0.4342,0.4364000000000002,0.4554999999999999,0.4654666666666668,0.4347075242358785,0.4595017098749814,-0.024794185639102906,-0.024952468440255123,0.0003165656023044333,16.063613266637173,16.629490497497887,14.931858804915741
900953,2014-05-12,0.431,0.4320000000000001,0.44,0.4320000000000001,0.44,283204,124202.0,0.0,,,0.020881670533642708,0.4346,0.4354000000000003,0.4530999999999999,0.4637000000000001,0.43621966016848523,0.4582391766284521,-0.02201951645996686,-0.024114482160172444,0.00418993140041117,32.37574217775849,21.878241057584898,53.370744418105666
900953,2014-05-13,0.44,0.44,0.441,0.4370000000000001,0.439,63200,27709.0,0.0,,,-0.002272727272727275,0.4346,0.4347000000000003,0.4507999999999999,0.4621333333333333,0.4370140429774897,0.45699391798549716,-0.019979875008007464,-0.022933165830982132,0.005906581645949337,48.25049478517256,30.66899230011428,83.41349975528911
900953,2014-05-14,0.439,0.439,0.44,0.436,0.438,88730,38788.0,0.0,,,-0.0022779043280183515,0.4364000000000001,0.4355000000000003,0.44865,0.4605333333333334,0.4372957449839212,0.4557647906621954,-0.018469045678274176,-0.021657702930208182,0.006377314503868012,56.61144096789287,39.31647518937392,91.20137252493078
900953,2014-05-15,0.438,0.435,0.439,0.431,0.435,102800,44557.0,0.0,,,-0.006849315068493032,0.4366,0.4359000000000003,0.44665,0.459,0.4366398178456579,0.45442132993090184,-0.017781512085243922,-0.020550219831646815,0.005537415492805786,55.518738423039565,44.71722960059584,77.12175606792701
900953,2014-05-16,0.435,0.438,0.448,0.43,0.443,272400,119771.0,0.0,,,0.01839080459770104,0.4390000000000001,0.4366000000000002,0.44505,0.4575000000000001,0.4384570127468987,0.45368251664972714,-0.015225503902828452,-0.01902887242341285,0.007606737041168793,62.40931767885177,50.614592293347854,85.9987684498596
900953,2014-05-19,0.443,0.435,0.443,0.433,0.439,60150,26189.0,0.0,,,-0.00902934537246038,0.4388000000000001,0.43670000000000025,0.44315,0.4559333333333334,0.43861215196207054,0.45273290889718665,-0.014120756935116108,-0.017626553712470825,0.007011593554709435,60.65383083352015,53.961005140071975,74.03948222041652
900953,2014-05-20,0.439,0.441,0.442,0.436,0.439,73500,32369.0,0.0,,,0.0,0.4388000000000001,0.43670000000000025,0.4413,0.4544666666666667,0.43872296568719327,0.45184486011228925,-0.013121894425095981,-0.01633950820179223,0.0064352275533925,59.483506269965744,55.801838850036575,66.84684110982408
900953,2014-05-21,0.439,0.4320000000000001,0.438,0.4320000000000001,0.438,103000,44757.0,0.0,,,-0.0022779043280183515,0.4388000000000001,0.4376000000000002,0.4396000000000001,0.4530000000000001,0.4385164040622809,0.45094970584803756,-0.01243330178575669,-0.015223449225782037,0.005580294880050695,57.115988306961206,56.23988866901145,58.86818758286071
900953,2014-05-22,0.438,0.442,0.443,0.433,0.438,196400,86366.0,0.0,,,0.0,0.4394000000000001,0.43800000000000017,0.4381500000000001,0.4515000000000001,0.43836886004448633,0.4501125458959938,-0.01174368585150748,-0.014229231118846424,0.00497109053467789,52.89214035278895,55.12397256360395,48.42847593115896
900953,2014-05-23,0.438,0.441,0.444,0.4370000000000001,0.444,180800,79922.0,0.0,,,0.013698630136986445,0.4396000000000001,0.4393000000000001,0.4378500000000002,0.4501000000000001,0.4399777571746331,0.4497174397089462,-0.009739682534313066,-0.01294650295183687,0.006413640835047609,61.18735282778523,57.14509931833105,69.27185984669362
900953,2014-05-26,0.444,0.445,0.445,0.441,0.443,84900,37624.0,0.0,,,-0.00225225225225238,0.4404000000000001,0.4396000000000001,0.43750000000000017,0.4486000000000001,0.440841255124738,0.4492832872099614,-0.008442032085223428,-0.011659511275661585,0.006434958380876314,64.86564262593089,59.71861375419766,75.15970036939734
900953,2014-05-27,0.443,0.443,0.444,0.44,0.443,112900,49923.0,0.0,,,0.0,0.4412000000000001,0.4400000000000001,0.4373500000000002,0.4472000000000001,0.44145803937481287,0.4488772407705491,-0.007419201395736208,-0.010447994167111466,0.006057585542750515,67.31783582469465,62.25168777769665,77.45013191869064
900953,2014-05-28,0.443,0.44,0.443,0.436,0.443,88950,39000.0,0.0,,,0.0,0.4422,0.4405,0.43800000000000017,0.4459333333333334,0.4418985995534378,0.44849747505247634,-0.006598875499038537,-0.009348245976233478,0.005498740954389882,68.95263129053717,64.48533561531015,77.88722264099121
900953,2014-05-29,0.443,0.44,0.444,0.44,0.444,200764,88973.0,0.0,,,0.002257336343115252,0.4434,0.4414000000000001,0.43865000000000026,0.4449000000000001,0.442498999681027,0.44820689384474405,-0.005707894163717031,-0.00830814545837163,0.005200502589309198,76.73765162958887,68.56944095340306,93.07407298196048
900953,2014-05-30,0.444,0.442,0.443,0.43,0.433,99900,43628.0,0.0,,,-0.0247747747747748,0.4412,0.4404000000000001,0.4385000000000002,0.4435000000000001,0.4397849997721621,0.44722447072734806,-0.007439470955185934,-0.008059952743175716,0.0012409635759795638,57.82510108639258,64.98799433106623,43.49931459704527
900953,2014-06-03,0.433,0.4320000000000001,0.434,0.418,0.42,428100,181062.0,0.0,,,-0.030023094688221737,0.4366,0.4385000000000001,0.4376000000000002,0.4416000000000001,0.4341321426944015,0.4454658206666327,-0.011333677972231226,-0.00899530280862015,-0.0046767503272221525,41.01920319339752,56.99839728517666,9.06081500983926
900953,2014-06-04,0.42,0.423,0.425,0.411,0.418,110700,46149.0,0.0,,,-0.0047619047619047675,0.4316,0.4364000000000001,0.43655000000000016,0.4396666666666667,0.42952295906742954,0.44369172533778967,-0.014168766270360122,-0.010473435226260146,-0.0073906620881999535,34.20888056030423,49.40189171021918,3.8228582604743195
900953,2014-06-05,0.418,0.42,0.425,0.42,0.425,73800,31143.0,0.0,,,0.016746411483253603,0.428,0.4351000000000001,0.4363500000000002,0.4381000000000001,0.42823068504816403,0.4424844663434272,-0.014253781295263168,-0.011553534103118154,-0.005400494384290029,36.531410569614586,45.11173133001765,19.370769048808455
900953,2014-06-06,0.425,0.425,0.425,0.418,0.425,52500,22075.0,0.0,,,0.0,0.4241999999999999,0.4338000000000001,0.4359000000000003,0.4367000000000001,0.42730763217726003,0.44135526267973374,-0.014047630502473707,-0.012266133074362598,-0.003562994856222218,38.07976390915482,42.767742189730036,28.70380734800439
900953,2014-06-09,0.425,0.413,0.426,0.413,0.423,58700,24651.0,0.0,,,-0.0047058823529411795,0.4222,0.4317000000000001,0.4355000000000003,0.4358000000000001,0.4260768801266143,0.4401698997213113,-0.014093019594696998,-0.012788100651600999,-0.0026098378861919985,37.507721393982,41.014401924480694,30.494360332984627
900953,2014-06-10,0.423,0.421,0.426,0.421,0.424,101400,43021.0,0.0,,,0.00236406619385343,0.4229999999999999,0.4298000000000002,0.4347000000000003,0.4349333333333335,0.4254834858047245,0.4391257306925519,-0.013642244887827393,-0.013032141861951398,-0.0012202060517519896,38.136460727301134,40.05508819208751,34.299205797728376
900953,2014-06-11,0.424,0.4270000000000001,0.429,0.424,0.425,108050,46090.0,0.0,,,0.002358490566037738,0.4243999999999999,0.4280000000000002,0.4340000000000003,0.4342333333333335,0.4253453470033747,0.43821361716524954,-0.012868270161874862,-0.012985321376215244,0.00023410242868076442,39.56572129294823,39.89196589237442,38.91323209409585
900953,2014-06-12,0.425,0.412,0.4270000000000001,0.412,0.423,57252,24112.0,0.0,,,-0.0047058823529411795,0.4239999999999999,0.42600000000000027,0.4332500000000003,0.43400000000000016,0.42467524785955335,0.43723131161331913,-0.012556063753765778,-0.012862676341229683,0.0006132251749278103,38.87714752863216,39.553693104460336,37.52405637697581
900953,2014-06-13,0.423,0.417,0.428,0.417,0.4270000000000001,148650,62774.0,0.0,,,0.009456264775413852,0.4244,0.4243000000000003,0.4328500000000003,0.4338666666666669,0.4253394627568238,0.4365707351303394,-0.011231272373515566,-0.012396560921882793,0.002330577096734454,49.10650414952304,42.73796345281457,61.84358554293999
900953,2014-06-16,0.4270000000000001,0.423,0.424,0.42,0.424,139800,59154.0,0.0,,,-0.007025761124121915,0.4246,0.4234000000000003,0.4319000000000003,0.4334666666666668,0.424956759112017,0.43575915464794657,-0.010802395535929543,-0.011941085097324722,0.0022773791227903573,56.81174350708943,47.42922347090619,75.57678357945592
900953,2014-06-17,0.424,0.424,0.424,0.42,0.424,56800,23910.0,0.0,,,0.0,0.4246,0.4238000000000004,0.43115000000000026,0.4330000000000001,0.4246833993657264,0.4350000048332588,-0.01031660546753238,-0.011476948060241195,0.0023206851854176286,61.40390743609884,52.087451459303736,80.03681938968904
900953,2014-06-18,0.424,0.418,0.423,0.416,0.42,188800,78688.0,0.0,,,-0.009433962264150952,0.4236,0.4240000000000004,0.43020000000000025,0.4323666666666668,0.42334528526123316,0.43403167231111556,-0.010686387049882395,-0.011251073485852968,0.0011293728719411443,56.62221280053648,53.599038573047984,62.66856125551347
900953,2014-06-19,0.42,0.41,0.42,0.409,0.414,196300,80864.0,0.0,,,-0.0142857142857143,0.4218,0.4229000000000004,0.42900000000000016,0.4318666666666668,0.42067520375802364,0.4327385689620823,-0.012063365204058651,-0.011483156833911733,-0.0011604167402938376,46.08147520035766,51.09318411548454,36.058057370103896
900953,2014-06-20,0.414,0.414,0.417,0.407,0.413,202350,83134.0,0.0,,,-0.0024154589371980697,0.4189999999999999,0.4217000000000004,0.4277500000000002,0.4311666666666668,0.4184822883985883,0.43146443319876776,-0.012982144800179451,-0.011911439109988224,-0.002141411380382454,39.8118925578142,47.33275359626109,24.770170480920413
900953,2014-06-23,0.413,0.412,0.415,0.41,0.412,115000,47503.0,0.0,,,-0.002421307506053137,0.4166,0.4206000000000004,0.42615000000000014,0.4305333333333336,0.41663020599899164,0.430208036317904,-0.013577830318912354,-0.012387550883966548,-0.0023805588698916115,34.11701928096704,42.92750882449641,16.496040193908314
900953,2014-06-24,0.412,0.41,0.417,0.41,0.416,74600,30932.0,0.0,,,0.009708737864077678,0.4149999999999999,0.4198000000000004,0.4248000000000002,0.4297333333333336,0.4164501471421369,0.4292909606791229,-0.012840813536986018,-0.01251705449911497,-0.0006475180757420963,37.03039380635898,40.9618038184506,29.16757378217575
900953,2014-06-25,0.416,0.408,0.413,0.408,0.413,53700,22024.0,0.0,,,-0.007211538461538602,0.4135999999999999,0.4186000000000004,0.4233000000000002,0.4288666666666669,0.4154643908158121,0.42823947174298094,-0.012775080927168836,-0.012590776335701789,-0.00036860918293409387,34.210738728048845,38.71144878831668,25.20931860751317
900953,2014-06-26,0.413,0.419,0.419,0.409,0.415,134490,55540.0,0.0,,,0.004842615012106542,0.4137999999999999,0.4178000000000005,0.4219000000000002,0.4281000000000002,0.4153317077255801,0.42738496316431435,-0.012053255438734256,-0.012437198936568208,0.0007678869956679046,38.493433661836484,38.63877707948995,38.20274682652955
900953,2014-06-27,0.415,0.411,0.419,0.411,0.418,110804,46023.0,0.0,,,0.0072289156626506096,0.4148,0.4169000000000004,0.42060000000000014,0.4275333333333335,0.4160940769468429,0.42677925016996243,-0.010685173223119515,-0.011936620161297153,0.0025028938763552756,47.23091655887138,41.502823572617096,58.68710253137995
900953,2014-06-30,0.418,0.419,0.433,0.417,0.43,630800,267933.0,0.0,,,0.028708133971291894,0.4184,0.4175000000000003,0.4204500000000001,0.42710000000000015,0.4200671978191735,0.426987114800736,-0.006919916981562468,-0.010503276395658671,0.007166718828192406,60.974457193093734,47.993368112775975,86.93663535372924
900953,2014-07-01,0.43,0.425,0.431,0.425,0.43,123700,52898.0,0.0,,,0.0,0.4212000000000001,0.41810000000000025,0.4209500000000001,0.4268000000000001,0.42290514129940965,0.42718155952683645,-0.004276418227426804,-0.008724174061878138,0.008895511668902668,70.13681761590864,55.37451794715353,99.66141695341888
900953,2014-07-02,0.43,0.425,0.43,0.425,0.43,130556,55833.0,0.0,,,0.0,0.42460000000000014,0.41910000000000025,0.42155000000000015,0.4265000000000001,0.4249322437852926,0.4273634513083376,-0.002431207523044987,-0.006926183622211523,0.008989952198333071,76.24505789778524,62.33136459736411,104.07244449862752
900953,2014-07-03,0.43,0.425,0.449,0.425,0.441,811578,358226.0,0.0,,,0.02558139534883724,0.4298000000000001,0.4218000000000003,0.4223500000000001,0.42660000000000015,0.42952303127520897,0.4282434862332863,0.0012795450419226806,-0.004581689718173178,0.011722469520191717,77.65930689120643,67.44067869531155,98.09656328299619
900953,2014-07-04,0.441,0.438,0.442,0.435,0.442,168299,74035.0,0.0,,,0.0022675736961451265,0.4346000000000001,0.4247000000000001,0.4232000000000001,0.4267333333333335,0.4330878794822921,0.42913124633709615,0.0039566331451959535,-0.0021421689000677116,0.01219760409052733,79.41514768356852,71.43216835806386,95.38110633457782
900953,2014-07-07,0.442,0.441,0.446,0.436,0.4370000000000001,202590,88933.0,0.0,,,-0.011312217194570021,0.4360000000000001,0.4272000000000003,0.4239000000000001,0.4265000000000001,0.4342056282016373,0.4296390379367529,0.004566590264884374,-0.00022538056722425838,0.009583941664217265,76.5206675614035,73.12833475917706,83.30533316585635
900953,2014-07-08,0.4370000000000001,0.439,0.444,0.4370000000000001,0.442,177700,78223.0,0.0,,,0.011441647597253886,0.4384000000000001,0.4298000000000003,0.4248000000000001,0.4264666666666667,0.43643259157259806,0.43043671050506627,0.005995881067531794,0.001552122756991757,0.008887516621080074,78.513778374269,74.92348263087437,85.69436986105822
900953,2014-07-09,0.442,0.442,0.444,0.435,0.4370000000000001,200400,87938.0,0.0,,,-0.011312217194570021,0.43980000000000014,0.43220000000000025,0.4254000000000001,0.4262666666666667,0.43659470826614144,0.4308602434796893,0.00573446478645212,0.0027470776225518613,0.005974774327800518,75.14953646003907,74.99883390726261,75.45094156559199
900953,2014-07-10,0.4370000000000001,0.4370000000000001,0.44,0.436,0.438,130200,57098.0,0.0,,,0.0022883295194505485,0.4392000000000002,0.4345000000000002,0.4261500000000001,0.4261000000000001,0.43699622019010104,0.4313209695495803,0.005675250640520713,0.003583698484828676,0.004183104311384073,71.97469097335939,73.9907862626282,67.94250039482176
900953,2014-07-11,0.438,0.435,0.444,0.435,0.444,206100,91201.0,0.0,,,0.013698630136986445,0.43960000000000016,0.4371000000000002,0.42700000000000016,0.4261000000000001,0.4389973001357865,0.43213913201835025,0.006858168117436225,0.0045192612370022625,0.004677813760867925,74.37201620446181,74.11786290990608,74.88032279357327
900953,2014-07-14,0.444,0.443,0.452,0.44,0.451,340324,152290.0,0.0,,,0.015765765765765778,0.4424000000000001,0.4392000000000002,0.4283500000000002,0.4267000000000001,0.4424266429541332,0.43335618556429084,0.009070457389842357,0.005819602994956576,0.0065017087897715625,81.68010956840664,76.63861179607294,91.76310511307403
900953,2014-07-15,0.451,0.452,0.458,0.451,0.452,433000,196736.0,0.0,,,0.0022172949002217312,0.4444000000000001,0.4414000000000001,0.4297500000000002,0.4277666666666668,0.4451618878243808,0.4345592188387473,0.010602668985633501,0.007186193278007126,0.006832951415252751,81.72613365166502,78.33445241460363,88.50949612578782
900953,2014-07-16,0.452,0.456,0.456,0.445,0.449,280000,125839.0,0.0,,,-0.0066371681415929255,0.4468,0.44330000000000025,0.4312000000000002,0.4288000000000001,0.44625849130312917,0.4354910317921799,0.010767459510949262,0.00820941220170488,0.005116094618488765,74.77394417357378,77.14761633426035,70.02659985220063
900953,2014-07-17,0.449,0.447,0.448,0.441,0.442,220799,98024.0,0.0,,,-0.015590200445434313,0.4476,0.4434000000000003,0.4326000000000002,0.4293666666666668,0.4450417795022351,0.4359110283261751,0.009130751176059992,0.008472651908663484,0.0013161985347930165,59.99422365194774,71.42981877348949,37.123033408864245
900953,2014-07-18,0.442,0.44,0.451,0.44,0.451,409274,183716.0,0.0,,,0.020361990950226262,0.449,0.44430000000000025,0.4345000000000002,0.4302333333333335,0.4467441282158822,0.43688464721102277,0.00985948100485945,0.008868888793290904,0.0019811844231370918,63.18455489839994,68.68139748179297,52.19086973161387
900953,2014-07-21,0.451,0.451,0.454,0.447,0.452,172900,77794.0,0.0,,,0.0022172949002217312,0.4492,0.4458000000000002,0.4365000000000002,0.43120000000000014,0.4482458058684873,0.43785995949747486,0.01038584637101242,0.00930230524406848,0.00216708225388788,66.76071775835358,68.04117090731317,64.1998114604344
900953,2014-07-22,0.452,0.453,0.455,0.451,0.455,180050,81616.0,0.0,,,0.0066371681415929255,0.4498,0.44710000000000016,0.4384500000000002,0.4322333333333335,0.4501755756203481,0.43896590459212803,0.01120967102822007,0.009847266896683218,0.002724808263073704,73.49265241861254,69.85833141107963,80.76129443367836
900953,2014-07-23,0.455,0.45,0.459,0.45,0.455,229100,104272.0,0.0,,,0.0,0.4510000000000001,0.4489000000000002,0.44055000000000016,0.4332333333333335,0.45155398258596297,0.4400004814023443,0.011553501183618642,0.010334762407236195,0.0024374775527648933,76.77287939018613,72.16318073744846,85.9922766956615
900953,2014-07-24,0.455,0.454,0.459,0.442,0.459,395968,179652.0,0.0,,,0.008791208791208677,0.4544,0.4510000000000002,0.4427500000000002,0.4344333333333335,0.45368141613283075,0.44122638875239883,0.012455027380431916,0.010940552399577828,0.0030289499617081744,84.51525292679075,76.28053813389589,100.98468251258046
900953,2014-07-25,0.459,0.459,0.464,0.453,0.459,233575,107400.0,0.0,,,0.0,0.4560000000000001,0.4525000000000001,0.4448000000000002,0.4355000000000001,0.45520101152345055,0.44237318882659804,0.012827822696852509,0.011479772484513451,0.0026961004246781155,82.73239084008272,78.43115570262484,91.33486111499849
900953,2014-07-28,0.459,0.459,0.472,0.459,0.468,878625,410303.0,0.0,,,0.019607843137254933,0.4592000000000001,0.4542000000000002,0.4467000000000002,0.4369666666666668,0.4588578653738932,0.44402668724083383,0.014831178133059397,0.01243731695552658,0.004787722355065634,84.32159389338852,80.39463509954606,92.17551148107344
900953,2014-07-29,0.468,0.468,0.471,0.463,0.466,393700,184135.0,0.0,,,-0.00427350427350416,0.4614000000000001,0.4556000000000002,0.4485000000000002,0.4383666666666668,0.46089847526706657,0.4454444452572313,0.015454030009835251,0.013299234971043343,0.004309590077583816,83.29772926225907,81.36233315378372,87.16852147920977
900953,2014-07-30,0.466,0.466,0.482,0.466,0.478,1362287,651600.0,0.0,,,0.02575107296137329,0.466,0.4585000000000002,0.4509000000000002,0.4403000000000001,0.4657846251907618,0.44754497678793226,0.018239648402829545,0.014710781665839402,0.007057733473980286,85.69054966690287,82.8050719914901,91.4615050177284
900953,2014-07-31,0.478,0.478,0.484,0.475,0.479,799751,382228.0,0.0,,,0.002092050209205023,0.47,0.4622000000000002,0.4528000000000002,0.4424666666666667,0.4695604465648299,0.4495744896359572,0.019985956928872728,0.01621797459813464,0.0075359646614761785,86.49211247634794,84.03408548644272,91.4081664561584
900953,2014-08-01,0.479,0.478,0.48,0.473,0.474,711901,338932.0,0.0,,,-0.010438413361169113,0.473,0.4645000000000002,0.4544000000000002,0.4445000000000001,0.47082889040344994,0.4511504427075537,0.019678447695896217,0.017206681197495088,0.004943532996802259,83.05823371439068,83.70880156242538,81.7570980183213
900953,2014-08-04,0.474,0.475,0.482,0.475,0.48,429371,205900.0,0.0,,,0.012658227848101278,0.4753999999999999,0.4673000000000002,0.4565500000000002,0.4467666666666668,0.47344920743103563,0.4530118300900233,0.02043737734101231,0.01812973723850001,0.004615280205024594,85.53088596832394,84.31616303105824,87.96033184285534
900953,2014-08-05,0.48,0.479,0.482,0.478,0.48,310600,148933.0,0.0,,,0.0,0.4781999999999999,0.4698000000000002,0.4584500000000002,0.4489000000000001,0.47532086245073973,0.4547531122765878,0.02056775017415191,0.018826312362971984,0.0034828756223598545,87.17932080427944,85.2705489554653,90.99686450190774
900953,2014-08-06,0.48,0.48,0.48,0.473,0.478,577478,274773.0,0.0,,,-0.004166666666666671,0.4782,0.4721000000000002,0.4605000000000002,0.4510666666666667,0.47608633032195696,0.4562530000693407,0.019833330252616244,0.019114031760013202,0.0014385969852060837,85.00126763296048,85.18078851463036,84.64222586962069
900953,2014-08-07,0.478,0.477,0.479,0.474,0.475,426810,203429.0,0.0,,,-0.006276150627615069,0.4774,0.4737000000000002,0.4623500000000002,0.4530666666666667,0.4757759502299693,0.4574625507641901,0.0183133994657792,0.018885279675946342,-0.0011437604203342819,78.00084508864029,82.78747403930033,68.4275871873202
900953,2014-08-08,0.475,0.475,0.478,0.472,0.473,350151,166107.0,0.0,,,-0.004210526315789478,0.4772,0.4751000000000002,0.4638000000000002,0.4549000000000002,0.4749828215928353,0.4584650186574847,0.0165178029353506,0.018208857750061848,-0.0033821096294224945,67.87357926544269,77.81617578134778,47.9883862336325
900953,2014-08-11,0.473,0.475,0.485,0.472,0.482,864591,415956.0,0.0,,,0.01902748414376335,0.4776000000000001,0.4765000000000002,0.4653500000000001,0.4566333333333335,0.47698772970916803,0.4599834779702265,0.017004251738941545,0.017864684604027476,-0.0017208657301718625,73.31922828222493,76.31719328164017,67.32329828339445
900953,2014-08-12,0.482,0.482,0.482,0.479,0.479,382900,183815.0,0.0,,,-0.006224066390041614,0.4774000000000001,0.4778000000000002,0.4667000000000001,0.4582666666666668,0.47756266407797715,0.46121040585562306,0.016352258222354088,0.01743256278069222,-0.0021606091166762667,66.82820347020123,73.15419667782719,54.17621705494932
900953,2014-08-13,0.479,0.483,0.508,0.483,0.495,2268687,1125384.0,0.0,,,0.033402922755741166,0.4808000000000002,0.4795000000000002,0.469,0.4604333333333334,0.4825447600556979,0.4633904719182442,0.019154288137453734,0.01792448431119551,0.002459607652516446,65.84843194309711,70.7189417662505,56.10741229679033
900953,2014-08-14,0.495,0.495,0.507,0.4920000000000001,0.5,983841,492686.0,0.0,,,0.010101010101010107,0.4858000000000001,0.4816000000000002,0.4719,0.4624,0.48753197146835564,0.46575247045281243,0.021779501015543212,0.019025917655294856,0.005507166720496712,69.82488055465734,70.42092136238611,68.6327989391998
900953,2014-08-15,0.5,0.5,0.507,0.493,0.506,1111520,559501.0,0.0,,,0.012000000000000007,0.4924000000000001,0.4848000000000002,0.47465,0.4645333333333334,0.4928085510488254,0.4683491814186948,0.024459369630130623,0.020578332505247935,0.007762074249765376,78.03140185125305,72.95774819200842,88.17870916974229
900953,2014-08-18,0.506,0.506,0.513,0.503,0.508,980428,498095.0,0.0,,,0.0039525691699604775,0.4976000000000001,0.4876000000000003,0.47745,0.4669000000000001,0.4971489650348753,0.4709073873654159,0.026241577669459448,0.02219640255216551,0.008090350234587873,81.28922725042887,75.73490787814858,92.39786599498944
900953,2014-08-19,0.508,0.508,0.512,0.502,0.506,800648,404982.0,0.0,,,-0.003937007874015752,0.5030000000000001,0.4902000000000003,0.4800000000000001,0.4690333333333335,0.4996778321677681,0.4731715002613579,0.02650633190641022,0.02342781093909257,0.006157041934635295,81.8350945897168,77.76830344867132,89.96867687180779
900953,2014-08-20,0.506,0.505,0.508,0.502,0.502,750599,379002.0,0.0,,,-0.007905138339920955,0.5044000000000001,0.4926000000000002,0.4823500000000001,0.4712000000000002,0.5003413086912629,0.47503145985573864,0.025309848835524285,0.023965536052358773,0.002688625566331024,78.9469736289169,78.16119350875317,80.51853386924432
900953,2014-08-21,0.502,0.505,0.508,0.4920000000000001,0.5,1092070,544903.0,0.0,,,-0.003984063745019925,0.5044000000000001,0.4951000000000003,0.4844000000000001,0.4732666666666668,0.5002437919223307,0.4766423790984201,0.023601412823910595,0.023861500844230724,-0.0005201760406402592,75.39554339488768,77.23931013746467,71.7080099097337
900953,2014-08-22,0.5,0.5,0.502,0.495,0.502,334950,167500.0,0.0,,,0.0040000000000000036,0.5035999999999999,0.4980000000000003,0.4865500000000002,0.4752000000000001,0.5007455656588077,0.4782783980439194,0.02246716761488826,0.02346311992156145,-0.0019919046133463764,72.81271520443492,75.76377849312142,66.91058862706191
900953,2014-08-25,0.502,0.503,0.503,0.494,0.495,717702,356146.0,0.0,,,-0.013944223107569731,0.501,0.4993000000000003,0.4879000000000001,0.4766666666666667,0.4991039754705769,0.4793572378483334,0.019746737622243493,0.022401296407470607,-0.005309117570454228,61.87514346962328,71.1342334852887,43.35696343829244
900953,2014-08-26,0.495,0.498,0.498,0.488,0.489,678149,334121.0,0.0,,,-0.012121212121212132,0.4975999999999999,0.5003000000000003,0.4890500000000002,0.4779000000000001,0.4962171253361264,0.4799793659795713,0.01623775935655508,0.020640285821494745,-0.008805052929879327,42.58342897974885,61.61729865010875,4.515689639029063
900953,2014-08-27,0.489,0.491,0.496,0.489,0.495,768000,378285.0,0.0,,,0.01226993865030676,0.4962,0.5003000000000003,0.4899000000000002,0.4794333333333334,0.4958693752400903,0.48094846019018533,0.014920915049904948,0.019006179886754803,-0.00817052967369971,37.72228598649924,53.65229442890558,5.8622691016865645
900953,2014-08-28,0.495,0.495,0.504,0.494,0.501,709365,354941.0,0.0,,,0.012121212121212132,0.4964,0.5004000000000003,0.4910000000000002,0.4814000000000001,0.4973352680286359,0.48224213420473777,0.015093133823898153,0.01788816672593862,-0.005590065804080932,42.48152399099949,49.928704282936884,27.587163407124706
900953,2014-08-29,0.501,0.5,0.506,0.5,0.506,490400,246564.0,0.0,,,0.009980039920159693,0.4972,0.5004000000000003,0.4926000000000002,0.4832333333333334,0.4998109057347399,0.4837749288740118,0.016035976860728107,0.01735896962159276,-0.002645985521729302,53.32101599399966,51.05947485329114,57.8440982754167
900953,2014-09-01,0.506,0.504,0.509,0.504,0.509,507600,257821.0,0.0,,,0.005928853754940714,0.4999999999999999,0.5005000000000004,0.4940500000000002,0.4851333333333334,0.5024363612391,0.4854023817552094,0.01703397948389057,0.01726611529653499,-0.0004642716252888368,68.8806773293331,56.99987567863846,92.64228063072238
900953,2014-09-02,0.509,0.509,0.511,0.506,0.51,506500,257602.0,0.0,,,0.0019646365422396877,0.5042,0.5009000000000003,0.4955500000000002,0.4869666666666667,0.5045974008850714,0.4869893512650307,0.017608049620040755,0.017363810817536636,0.000488477605008239,77.80450952390322,63.93475362706005,105.54402131758957
900953,2014-09-03,0.51,0.51,0.51,0.505,0.506,706250,358225.0,0.0,,,-0.007843137254901971,0.5064,0.5013000000000003,0.4969500000000002,0.4886666666666668,0.5049981434893367,0.48821586381708004,0.01678227967225665,0.017197659061742355,-0.0008307587789714091,77.9566295376746,68.60871226393157,96.65246408516069
900953,2014-09-04,0.506,0.508,0.508,0.504,0.507,572900,290145.0,0.0,,,0.0019762845849802388,0.5076,0.5020000000000003,0.4985500000000002,0.4902666666666667,0.5055701024923833,0.4894277612120374,0.016142341280345918,0.016896139695629087,-0.0015075968305663379,79.50731824250771,72.24158092345694,94.03879288060924
900953,2014-09-05,0.507,0.506,0.513,0.506,0.51,940088,479290.0,0.0,,,0.0059171597633136145,0.5084,0.5028000000000004,0.5004000000000002,0.4919666666666667,0.5068357874945595,0.49075502049818803,0.016080766996371454,0.016663176067269764,-0.001164818141796621,82.3382121616718,75.60712466952856,95.8003871459583
900953,2014-09-09,0.51,0.51,0.512,0.506,0.509,469150,238403.0,0.0,,,-0.0019607843137254928,0.5084,0.5042000000000003,0.5017500000000001,0.4933333333333334,0.5074541339246853,0.4919321309451295,0.015522002979555805,0.016337126613637204,-0.0016302472681627989,82.66991921889232,77.96138951931648,92.08697861804399
900953,2014-09-10,0.509,0.509,0.509,0.504,0.507,675801,342188.0,0.0,,,-0.003929273084479375,0.5077999999999999,0.5060000000000003,0.5031500000000002,0.4947000000000001,0.5073243813747752,0.49290426311434044,0.014420118260434767,0.01578940994129365,-0.0027385833617177696,77.9202970231212,77.94769202058473,77.86550702819414
900953,2014-09-11,0.507,0.506,0.516,0.505,0.511,1809760,924562.0,0.0,,,0.00788954635108482,0.5087999999999999,0.5076000000000003,0.5039500000000002,0.4958000000000001,0.5083745581248393,0.4940717430255862,0.01430281509925313,0.015364668557853501,-0.002123706917200742,74.86353134874746,76.91963846330565,70.75131711963107
900953,2014-09-12,0.511,0.509,0.518,0.508,0.516,1045936,537319.0,0.0,,,0.00978473581213308,0.5105999999999999,0.5091000000000003,0.5047500000000003,0.4970333333333334,0.5105532558034567,0.4954864840363894,0.015066771767067277,0.015279555189057437,-0.0004255668439803184,78.48044947059354,77.43990879906828,80.56153081364405
900953,2014-09-15,0.516,0.516,0.532,0.516,0.528,1873751,985747.0,0.0,,,0.0232558139534884,0.5142,0.5113000000000003,0.5058500000000002,0.4988333333333335,0.5155380398596119,0.49758415069284123,0.017953889166770653,0.01604365061126121,0.0038204771110188843,80.89172821849093,78.59051527220916,85.49415411105446
900953,2014-09-16,0.528,0.528,0.5329999999999999,0.513,0.515,1606170,841050.0,0.0,,,-0.02462121212121214,0.5154,0.5119000000000002,0.5062000000000003,0.5000000000000001,0.5153843141854371,0.49870776412890494,0.016676550056532125,0.01622447902419576,0.0009041420646727291,66.57149697324688,74.58417583922174,50.54613924129714
900953,2014-09-17,0.515,0.512,0.519,0.512,0.519,852028,440301.0,0.0,,,0.0077669902912621425,0.5178,0.5128000000000003,0.5068500000000002,0.5013000000000001,0.5164173672753122,0.5000169518144864,0.016400415460825823,0.016274746577518633,0.0002513377666143804,61.622377292509476,70.26357632365098,44.339979230226476
900953,2014-09-18,0.519,0.519,0.529,0.519,0.528,948700,498305.0,0.0,,,0.017341040462427758,0.5212,0.5150000000000002,0.5081500000000003,0.5029666666666668,0.5197266909109373,0.5018223241816415,0.01790436672929574,0.016740352335169236,0.0023280287882530074,68.66779175822482,69.73164813517559,66.54007900432327
900953,2014-09-19,0.528,0.53,0.534,0.527,0.5329999999999999,1363000,724598.0,0.0,,,0.009469696969696769,0.5246,0.5176000000000002,0.5098000000000003,0.5049000000000001,0.5235190649363838,0.503833802167046,0.019685262769337797,0.017581755316360255,0.004207014905955084,78.00075006103866,72.48801544379661,89.02621929552274
900953,2014-09-22,0.5329999999999999,0.528,0.53,0.52,0.522,1251866,657087.0,0.0,,,-0.020637898686678983,0.5233999999999999,0.5188000000000003,0.5108000000000003,0.5065333333333334,0.5230850463831312,0.505005823122605,0.018079223260526245,0.017723889014693395,0.0007106684916656988,72.00050004069244,72.32551030942857,71.35047950322021
900953,2014-09-23,0.522,0.521,0.526,0.518,0.526,962750,503938.0,0.0,,,0.007662835249042151,0.5256,0.5205000000000002,0.5123500000000003,0.5080000000000001,0.5239178902736652,0.5063602950035814,0.017557595270083826,0.01767637651623352,-0.00023756249229938547,72.13826439494439,72.26309500460052,71.88860317563214
900953,2014-09-24,0.526,0.525,0.54,0.519,0.539,1822009,975702.0,0.0,,,0.024714828897338424,0.5296,0.5237000000000002,0.5148500000000003,0.5100000000000001,0.5282270644811894,0.5084660953037744,0.01976096917741499,0.018271974419428225,0.002977989515973528,80.38384292996292,74.97001097972132,91.21150683044613
900953,2014-09-25,0.539,0.54,0.541,0.534,0.537,841401,452814.0,0.0,,,-0.0037105751391465712,0.5313999999999999,0.5263000000000002,0.5169500000000002,0.5114000000000002,0.5307336174865639,0.5103070029151859,0.020426614571377955,0.01888758589141386,0.0030780573599281866,82.32486080388333,77.42162758777532,92.13132723609934
900953,2014-09-26,0.537,0.535,0.54,0.5329999999999999,0.537,572890,307135.0,0.0,,,0.0,0.5321999999999999,0.5284000000000002,0.5187500000000004,0.5126333333333336,0.5325240124904027,0.5120291409781869,0.02049487151221585,0.019346810354500147,0.002296122315431408,83.61887271983026,79.48737596512696,91.88186622923686
900953,2014-09-29,0.537,0.537,0.544,0.537,0.542,572600,309829.0,0.0,,,0.009310986964618257,0.5361999999999998,0.5298000000000002,0.5205500000000003,0.5138333333333336,0.5352314374931447,0.5139627544691211,0.021268683024023627,0.019895916831506856,0.0027455323850335417,86.99591514655351,81.99022235893581,97.00730072178894
900953,2014-09-30,0.542,0.542,0.542,0.5379999999999999,0.542,519640,280820.0,0.0,,,0.0,0.5393999999999999,0.5325000000000002,0.5222000000000003,0.5149666666666668,0.5371653124951034,0.5157716174934451,0.02139369500165822,0.020323853451550106,0.0021396831002162275,88.76650753359978,84.2489840838238,97.80155443315172
900953,2014-10-08,0.542,0.542,0.556,0.539,0.5539999999999999,1465304,805905.0,0.0,,,0.02214022140221384,0.5423999999999998,0.5360000000000003,0.5244000000000003,0.5165666666666667,0.5419752232107881,0.5182379755606056,0.02373724765018248,0.02129910893687364,0.004876277426617684,90.75661905748747,86.4181957417117,99.43346568903902
900953,2014-10-09,0.5539999999999999,0.5539999999999999,0.5539999999999999,0.53,0.5429999999999999,1384437,750244.0,0.0,,,-0.019855595667870055,0.5435999999999999,0.5375000000000002,0.5262500000000003,0.5179333333333334,0.5422680165791343,0.5198355320739471,0.0224324845051872,0.02162293052782037,0.0016191079547336618,82.43423726639506,85.09020958327282,77.12229263263953
900953,2014-10-10,0.5429999999999999,0.541,0.541,0.53,0.5329999999999999,766273,409047.0,0.0,,,-0.018416206261510148,0.5427999999999998,0.5375000000000002,0.5275500000000003,0.5190333333333333,0.5396200118422387,0.5206848558426381,0.018935155999600606,0.020854994948329007,-0.003839677897456803,68.11405291443872,79.43149069366144,45.479177355993244
900953,2014-10-13,0.5329999999999999,0.532,0.539,0.528,0.534,813920,432779.0,0.0,,,0.0018761726078801355,0.5411999999999999,0.5387000000000002,0.5287500000000003,0.5201,0.5380142941730276,0.5215439004832363,0.016470393689791307,0.01960225173160395,-0.006263716083625283,58.922882123139324,72.59528783682073,31.578070695776518
900953,2014-10-14,0.534,0.534,0.537,0.521,0.525,638760,337905.0,0.0,,,-0.016853932584269676,0.5377999999999998,0.5386000000000002,0.5295500000000003,0.5211,0.5342959244093054,0.52176687539398,0.012529049015325366,0.017581336669810068,-0.010104575308969403,43.09144522495003,62.760673632863835,3.752988409122409
900953,2014-10-15,0.525,0.523,0.53,0.522,0.53,659102,346736.0,0.0,,,0.009523809523809532,0.5329999999999999,0.5377000000000003,0.5307000000000003,0.5224666666666666,0.5330685174352181,0.5222980463911552,0.010770471044062924,0.01563537506245374,-0.009729808036781633,37.299058721395255,54.273468662374306,3.3502388394371536
900953,2014-10-16,0.53,0.528,0.528,0.52,0.522,684250,358024.0,0.0,,,-0.015094339622641522,0.5287999999999998,0.5362000000000002,0.5312500000000003,0.5233666666666666,0.5299060838822987,0.5222788175352467,0.007627266347051909,0.01334734400091036,-0.011440155307716901,26.717890999448688,45.08827610806577,-10.022879217785473
900953,2014-10-17,0.522,0.522,0.524,0.508,0.513,862501,444630.0,0.0,,,-0.01724137931034484,0.5247999999999998,0.5338000000000003,0.5311000000000003,0.5237666666666666,0.5250757742016419,0.5216801825010025,0.003395591700639411,0.010503986200832946,-0.01421678900038707,21.284149555188012,37.153567257106516,-10.454685848648992
900953,2014-10-20,0.513,0.508,0.523,0.508,0.521,455700,236791.0,0.0,,,0.015594541910331397,0.5221999999999998,0.5317000000000003,0.5307500000000004,0.5242666666666665,0.5239112672868871,0.5216362996462043,0.0022749676406828012,0.008152838040790046,-0.011755740800214489,23.217210814569786,32.50811510959427,4.635402224520817
900953,2014-10-21,0.521,0.516,0.525,0.514,0.514,529400,274597.0,0.0,,,-0.013435700575815751,0.5199999999999998,0.5289000000000004,0.5307000000000003,0.5244333333333332,0.5210794766334907,0.5211436339682365,-6.415733474574026e-05,0.0058051250763512495,-0.01173856482219398,19.825966630003055,28.280732283063866,2.916435323881437
900953,2014-10-22,0.514,0.513,0.521,0.511,0.512,412204,212428.0,0.0,,,-0.0038910505836575906,0.5163999999999997,0.5247000000000004,0.5303500000000003,0.5245,0.5184853404524934,0.5205537207723288,-0.002068380319835361,0.0035555521060122177,-0.011247864851695159,17.257715127072743,24.60639323106683,2.560358919084571
900953,2014-10-23,0.512,0.512,0.516,0.508,0.511,530600,271868.0,0.0,,,-0.0019531250000000017,0.5141999999999998,0.5215000000000003,0.5295000000000003,0.5246666666666666,0.5163466717517811,0.5199373503931911,-0.00359067864141005,0.0015137718924629982,-0.010208901067746096,14.7309498696614,21.31457877726502,1.5636920544541582
900953,2014-10-24,0.511,0.512,0.521,0.512,0.516,363005,187600.0,0.0,,,0.00978473581213308,0.5147999999999998,0.5198000000000004,0.5286500000000003,0.5249666666666667,0.5162476226798436,0.5196833272871154,-0.003435704607271828,9.963574968161907e-05,-0.007070680713906894,19.016035545291505,20.548397699940512,15.951311235993494
900953,2014-10-27,0.516,0.516,0.52,0.51,0.517,281800,145132.0,0.0,,,0.0019379844961240327,0.5139999999999998,0.5181000000000004,0.5284000000000002,0.5252000000000001,0.5164625876284598,0.5195102090788148,-0.003047621450355087,-0.0007995805931860113,-0.004496081714338151,26.313720666557973,22.470172022146333,34.00081795538126
900953,2014-10-28,0.517,0.502,0.514,0.501,0.514,2213727,1121775.0,0.0,,,-0.005802707930367509,0.5139999999999997,0.5170000000000005,0.5278000000000003,0.5253666666666668,0.5157589911631856,0.519154711106454,-0.0033957199432683716,-0.0015413346932095428,-0.0037087705001176575,33.59186316042136,26.177402401571342,48.42078467812141
900953,2014-10-29,0.514,0.512,0.523,0.51,0.517,1239045,641896.0,0.0,,,0.005836575875486387,0.5149999999999997,0.5157000000000005,0.5267000000000002,0.5257000000000001,0.5161135651165611,0.5190156972626462,-0.0029021321460850347,-0.0019301339654596832,-0.0019439963612507029,44.61679766250313,32.32386748854861,69.20265801041218
900953,2014-10-30,0.517,0.517,0.52,0.513,0.519,459900,237590.0,0.0,,,0.00386847195357834,0.5165999999999997,0.5154000000000004,0.5258000000000002,0.5259666666666668,0.5169382607975437,0.5190146845344971,-0.002076423736953381,-0.001971931043029311,-0.00020898538784813996,54.74453177500209,39.79742225069977,84.63875082360673
900953,2014-10-31,0.519,0.519,0.521,0.513,0.517,431110,222669.0,0.0,,,-0.0038535645472061687,0.5167999999999997,0.5158000000000005,0.5248000000000002,0.5260000000000001,0.516955900569674,0.5188847047037903,-0.0019288041341163353,-0.0019596090690541753,6.160986987567996e-05,58.71857673889028,46.10447374676327,83.9467827231443
900953,2014-11-03,0.517,0.52,0.522,0.515,0.52,550648,285668.0,0.0,,,0.005802707930367509,0.5173999999999996,0.5157000000000005,0.5237,0.5257333333333335,0.5178256432640528,0.5189566593339652,-0.001131016069912394,-0.0017228682121565235,0.0011837042844882592,67.93359661380565,53.3808480357774,97.03909376986213
900953,2014-11-04,0.52,0.521,0.521,0.509,0.511,665810,342061.0,0.0,,,-0.017307692307692326,0.5167999999999997,0.5154000000000004,0.5221500000000001,0.5256000000000002,0.5158754594743235,0.5184433258401233,-0.0025678663657998646,-0.001964296256054621,-0.0012071402194904872,60.44057956071892,55.73409187742457,69.85355492730763
900953,2014-11-05,0.511,0.511,0.515,0.507,0.509,385560,197285.0,0.0,,,-0.003913894324853232,0.5151999999999998,0.5151000000000006,0.5199,0.5252666666666668,0.5139110424816596,0.5178340783082735,-0.003923035826613908,-0.0025239361333572745,-0.002798199386513266,52.41493182835807,54.6277051944024,47.9893850962694
900953,2014-11-06,0.509,0.509,0.516,0.508,0.509,265203,135265.0,0.0,,,0.0,0.5131999999999997,0.5149000000000006,0.5182000000000001,0.5246333333333334,0.5125078874868998,0.5172641371566417,-0.004756249669741863,-0.0031617400008957285,-0.0031890193376922695,47.064500006784165,52.10663679852966,36.98022642329319
900953,2014-11-07,0.509,0.511,0.513,0.505,0.505,311200,158579.0,0.0,,,-0.007858546168958749,0.5107999999999997,0.5138000000000005,0.5168000000000001,0.5237000000000002,0.510362776776357,0.5164729017018704,-0.006110124925513438,-0.004004135693643646,-0.004211978463739585,37.43693939846217,47.21673766517383,17.877342865038855
900953,2014-11-10,0.505,0.511,0.513,0.506,0.509,394400,200804.0,0.0,,,0.007920792079207928,0.5085999999999997,0.5130000000000006,0.5155500000000002,0.5232666666666668,0.5099734119831122,0.5159907785556955,-0.006017366572583338,-0.004579344516197844,-0.002876044112770988,32.36536700638219,42.26628077890995,12.56353946132667
900953,2014-11-11,0.509,0.509,0.514,0.498,0.501,888038,449203.0,0.0,,,-0.015717092337917498,0.5065999999999996,0.5117000000000005,0.5143500000000001,0.5224333333333334,0.5074095799879372,0.5150236306968773,-0.007614050708940057,-0.005446403428409905,-0.004335294561060304,25.743578004254797,36.75871318735823,3.7133076380479224
900953,2014-11-12,0.501,0.501,0.507,0.5,0.503,649820,326727.0,0.0,,,0.003992015968063875,0.5053999999999996,0.5103000000000005,0.5130000000000001,0.5212333333333334,0.5061496999913838,0.5142479119457071,-0.008098211954323253,-0.00620406300724229,-0.0037882978941619263,24.10682978061431,32.54141871844359,7.237651904955754
900953,2014-11-13,0.503,0.507,0.507,0.4920000000000001,0.494,589100,292273.0,0.0,,,-0.017892644135188884,0.5023999999999996,0.5078000000000005,0.5116000000000002,0.5198000000000002,0.5026783571367027,0.5129415940350821,-0.01026323689837938,-0.007363826976138602,-0.005798819844481556,18.29344207596498,27.792093170950718,-0.7038601140064955
900953,2014-11-14,0.494,0.494,0.498,0.49,0.491,518700,255947.0,0.0,,,-0.006072874493927132,0.4995999999999997,0.5052000000000004,0.5105000000000002,0.5182666666666668,0.49934168366907344,0.5115260062983551,-0.012184322629281652,-0.008741111448465188,-0.006886422361632928,13.27089686784762,22.951694403249686,-6.09069820295651
900953,2014-11-17,0.491,0.4920000000000001,0.499,0.4920000000000001,0.498,288073,142786.0,0.0,,,0.014256619144602863,0.4973999999999997,0.5030000000000004,0.5093500000000001,0.5168000000000001,0.49895834547790957,0.5106533601397417,-0.011695014661832148,-0.009585083795141463,-0.004219861733381371,19.103674834975337,21.6690212138249,13.972982077276207
900953,2014-11-18,0.498,0.498,0.5,0.495,0.4970000000000001,179150,88996.0,0.0,,,-0.0020080321285139468,0.4965999999999998,0.5016000000000005,0.5085000000000001,0.5153000000000002,0.4983988181985069,0.509772497637187,-0.011373679438680118,-0.010096111121866792,-0.0025551366336266507,21.710142197676007,21.682728208441933,21.764970176144153
900953,2014-11-19,0.4970000000000001,0.4970000000000001,0.501,0.4920000000000001,0.5,210600,104898.0,0.0,,,0.006036217303822832,0.4959999999999998,0.5007000000000004,0.5079,0.5135000000000002,0.4988562987132192,0.5091420135449963,-0.010285714831777149,-0.010150283610412609,-0.0002708624427290793,28.362317020672894,23.90925781251892,37.268435436980845
900953,2014-11-20,0.5,0.5,0.502,0.495,0.502,261400,130560.0,0.0,,,0.0040000000000000036,0.4975999999999999,0.5000000000000003,0.5074500000000002,0.5121333333333336,0.49975449908087083,0.5086812382221125,-0.008926739141241702,-0.00980069947636378,0.0017479206702441553,35.57487801378193,27.797797879606588,51.129038282132605
900953,2014-11-21,0.502,0.504,0.505,0.5,0.505,354902,178613.0,0.0,,,0.005976095617529886,0.5003999999999998,0.5000000000000003,0.5069000000000001,0.5112000000000002,0.5012532136291934,0.5084437388587962,-0.00719052522960284,-0.009054935405860654,0.0037288203525156285,44.54991867585462,33.3818381450226,66.88607973751866
900953,2014-11-24,0.505,0.508,0.52,0.506,0.516,1315663,675196.0,0.0,,,0.0217821782178218,0.5039999999999999,0.5007000000000004,0.5068500000000002,0.5106000000000003,0.5054665811637096,0.5089312398141155,-0.003464658650405905,-0.007457713475730725,0.00798610965064964,58.58883467279197,41.78417032094572,92.19816337648447
900953,2014-11-25,0.516,0.516,0.525,0.512,0.52,1537200,795979.0,0.0,,,0.007751937984496131,0.5085999999999998,0.5026000000000003,0.5071500000000002,0.5104333333333335,0.5096189865455069,0.5096453536986243,-2.636715311743476e-05,-0.005334471669269784,0.010616209032304699,67.63065168662321,50.399664109504876,102.0926268408599
900953,2014-11-26,0.52,0.524,0.524,0.517,0.518,717520,372828.0,0.0,,,-0.0038461538461538494,0.5121999999999998,0.5041000000000002,0.5072000000000003,0.5100333333333336,0.5120135618182192,0.5101843633662899,0.0018291984519293036,-0.0032877087774986157,0.01023381445885584,71.75376779108214,57.51769867003063,100.22590603318515
900953,2014-11-27,0.518,0.517,0.522,0.517,0.518,532750,276753.0,0.0,,,0.0,0.5153999999999999,0.5065000000000002,0.5071500000000003,0.5099000000000002,0.5137239727272994,0.5106885981881081,0.003035374539191338,-0.0014811135441586288,0.009032976166699933,74.098471456681,63.04462293224742,96.20616850554813
900953,2014-11-28,0.518,0.516,0.522,0.512,0.515,766260,394899.0,0.0,,,-0.005791505791505796,0.5173999999999999,0.5089000000000002,0.5070500000000003,0.5099666666666669,0.514088551948071,0.5109667532470725,0.0031217987009984904,-0.00016599575982802306,0.006575588921653027,72.63130420344386,66.24018335597957,85.41354589837246
900953,2014-12-01,0.515,0.514,0.519,0.508,0.508,704900,361152.0,0.0,,,-0.01359223300970875,0.5157999999999998,0.5099000000000002,0.5064500000000004,0.5095333333333336,0.5123489656771936,0.5107753497452432,0.0015736159319503784,0.00033103615210866317,0.0024851595596834305,64.58248563057867,65.68761744751261,62.372221996710806
900953,2014-12-02,0.508,0.508,0.513,0.507,0.511,292411,149507.0,0.0,,,0.005905511811023627,0.5139999999999999,0.5113000000000002,0.5064500000000004,0.5094333333333336,0.5119635469122811,0.5107898433147794,0.0011737035975016852,0.0005717982793638123,0.0012038106362757457,60.83276819816356,64.06933436439625,54.35963586569818
900953,2014-12-03,0.511,0.511,0.52,0.511,0.517,1007700,519815.0,0.0,,,0.011741682974559695,0.5137999999999998,0.5130000000000002,0.5068500000000004,0.5096000000000003,0.5134025335087722,0.5111904987066755,0.0022120348020966407,0.0010404372858589062,0.002343195032475469,63.22184546544238,63.78683806474496,62.0918602668372
900953,2014-12-04,0.517,0.518,0.555,0.518,0.547,5203525,2800127.0,0.0,,,0.0580270793036751,0.5195999999999998,0.5175000000000003,0.5087500000000004,0.5108000000000003,0.523001809649123,0.5135007897701596,0.009501019878963457,0.003457746598174492,0.01208654656157793,70.03905343954662,65.87090985634552,78.37534060594882
900953,2014-12-05,0.547,0.547,0.5489999999999999,0.524,0.536,2230930,1188970.0,0.0,,,-0.020109689213893986,0.5237999999999998,0.5206000000000002,0.5103000000000003,0.5114666666666671,0.5267155783208022,0.514952352106907,0.01176322621389514,0.005830740774094677,0.011864970879600924,66.83159118191996,66.19113696487034,68.11249961601919
900953,2014-12-08,0.536,0.536,0.539,0.529,0.5379999999999999,1272269,680729.0,0.0,,,0.0037313432835818852,0.5297999999999997,0.5228000000000003,0.5117500000000004,0.5121666666666671,0.529939698800573,0.5164392975025838,0.01350040129798924,0.008022072352350267,0.010956657891277945,66.08217189905768,66.15481527626612,65.9368851446408
900953,2014-12-09,0.5379999999999999,0.5379999999999999,0.5379999999999999,0.522,0.523,1796000,950508.0,0.0,,,-0.02788104089219313,0.5321999999999998,0.5231000000000001,0.5128500000000004,0.5124666666666671,0.527956927714695,0.5168625687300619,0.01109435898463318,0.008899868533002528,0.004388980903261303,55.16589237714957,62.4918409765606,40.513995178327505
900953,2014-12-10,0.523,0.522,0.5479999999999999,0.518,0.546,2405958,1294580.0,0.0,,,0.04397705544933082,0.5379999999999998,0.5259000000000003,0.5150000000000003,0.5134333333333336,0.5331120912247822,0.5187424034152451,0.014369687809537068,0.010462674040583824,0.007814027537906488,63.86059491809971,62.948092290406976,65.68560017348517
900953,2014-12-11,0.546,0.545,0.5489999999999999,0.537,0.544,1315356,712534.0,0.0,,,-0.0036630036630036656,0.5373999999999998,0.5285000000000003,0.5175000000000003,0.5142666666666671,0.5362229223034158,0.5203719261077879,0.01585099619562791,0.012002194656310706,0.007697603078634405,68.26817438984425,64.7214529902194,75.36161718909392
900953,2014-12-12,0.544,0.5479999999999999,0.55,0.54,0.544,1015751,554297.0,0.0,,,0.0,0.5389999999999998,0.5314000000000003,0.5201500000000003,0.5151666666666671,0.5384449445024398,0.5218963182625513,0.01654862623988851,0.013301175108761509,0.006494902262254,71.20656070434062,66.88315556159314,79.85337098983555
900953,2014-12-15,0.544,0.544,0.55,0.542,0.5489999999999999,1027908,562363.0,0.0,,,0.009191176470588041,0.5411999999999998,0.5355000000000003,0.5227000000000004,0.5161333333333338,0.5414606746445999,0.5236449432027745,0.017815731441825355,0.014591048346779751,0.006449366190091208,76.25891925743912,70.00841012687513,88.75993751856709
900953,2014-12-16,0.5489999999999999,0.551,0.5539999999999999,0.541,0.5429999999999999,970910,530507.0,0.0,,,-0.01092896174863389,0.5451999999999997,0.5387000000000003,0.5250000000000004,0.5172000000000004,0.541900481889,0.52489365675296,0.017006825136040016,0.015281270286568397,0.0034511096989432374,73.36180202748183,71.12620742707736,77.83299122829078
900953,2014-12-17,0.5429999999999999,0.5429999999999999,0.5479999999999999,0.536,0.541,923010,499877.0,0.0,,,-0.003683241252301825,0.5441999999999997,0.5411000000000004,0.5270500000000004,0.5182666666666671,0.5416432013492857,0.5259327758343784,0.01571042551490731,0.015403886066093801,0.0006130788976270209,70.20416431461759,70.8188597229241,68.97477349800457
900953,2014-12-18,0.541,0.541,0.545,0.5329999999999999,0.541,720100,389897.0,0.0,,,0.0,0.5435999999999996,0.5405000000000004,0.5290000000000004,0.5193333333333338,0.5414594295352041,0.5269048549547993,0.014554574580404767,0.01516122564161122,-0.0012133021224129056,68.09907250604142,69.91226398396321,64.47268955019786
900953,2014-12-19,0.541,0.54,0.5429999999999999,0.526,0.536,1565939,836039.0,0.0,,,-0.009242144177449176,0.5419999999999996,0.5405000000000004,0.5305500000000003,0.5203666666666671,0.5398995925251457,0.5274916385862856,0.012407953938860183,0.014374576583682352,-0.003933245289644338,62.066048337360996,67.29685876842915,51.604427475224696
900953,2014-12-22,0.536,0.531,0.539,0.52,0.521,976300,513689.0,0.0,,,-0.02798507462686569,0.5363999999999997,0.5388000000000004,0.5308000000000004,0.520766666666667,0.5344997089465326,0.5270728231400839,0.007426885806448791,0.012389522075901334,-0.009925272538905086,44.155143336018455,59.58295362429225,13.299522759470861
900953,2014-12-23,0.521,0.528,0.5379999999999999,0.522,0.522,666400,353133.0,0.0,,,0.0019193857965451074,0.5321999999999996,0.5387000000000005,0.5309000000000004,0.5214666666666671,0.5309283635332376,0.5267455441886827,0.004182819344554889,0.010044749866945207,-0.011723861044780636,31.3975465377378,50.1878179287741,-6.182996244334802
900953,2014-12-24,0.522,0.523,0.53,0.522,0.529,312301,164450.0,0.0,,,0.013409961685823766,0.5297999999999996,0.5370000000000005,0.5314500000000003,0.5223333333333338,0.5303774025237412,0.5268909929669745,0.003486409556766712,0.00817093834975135,-0.009369057585969277,29.755227103589935,43.37695432037938,2.511772670011041
900953,2014-12-25,0.529,0.53,0.535,0.528,0.532,284708,151027.0,0.0,,,0.0056710775047259035,0.5279999999999996,0.5358000000000004,0.5321500000000003,0.5236000000000004,0.5308410018026722,0.5272206063584387,0.0036203954442335373,0.006870783233889117,-0.00650077557931116,31.60152395141294,39.45181086405724,15.900950126124343
900953,2014-12-26,0.532,0.531,0.5379999999999999,0.53,0.535,520211,278957.0,0.0,,,0.005639097744360907,0.5277999999999996,0.5349000000000004,0.5331500000000002,0.5250666666666671,0.5320292870019088,0.5277225027715463,0.004306784230362459,0.006138212090024357,-0.0036628557193237963,35.77356498721652,38.22572890511033,30.86923715142889
900953,2014-12-29,0.535,0.54,0.545,0.532,0.536,944166,509518.0,0.0,,,0.0018691588785046747,0.5307999999999996,0.5336000000000004,0.5345500000000003,0.5263333333333339,0.5331637764299348,0.5282565348997105,0.004907241530224371,0.0057865062157957895,-0.001758529371142837,42.896662372430136,39.78270672755027,49.12457366218986
900953,2014-12-30,0.536,0.5329999999999999,0.537,0.524,0.529,458442,243318.0,0.0,,,-0.013059701492537323,0.5321999999999996,0.5322000000000003,0.5354500000000003,0.5274000000000005,0.531974126021382,0.5283045003941612,0.0036696256272208405,0.005181683190488662,-0.003024115126535642,40.597774914953426,40.054396123351324,41.68453249815764
900953,2014-12-31,0.529,0.5329999999999999,0.541,0.525,0.54,711000,379869.0,0.0,,,0.020793950850661644,0.5343999999999995,0.5321000000000004,0.5366000000000003,0.5287333333333338,0.5342672328724157,0.5290590488163041,0.0052081840561116755,0.005189254866380951,3.785837946144836e-05,53.73184994330228,44.61354739666831,71.96845503657022
900953,2015-01-05,0.54,0.5379999999999999,0.546,0.531,0.544,1118290,605592.0,0.0,,,0.007407407407407414,0.5367999999999996,0.5324000000000003,0.5364500000000003,0.5301333333333339,0.537048023480297,0.5300229812230093,0.007025042257287728,0.0057137655494971734,0.002622553415581109,66.59046406476563,51.93918628603408,95.89301962222872
900953,2015-01-06,0.544,0.54,0.547,0.536,0.544,580318,313785.0,0.0,,,0.0,0.5385999999999995,0.5332000000000005,0.5368500000000004,0.5314333333333338,0.5390343024859264,0.5309247244331604,0.00810957805276602,0.006398283407573987,0.003422589290384066,73.72697604317709,59.201782871748414,102.77736238603443
900953,2015-01-07,0.544,0.544,0.545,0.534,0.539,569600,307037.0,0.0,,,-0.009191176470588244,0.5391999999999996,0.5350000000000004,0.5369000000000004,0.5322000000000005,0.5390245017756617,0.5314457099877862,0.007578791787875572,0.006735571516231583,0.001686440543287978,71.81798402878472,63.407183257427185,88.63958557149978
900953,2015-01-08,0.539,0.539,0.539,0.5329999999999999,0.535,356000,190481.0,0.0,,,-0.0074211502782931425,0.5403999999999997,0.5363000000000004,0.5375000000000003,0.5327000000000004,0.5378746441254727,0.5316750190349075,0.006199625090565153,0.006582443966041174,-0.0007656377509520414,63.82068500469706,63.545017173183815,64.37202066772356
900953,2015-01-09,0.535,0.535,0.539,0.5329999999999999,0.536,334800,179711.0,0.0,,,0.0018691588785046747,0.5395999999999996,0.5370000000000005,0.5370000000000004,0.5333000000000004,0.5373390315181947,0.531954050080936,0.00538498143725874,0.0062403118149604786,-0.0017106607554034769,59.938427684290794,62.34282067688614,55.129641699100105
900953,2015-01-12,0.536,0.5329999999999999,0.537,0.528,0.528,697500,371521.0,0.0,,,-0.014925373134328368,0.5363999999999997,0.5366000000000005,0.5362000000000003,0.5336333333333337,0.5346707367987105,0.5316989500620111,0.0029717867366994,0.0053064475068858846,-0.004669321540372969,45.75605323880256,56.81389819752494,23.640363321357782
900953,2015-01-13,0.528,0.528,0.535,0.528,0.534,283550,151034.0,0.0,,,0.011363636363636373,0.5343999999999997,0.5365000000000004,0.5357000000000004,0.5342666666666671,0.5344790977133645,0.5318474049041801,0.002631692809184405,0.004542231878971176,-0.0038210781395735423,44.99678911572344,52.874861836924445,29.24064367332143
900953,2015-01-14,0.534,0.5329999999999999,0.536,0.532,0.534,238400,127238.6,0.0,,,0.0,0.5333999999999997,0.5363000000000004,0.5349500000000005,0.5351333333333337,0.5343422126524032,0.5319862820136648,0.0023559306387384016,0.0039175743817618115,-0.0031232874860468197,43.63422304684593,49.79464890689828,31.313371326741233
900953,2015-01-15,0.534,0.532,0.537,0.532,0.535,283101,151318.0,0.0,,,0.001872659176029964,0.5333999999999997,0.5369000000000005,0.5345500000000005,0.5359333333333337,0.5345301518945738,0.5321807154406886,0.0023494364538851897,0.003469534973797062,-0.0022401970398237443,41.37018378561658,46.98649386647105,30.137563623907653
900953,2015-01-16,0.535,0.537,0.537,0.53,0.531,487817,259817.0,0.0,,,-0.007476635514018699,0.5323999999999998,0.5360000000000005,0.5340500000000005,0.5364000000000003,0.5335215370675527,0.5321045402478329,0.0014169968197197402,0.0028830955012035414,-0.0029321973629676023,32.84328041848123,42.272089383807774,13.985662487828137
900953,2015-01-19,0.531,0.521,0.531,0.504,0.51,1154809,598930.0,0.0,,,-0.03954802259887009,0.5287999999999997,0.5326000000000004,0.5325000000000004,0.5351666666666671,0.5268010979053948,0.5306784408221213,-0.0038773429167265894,0.0009515416675092181,-0.009657769168471615,26.77356905947529,37.105915942363616,6.108875293698631
900953,2015-01-20,0.51,0.511,0.522,0.511,0.518,563710,292524.97,0.0,,,0.015686274509803942,0.5255999999999998,0.5300000000000005,0.5316000000000005,0.5345666666666671,0.5242864985038534,0.5298604768686649,-0.005573978364811438,-0.0009128926274395411,-0.009322171474743794,31.18237937298353,35.13140375257026,23.28433061381007
900953,2015-01-21,0.518,0.525,0.527,0.52,0.526,555900,291070.0,0.0,,,0.015444015444015457,0.5239999999999998,0.5287000000000004,0.5318500000000005,0.5341666666666671,0.5247760703598953,0.5296114138364918,-0.004835343476596532,-0.0020335928700558246,-0.005603501213081415,41.7406338677033,37.3344804576146,50.55294068788069
900953,2015-01-22,0.526,0.528,0.53,0.522,0.528,274702,144596.0,0.0,,,0.0038022813688212962,0.5225999999999998,0.5280000000000005,0.5321500000000005,0.5343333333333337,0.5256971931142109,0.5295074516502168,-0.003810258536005917,-0.002541211631755851,-0.0025380938085001322,52.06951348755978,42.246158134263,71.71622419415334
900953,2015-01-23,0.528,0.528,0.53,0.523,0.526,199200,104881.0,0.0,,,-0.0037878787878787906,0.5215999999999998,0.5270000000000005,0.5320000000000005,0.5336666666666671,0.5257837093672936,0.5292811644403075,-0.003497455073013911,-0.002814424043543868,-0.0013660620589400858,56.93523121392874,47.142515827484914,76.52066198681638
900953,2015-01-26,0.526,0.528,0.531,0.526,0.53,550909,291541.96,0.0,,,0.0076045627376425924,0.5255999999999998,0.5272000000000006,0.5319000000000005,0.5332000000000003,0.5269883638337811,0.5293275409293082,-0.002339177095527112,-0.002678639201253366,0.0006789242114525083,64.21944707191209,52.83482624229398,86.98868873114829
900953,2015-01-27,0.53,0.528,0.536,0.525,0.535,470137,249946.0,0.0,,,0.009433962264150952,0.5289999999999999,0.5273000000000005,0.5319000000000005,0.5329000000000003,0.5292774027384151,0.5296935060400827,-0.0004161033016676363,-0.0020322003728003002,0.003232194142265328,74.12609602773937,59.93191617077577,102.51445574166654
900953,2015-01-28,0.535,0.535,0.542,0.534,0.539,595836,320668.0,0.0,,,0.007476635514018699,0.5315999999999999,0.5278000000000006,0.5320500000000005,0.5325666666666671,0.5320552876702965,0.5302939250197265,0.0017613626505700308,-0.0009483252232659198,0.0054193757476719015,80.11915173779116,66.66099469311423,107.035465827145
900953,2015-01-29,0.539,0.5329999999999999,0.5379999999999999,0.5329999999999999,0.5329999999999999,451800,241331.0,0.0,,,-0.011131725417439918,0.5325999999999999,0.5276000000000005,0.5322500000000004,0.5322333333333338,0.5323252054787833,0.5304685105062656,0.001856694972517614,-0.0001468908816134815,0.004007171708262191,78.85136431642208,70.72445123421686,95.10519048083253
900953,2015-01-30,0.5329999999999999,0.5329999999999999,0.5329999999999999,0.519,0.521,970565,507474.0,0.0,,,-0.02251407129455892,0.5315999999999999,0.5266000000000005,0.5313000000000004,0.5315666666666671,0.5290894324848451,0.5298576388478007,-0.0007682063629556035,-0.0003244095905683735,-0.00088759354477446,63.32026438299106,68.25638895047493,53.448015248023324
900953,2015-02-02,0.521,0.516,0.525,0.515,0.521,312600,162937.0,0.0,,,0.0,0.5297999999999998,0.5277000000000005,0.5301500000000005,0.5309000000000005,0.5267781660606036,0.5292861782656861,-0.002508012205082566,-0.0009482960518581429,-0.003119432306448846,49.62091699606811,62.044564965672656,24.773621056859028
900953,2015-02-03,0.521,0.522,0.526,0.522,0.525,248249,130102.0,0.0,,,0.00767754318618043,0.5277999999999998,0.5284000000000006,0.5292000000000004,0.5305333333333337,0.5262701186147168,0.5290096506305317,-0.002739532015814894,-0.001460077755845786,-0.0025589085199382157,45.42629034305776,56.505140091467695,23.268590846237885
900953,2015-02-04,0.525,0.525,0.525,0.52,0.522,404200,211082.0,0.0,,,-0.00571428571428572,0.5243999999999998,0.5280000000000007,0.5283500000000004,0.5305666666666671,0.5250500847247977,0.5285574150981633,-0.0035073303733655914,-0.0020450070751371592,-0.0029246465964568643,38.92616887068048,50.64548301787195,15.487540576297533
900953,2015-02-05,0.522,0.527,0.527,0.52,0.523,292416,152891.0,0.0,,,0.0019157088122605376,0.5223999999999998,0.5275000000000005,0.5277500000000004,0.5306000000000004,0.5244643462319983,0.528198872182806,-0.003734525950807699,-0.0025277267539001707,-0.0024135983938150564,35.82732245699686,45.70609616424692,16.069775042496744
900953,2015-02-06,0.523,0.521,0.525,0.517,0.52,366500,191210.0,0.0,,,-0.005736137667304021,0.5221999999999998,0.5269000000000006,0.5269500000000005,0.5303000000000004,0.5231888187371416,0.5276699126791387,-0.0044810939419970275,-0.003085831664784987,-0.0027905245544240813,30.057721144170745,40.48997115755486,9.193221117402516
900953,2015-02-09,0.52,0.518,0.524,0.518,0.52,123857,64591.0,0.0,,,0.0,0.5219999999999998,0.5259000000000005,0.5265500000000004,0.5299000000000004,0.5222777276693868,0.5271750795960619,-0.004897351926675064,-0.0036034088824678664,-0.0025878860884143958,26.21132026895334,35.730420861354354,7.17311908415131
900953,2015-02-10,0.52,0.52,0.53,0.52,0.527,355100,187020.0,0.0,,,0.013461538461538473,0.5223999999999999,0.5251000000000005,0.5262000000000003,0.5296333333333337,0.5236269483352763,0.5271637841381019,-0.0035368358028255997,-0.003584388002570076,9.51043994889527e-05,34.86551786046173,35.44211986105682,33.71231385927156
900953,2015-02-11,0.527,0.529,0.529,0.526,0.527,164400,86754.0,0.0,,,0.0,0.5233999999999999,0.5239000000000005,0.5258500000000003,0.5293333333333339,0.5245906773823402,0.5271532174193838,-0.0025625400370435925,-0.0032924314409910806,0.0014597828078949764,45.46590079586351,38.783380172659044,58.83094204227244
900953,2015-02-12,0.527,0.526,0.53,0.525,0.53,218901,115678.0,0.0,,,0.005692599620493364,0.5247999999999998,0.5236000000000006,0.5256000000000002,0.5293666666666671,0.526136198130243,0.5273368808138096,-0.0012006826835665452,-0.002694788938869785,0.0029882125106064795,63.64393386390901,47.070231403075695,96.79133878557565
900953,2015-02-13,0.53,0.532,0.5329999999999999,0.527,0.532,353100,187251.0,0.0,,,0.0037735849056603813,0.5271999999999999,0.5247000000000006,0.5256500000000002,0.5291000000000005,0.5278115700930307,0.5276377272161795,0.00017384287685118238,-0.0018751798486637942,0.004098045451029953,73.67928924260623,55.93991734958587,109.15803302864697
900953,2015-02-16,0.532,0.528,0.537,0.527,0.536,540700,287952.0,0.0,,,0.0075187969924812095,0.5303999999999999,0.5262000000000007,0.5269500000000001,0.5288333333333338,0.530151121495022,0.5281772286915738,0.001973892803448174,-0.0007754448052032317,0.005498675217302811,80.78619282840415,64.22200917585863,113.9145601334952
900953,2015-02-17,0.536,0.537,0.5379999999999999,0.5329999999999999,0.5379999999999999,859600,459523.0,0.0,,,0.0037313432835818852,0.5325999999999997,0.5275000000000006,0.5279500000000001,0.5286333333333338,0.5323936582107299,0.5288109558787737,0.0035827023319562334,0.0004697400911280442,0.006225924481656379,87.1907952189361,71.87827119021779,117.81584327637273
900953,2015-02-25,0.5379999999999999,0.536,0.537,0.532,0.5329999999999999,204700,109471.0,0.0,,,-0.00929368029739778,0.5337999999999997,0.5286000000000006,0.5283000000000001,0.5284333333333339,0.53256689872195,0.5290812167922188,0.003485681929731199,0.0013314377593003743,0.00430848834086165,83.52402220944943,75.76018819662833,99.05169023509163
900953,2015-02-26,0.5329999999999999,0.531,0.536,0.528,0.5329999999999999,379347,201677.0,0.0,,,0.0,0.5343999999999998,0.5296000000000006,0.5285500000000001,0.5283666666666672,0.53269064194425,0.5293340415174002,0.0033566004268498206,0.0019100556643145018,0.0028930895250706377,80.68268147296624,77.40101928874097,87.24600584141677
900953,2015-02-27,0.5329999999999999,0.535,0.536,0.532,0.535,237500,126813.0,0.0,,,0.0037523452157600615,0.5349999999999998,0.5311000000000007,0.5290000000000001,0.5283333333333339,0.5333504585316071,0.5296995872287936,0.0036508713028134965,0.0024074315610285004,0.002486879483569992,81.56623209308877,78.7894235568569,87.1198491655525
900953,2015-03-02,0.535,0.534,0.5379999999999999,0.532,0.5379999999999999,397850,213384.0,0.0,,,0.0056074766355138144,0.5353999999999998,0.5329000000000008,0.5294000000000001,0.5286666666666672,0.534678898951148,0.530235097734052,0.004443801217095977,0.0029892514627620653,0.002909099508667824,87.71082139539253,81.76322283636877,99.60601851344003
900953,2015-03-03,0.5379999999999999,0.535,0.536,0.53,0.531,811500,431642.0,0.0,,,-0.013011152416356685,0.5339999999999998,0.5333000000000008,0.5292000000000001,0.5285666666666672,0.5336277849651057,0.5302844462676742,0.0033433386974314194,0.003090419244096166,0.0005058389066705067,73.8584963148772,79.12831399587158,63.31886095288846
900953,2015-03-04,0.531,0.531,0.534,0.509,0.525,738855,387956.0,0.0,,,-0.011299435028248594,0.5323999999999998,0.5331000000000008,0.5285000000000002,0.5282666666666672,0.5311627035465041,0.5299435142482375,0.0012191892982665875,0.0025557821167162863,-0.0026731856368993976,67.62980214095269,75.29547671089863,52.298453001060835
900953,2015-03-05,0.525,0.524,0.53,0.52,0.53,874936,459145.0,0.0,,,0.009523809523809532,0.5317999999999998,0.5331000000000008,0.5283500000000002,0.5281000000000005,0.5308305025332172,0.5299471584903084,0.0008833440429087958,0.002077942667057003,-0.0023891972482964147,69.22446579511798,73.27180640563842,61.12978457407712
900953,2015-03-06,0.53,0.53,0.534,0.525,0.53,602710,318453.0,0.0,,,0.0,0.5307999999999998,0.5329000000000008,0.5288000000000002,0.5280666666666671,0.5305932160951551,0.5299505676199848,0.0006426484751702599,0.0016678586122322193,-0.0020504202741239187,70.28757489789484,72.2770625697239,66.30859955423674
900953,2015-03-09,0.53,0.53,0.532,0.525,0.531,394200,208058.0,0.0,,,0.0018867924528301906,0.5293999999999999,0.5324000000000007,0.5293000000000001,0.5287666666666672,0.5307094400679679,0.5300182729351769,0.0006911671327910485,0.001388803903820456,-0.0013952735420588152,72.14573958710241,72.2332882421834,71.97064227694042
900953,2015-03-10,0.531,0.531,0.5329999999999999,0.526,0.531,599417,317981.0,0.0,,,0.0,0.5293999999999999,0.5317000000000006,0.5296000000000001,0.5292000000000006,0.5307924571914057,0.5300816101654738,0.0007108470259318267,0.001195101938709419,-0.0009685098255551848,73.38451604657412,72.61703084364699,74.9194864524284
900953,2015-03-11,0.531,0.534,0.534,0.53,0.5329999999999999,225110,119630.0,0.0,,,0.0037664783427493243,0.5309999999999999,0.5317000000000007,0.5301500000000001,0.5294333333333339,0.5314231837081469,0.5302698933814621,0.0011532903266847638,0.001183155763845232,-5.973087432093642e-05,76.50921759426778,73.91442642718725,81.69879992842883
900953,2015-03-12,0.5329999999999999,0.534,0.5429999999999999,0.534,0.5379999999999999,1559414,840486.0,0.0,,,0.009380863039399634,0.5325999999999999,0.5322000000000008,0.5309000000000001,0.5297666666666673,0.5333022740772477,0.5307686099396217,0.0025336641376260127,0.0015690152992111695,0.0019292976768296864,79.43751761186478,75.75545682207975,86.80163919143482
900953,2015-03-13,0.5379999999999999,0.541,0.542,0.5379999999999999,0.54,640100,345420.0,0.0,,,0.003717472118959318,0.5345999999999999,0.5327000000000008,0.5319,0.5302333333333339,0.5352159100551769,0.5313641834942782,0.003851726560898716,0.002221218516836183,0.0032610160881250665,83.35050193732171,78.2871385271604,93.47722875764433
900953,2015-03-16,0.54,0.544,0.545,0.539,0.542,824639,446633.0,0.0,,,0.003703703703703707,0.5367999999999997,0.5331000000000008,0.5330000000000001,0.530633333333334,0.5371542214679835,0.5320503652068834,0.005103856261100104,0.0030448293009115884,0.004118053920377031,86.12255684710335,80.89894463380806,96.56978127369396
900953,2015-03-17,0.542,0.542,0.545,0.539,0.5429999999999999,939467,509725.0,0.0,,,0.0018450184501842984,0.5391999999999997,0.5343000000000008,0.5338,0.5309000000000007,0.5388244439057025,0.5327567932605164,0.006067650645186107,0.003908492542132879,0.004318316206106456,88.08170456473543,83.29319794411718,97.65871780597192
900953,2015-03-18,0.5429999999999999,0.545,0.55,0.542,0.5489999999999999,1027000,560798.0,0.0,,,0.011049723756906087,0.5423999999999997,0.5367000000000008,0.5349000000000002,0.531233333333334,0.5417317456469303,0.5338047420858382,0.007927003561092105,0.005056638547549801,0.005740730027084608,90.72113637649015,85.76917742157484,100.62505428632076
900953,2015-03-19,0.5489999999999999,0.5489999999999999,0.5539999999999999,0.544,0.547,996955,548015.0,0.0,,,-0.003642987249544428,0.5441999999999998,0.5384000000000008,0.5357500000000002,0.5317000000000006,0.5432369611763789,0.5346560490506409,0.008580912125737972,0.006063573855603564,0.005034676540268816,85.76811390616594,85.76882291643854,85.76669588562075
900953,2015-03-20,0.547,0.552,0.5529999999999999,0.5479999999999999,0.55,830300,457380.0,0.0,,,0.005484460694698361,0.5461999999999998,0.5404000000000007,0.5366500000000002,0.5326666666666673,0.5451692579831278,0.5356459813727813,0.009523276610346465,0.0070520603569586785,0.004942432506775573,85.75017117553931,85.76260566947212,85.72530218767366
900953,2015-03-23,0.55,0.551,0.5920000000000001,0.551,0.5820000000000001,4413774,2563459.0,0.0,,,0.05818181818181822,0.5541999999999998,0.5455000000000008,0.5389500000000003,0.5347000000000006,0.5556923271308055,0.5386365632276878,0.017055763903117693,0.009910261370146969,0.01429100506594145,85.1237700310047,85.54966045664965,84.27198917971478
900953,2015-03-24,0.5820000000000001,0.5820000000000001,0.598,0.57,0.59,2635080,1533100.0,0.0,,,0.013745704467353771,0.5635999999999998,0.5514000000000008,0.5415500000000002,0.5368666666666673,0.5654945193791467,0.541950333350312,0.02354418602883479,0.013805668415486347,0.019477035226696887,85.91584668733645,85.67172253354526,86.40409499491884
900953,2015-03-25,0.59,0.588,0.59,0.5720000000000001,0.585,1270286,737798.0,0.0,,,-0.00847457627118645,0.5707999999999998,0.5566000000000008,0.5441500000000002,0.5389666666666674,0.5710675138422476,0.5447277312051721,0.02633978263707548,0.017386843907368957,0.01790587745941305,83.38834223600207,84.91059576769753,80.34383517261116
900953,2015-03-26,0.585,0.5770000000000001,0.589,0.5770000000000001,0.583,1209800,704413.0,0.0,,,-0.003418803418803422,0.5779999999999996,0.5611000000000008,0.5466500000000003,0.5409666666666674,0.5744767956016054,0.5471969098424967,0.02727988575910867,0.020213427293580305,0.014132916931056727,80.4509852194816,83.42405891829222,74.50483782186035
900953,2015-03-27,0.583,0.58,0.583,0.569,0.5760000000000001,1259049,723317.0,0.0,,,-0.012006861063464658,0.5831999999999997,0.5647000000000009,0.5487000000000003,0.5428333333333341,0.5749119968582896,0.5490551737274278,0.025856823130861795,0.021825826104232157,0.008061994053259275,74.537944948581,80.46202092838848,62.68979298896602
900953,2015-03-30,0.5760000000000001,0.58,0.58,0.5660000000000001,0.574,1803899,1031678.0,0.0,,,-0.0034722222222224176,0.5815999999999997,0.5679000000000008,0.5505000000000002,0.5446333333333341,0.5746514263273498,0.5506645173609965,0.02398690896635325,0.02244327835055247,0.0030872612316015582,68.73958234667302,76.55454140114999,53.10966423771907
900953,2015-03-31,0.574,0.575,0.589,0.5720000000000001,0.5760000000000001,1665769,969041.0,0.0,,,0.003484320557491486,0.5787999999999998,0.5712000000000008,0.5527500000000003,0.5462666666666675,0.5750367330909641,0.5522990646309556,0.022737668460008575,0.02252738981039707,0.00042055729922300944,65.57947465086848,72.89618581772282,50.9460523171598
900953,2015-04-01,0.5760000000000001,0.578,0.581,0.573,0.579,929100,535286.0,0.0,,,0.005208333333333146,0.5775999999999998,0.5742000000000008,0.5554500000000002,0.5480000000000007,0.5761690950649744,0.5540217056253922,0.022147389439582166,0.02241881827587853,-0.0005428576725927253,64.38631643391231,70.05956268978599,53.03982392216494
900953,2015-04-02,0.579,0.58,0.58,0.573,0.578,1704701,981139.0,0.0,,,-0.001727115716753024,0.5765999999999998,0.5773000000000008,0.5578500000000003,0.5496000000000006,0.576692210760696,0.5555686923616617,0.021123518399034258,0.02204873259678017,-0.001850428395491821,62.073147126154275,67.39742416857543,51.424593041311965
900953,2015-04-03,0.578,0.578,0.584,0.5720000000000001,0.583,1529028,886171.0,0.0,,,0.008650519031141876,0.5779999999999998,0.5806000000000009,0.5605000000000003,0.5513000000000007,0.5784944362576401,0.5573384541473745,0.021155982110265592,0.021793661029204575,-0.0012753578378779662,59.09043141743613,64.62842658486232,48.014441082583744
900953,2015-04-07,0.583,0.585,0.593,0.584,0.59,1424281,839201.0,0.0,,,0.012006861063464849,0.5811999999999998,0.5814000000000009,0.5634500000000002,0.5531000000000006,0.5817817401840286,0.5594456506568849,0.02233608952714372,0.02194864060004433,0.0007748978541987847,69.02325057458704,66.09336791477057,74.88301589421997
900953,2015-04-08,0.59,0.593,0.598,0.5820000000000001,0.5870000000000001,1685707,993203.0,0.0,,,-0.005084745762711681,0.5833999999999999,0.5811000000000008,0.5662500000000003,0.5547333333333339,0.5832726715600205,0.5612233506167855,0.022049320943234973,0.02197740641238451,0.00014382906170092719,67.8905003830581,66.69241207086641,70.28667700744145
900953,2015-04-09,0.5870000000000001,0.589,0.595,0.581,0.594,2834398,1667685.0,0.0,,,0.011925042589437641,0.5863999999999999,0.582000000000001,0.5693000000000003,0.5567666666666672,0.5863376225428718,0.5633379731601755,0.022999649382696274,0.022269475832473584,0.001460347100445382,74.42700025537205,69.2706081323683,84.73978450137957
900953,2015-04-10,0.594,0.5920000000000001,0.653,0.5920000000000001,0.653,3927598,2515826.0,0.0,,,0.09932659932659944,0.6013999999999999,0.589000000000001,0.5750500000000003,0.5607666666666672,0.6053840161020514,0.5691226200595612,0.036261396042490235,0.02626716732104977,0.019988457442880928,82.95133350358137,73.83084992277266,101.19230066519879
900953,2015-04-13,0.653,0.718,0.718,0.718,0.718,274446,197052.0,0.0,,,0.0995405819295558,0.6283999999999998,0.6032000000000008,0.5839500000000003,0.5668666666666672,0.6375600115014654,0.5787276123238697,0.05883239917759564,0.03557151928006288,0.04652175979506552,88.6342223357209,78.7653073937554,108.37205221965192
900953,2015-04-14,0.718,0.79,0.79,0.73,0.733,13986270,10660996.0,0.0,,,0.020891364902506985,0.6569999999999999,0.6191000000000009,0.5935000000000004,0.5733666666666671,0.6648285796439038,0.5886806696030754,0.07614791004082844,0.04716477378313876,0.05796627251537935,83.70721856020536,80.41261111590539,90.29643344880529
900953,2015-04-15,0.733,0.74,0.78,0.733,0.762,5314821,4036572.0,0.0,,,0.03956343792633018,0.6920000000000001,0.6377000000000008,0.6044500000000004,0.5810666666666672,0.6925918426027885,0.5998625618970244,0.09272928070576414,0.06018320433246029,0.06509215274660769,84.85680014105434,81.8940074576217,90.7823855079196
900953,2015-04-16,0.762,0.7559999999999999,0.784,0.741,0.7829999999999999,4172910,3198661.0,0.0,,,0.027559055118110114,0.7297999999999999,0.6581000000000008,0.6161500000000004,0.5896666666666673,0.7184227447162774,0.611677880494471,0.1067448642218064,0.07348653572941634,0.06651665698478013,88.83419703593222,84.2074039837252,98.08778314034626
900953,2015-04-17,0.7829999999999999,0.789,0.8370000000000001,0.77,0.7809999999999999,5339495,4281523.0,0.0,,,-0.002554278416347384,0.7554,0.6784000000000007,0.6278500000000004,0.5980333333333339,0.7363019605116268,0.622601888213291,0.11370007229833579,0.08497611760625047,0.05744790938417063,85.26446469062147,84.55975755269061,86.67387896648316
900953,2015-04-20,0.7809999999999999,0.782,0.789,0.703,0.7070000000000001,5549056,4142719.0,0.0,,,-0.0947503201024326,0.7532,0.6908000000000006,0.6357000000000004,0.6039333333333339,0.7279299717940192,0.628046927687498,0.09988304410652116,0.08923523946347067,0.02129560928610097,73.24922646041432,80.78958052193185,58.168518337379254
900953,2015-04-21,0.7070000000000001,0.713,0.74,0.713,0.7390000000000001,2644090,1923204.0,0.0,,,0.0452616690240453,0.7544,0.7057000000000007,0.6435500000000004,0.6108666666666672,0.731092836995728,0.6352051904223752,0.0958876465733528,0.09113592720915127,0.009503438728403063,69.40573430694289,76.99496511693553,54.227272686957605
900953,2015-04-22,0.7390000000000001,0.7440000000000001,0.765,0.7390000000000001,0.762,2465540,1864955.0,0.0,,,0.031123139377537086,0.7544,0.7232000000000006,0.6521500000000005,0.6185666666666674,0.7399234549969487,0.6433855007230921,0.09653795427385659,0.09267936351335278,0.0077171815210076156,69.39974123864219,74.4632238241711,59.272776067584374
900953,2015-04-23,0.762,0.76,0.769,0.752,0.762,2445022,1864655.0,0.0,,,0.0,0.7502,0.7400000000000007,0.6610000000000005,0.6262000000000006,0.7462310392835348,0.6510380490682515,0.09519299021528338,0.09339754257104722,0.003590895288472312,60.94311107451768,69.95651957428662,42.91629407497982
900953,2015-04-24,0.762,0.746,0.765,0.733,0.763,2514506,1886644.0,0.0,,,0.0013123359580052506,0.7466000000000002,0.7510000000000007,0.6700000000000005,0.6337000000000007,0.7510221709168106,0.6582614007454297,0.09276077017138085,0.09321560759971396,-0.0009096748566662372,55.55411385067348,65.15571766641557,36.35090621918931
900953,2015-04-27,0.763,0.765,0.804,0.763,0.77,2148623,1663599.0,0.0,,,0.009174311926605512,0.7592000000000001,0.7562000000000006,0.6797000000000004,0.6413666666666674,0.7564444077977219,0.6654703426367071,0.0909740651610148,0.09257516690294278,-0.003202203483855942,53.70274256711565,61.33805929998226,38.43210910138242
900953,2015-04-28,0.77,0.77,0.7809999999999999,0.7390000000000001,0.745,2131148,1604729.0,0.0,,,-0.03246753246753248,0.7604000000000001,0.7574000000000006,0.6882500000000004,0.648133333333334,0.7531745769983728,0.6706012882756359,0.08257328872273684,0.08971748742288393,-0.014288397400294195,46.24958957210695,56.30856939069049,26.13162993493988
900953,2015-04-29,0.745,0.753,0.78,0.74,0.778,1968606,1496260.0,0.0,,,0.04429530201342286,0.7636000000000001,0.7590000000000006,0.6983500000000004,0.6559666666666674,0.7602675549988378,0.6775302374224119,0.08273731757642588,0.08772315318103878,-0.00997167120922579,49.48977613264841,54.03563830467646,40.3980517885923
900953,2015-04-30,0.778,0.78,0.805,0.775,0.7979999999999999,4042931,3227534.0,0.0,,,0.02570694087403587,0.7707999999999999,0.7605000000000006,0.7093000000000004,0.6642666666666673,0.7710482535705984,0.685302480172783,0.08574577339781542,0.08715818752868924,-0.0028248282617476528,64.03893572241917,57.37007077725736,77.37666561274277
900953,2015-05-04,0.7979999999999999,0.8,0.8440000000000001,0.7829999999999999,0.836,5197510,4301338.0,0.0,,,0.04761904761904767,0.7853999999999999,0.7660000000000007,0.7222000000000004,0.6739000000000005,0.7896058954075703,0.6950249008108107,0.09458099459675962,0.08927898954813791,0.010604010097243405,73.9903337386102,62.910158431041644,96.15068435374731
900953,2015-05-05,0.836,0.836,0.853,0.8109999999999999,0.821,4644035,3855429.0,0.0,,,-0.017942583732057434,0.7955999999999999,0.7774000000000008,0.7341000000000004,0.6829333333333341,0.7985756395768359,0.7031523265680907,0.09542331300874518,0.09103451053688284,0.008777604943724676,73.7713336035179,66.5305501552004,88.25290050015289
900953,2015-05-06,0.821,0.821,0.8759999999999999,0.8190000000000001,0.85,6707837,5713444.0,0.0,,,0.035322777101096256,0.8165999999999999,0.7885000000000008,0.7471000000000003,0.6918666666666673,0.8132683139834542,0.7126263700187333,0.10064194396472093,0.09377949151626515,0.013724904896911555,76.45361634173922,69.83823888404667,89.6843712571243
900953,2015-05-07,0.85,0.848,0.868,0.831,0.8440000000000001,5556632,4703590.0,0.0,,,-0.007058823529411641,0.8297999999999999,0.7967000000000007,0.7599500000000003,0.700333333333334,0.8220487957024674,0.7211020880849053,0.10094670761756208,0.09582726754520712,0.010238880144709916,76.84320343528539,72.17322706779292,86.18315617027034
900953,2015-05-08,0.8440000000000001,0.846,0.865,0.843,0.8640000000000001,4114757,3522587.0,0.0,,,0.023696682464454995,0.8429999999999997,0.8069000000000008,0.7734500000000003,0.7096333333333342,0.834034854073191,0.7303213082113746,0.10371354586181636,0.0980804899213812,0.011266111880870316,81.64242759432656,75.32962724330413,94.26802829637143
900953,2015-05-11,0.8640000000000001,0.942,0.95,0.902,0.95,8792385,8289454.0,0.0,,,0.09953703703703684,0.8657999999999998,0.8256000000000008,0.7883000000000003,0.7218666666666673,0.867167752909422,0.744494127040639,0.12267362586878305,0.10510710019206745,0.0351330513534312,87.76161839621771,79.47362429427533,104.33760660010248
900953,2015-05-12,0.95,0.98,1.001,0.915,0.943,7331091,7061724.0,0.0,,,-0.007368421052631586,0.8901999999999998,0.8429000000000008,0.7995500000000003,0.7341000000000008,0.8888341092210158,0.7573009575576894,0.13153315166332635,0.11265740061242714,0.03775150210179842,84.43367152340441,81.12697337065168,91.04706782890986
900953,2015-05-13,0.943,0.952,1.035,0.941,1.018,8038527,8110968.0,0.0,,,0.07953340402969254,0.9237999999999996,0.8702000000000009,0.8138000000000003,0.7489000000000007,0.9257386494435828,0.7741202506228371,0.15161839882074568,0.12378911438623244,0.05565856886902648,87.44296050278244,83.23230241469527,95.86427667895677
900953,2015-05-14,1.018,1.023,1.12,1.001,1.12,7680405,8460279.0,0.0,,,0.10019646365422404,0.9789999999999998,0.9044000000000012,0.8317000000000003,0.7670333333333342,0.9812418924597021,0.7964350731687023,0.18480681929099974,0.1412227443590231,0.08716814986395327,91.62864033518831,86.03108172152628,102.82375756251236
900953,2015-05-15,1.12,1.17,1.22,1.126,1.189,11746504,13627092.0,0.0,,,0.06160714285714281,1.0439999999999998,0.9435000000000008,0.8520000000000003,0.7873666666666673,1.0406013517569301,0.8217618426474261,0.218839509109504,0.16339896285916047,0.11088109250068706,91.89260618922906,87.98492321076054,99.70797214616607
900953,2015-05-18,1.189,1.192,1.308,1.152,1.3,8884820,11166500.0,0.0,,,0.09335576114381833,1.1139999999999997,0.989900000000001,0.8779500000000005,0.8114333333333342,1.11471525125495,0.8526159173218721,0.26209933393307794,0.19159906888027975,0.14100053010559638,94.04974018613906,90.00652886922005,102.1361628199771
900953,2015-05-19,1.3,1.307,1.3969999999999998,1.245,1.275,10725514,13956396.0,0.0,,,-0.01923076923076933,1.1804,1.035300000000001,0.9063500000000004,0.8345000000000007,1.1605108937535358,0.879866503306508,0.2806443904470278,0.21704058932792208,0.12720760223821148,88.84823668475231,89.62043147439748,87.30384710546198
900953,2015-05-20,1.275,1.275,1.367,1.259,1.286,7403095,9776875.0,0.0,,,0.008627450980392252,1.2339999999999998,1.078900000000001,0.9337000000000004,0.8577000000000008,1.1963649241096683,0.9060686643883663,0.290296259721302,0.2379707808688878,0.10465095770482846,85.88679076215739,88.37588457031745,80.90860314583728
900953,2015-05-21,1.286,1.276,1.305,1.242,1.3,6674740,8437933.0,0.0,,,0.01088646967340592,1.2699999999999998,1.1245000000000012,0.9606000000000005,0.8814666666666675,1.2259749457926203,0.9314835892709451,0.29449135652167524,0.2541195167696842,0.08074367950398209,84.05920730945174,86.93699215002887,78.30363762829748
900953,2015-05-22,1.3,1.306,1.335,1.172,1.253,7070367,8774452.0,0.0,,,-0.036153846153846265,1.2827999999999995,1.163400000000001,0.9851500000000004,0.9034333333333342,1.2336963898518718,0.9522265835148955,0.28146980633697627,0.2619338852174819,0.03907184223898874,79.41429864890144,84.42942764965306,69.3840406473982
900953,2015-05-25,1.253,1.22,1.3219999999999998,1.202,1.31,5674210,7338554.0,0.0,,,0.04549082202713501,1.2847999999999995,1.1994000000000011,1.0125000000000002,0.9253333333333342,1.2554974213227656,0.9753087394206645,0.2801886819021011,0.2671495414130874,0.026078280978027446,79.91654997646062,82.92513509192224,73.89937974553737
900953,2015-05-26,1.31,1.33,1.4409999999999998,1.33,1.4409999999999998,9755985,13771156.0,0.0,,,0.09999999999999984,1.3179999999999996,1.2492000000000014,1.04605,0.949433333333334,1.3084981580876898,1.0053533368816627,0.30314482120602704,0.27743390706821297,0.051421828275628134,86.6110333176404,84.1537678338283,91.52556428526461
900953,2015-05-27,1.4409999999999998,1.482,1.495,1.395,1.436,6560353,9459977.0,0.0,,,-0.0034698126301179,1.3479999999999996,1.2910000000000013,1.0806,0.9728666666666672,1.3449272557769212,1.033136992570408,0.31179026320651326,0.2872500088220131,0.049080508769000275,85.74430224789394,84.68394597185018,87.86501479998148
900953,2015-05-28,1.436,1.426,1.4280000000000002,1.301,1.3230000000000002,7742994,10501586.0,0.0,,,-0.07869080779944274,1.3525999999999998,1.3113000000000017,1.1078500000000002,0.9915666666666674,1.3386623255549437,1.051837831761738,0.2868244937932056,0.28712843309949665,-0.0006078786125820468,73.78094396701191,81.04961197023742,59.243607960560865
900953,2015-05-29,1.3230000000000002,1.3330000000000002,1.455,1.262,1.4480000000000002,11191857,15455506.0,0.0,,,0.0944822373393802,1.3915999999999995,1.3372000000000015,1.1403500000000002,1.0137333333333345,1.3699016611106742,1.0773966813284686,0.2925049797822057,0.28866458929455635,0.007680780975298673,77.67026811423086,79.92316401823524,73.16447630622213
900953,2015-06-01,1.4480000000000002,1.44,1.588,1.4280000000000002,1.579,9487208,14489509.0,0.0,,,0.09046961325966836,1.4453999999999998,1.3651000000000009,1.1775000000000004,1.0403333333333342,1.4296440436504818,1.1097581857624097,0.3198858578880721,0.2975849517498466,0.04460181227645099,84.39235823000006,81.41289542215685,90.35128384568645
900953,2015-06-02,1.579,1.599,1.699,1.568,1.648,7501787,12194661.0,0.0,,,0.04369854338188738,1.4867999999999997,1.4024000000000014,1.2188500000000002,1.0717000000000008,1.4920314597503441,1.144483464103852,0.3475479956464922,0.31186010714888823,0.07137577699520792,86.3690990350538,83.0649632931225,92.97737051891636
900953,2015-06-03,1.648,1.644,1.644,1.55,1.5930000000000002,6098208,9691559.0,0.0,,,-0.03337378640776695,1.5181999999999998,1.4331000000000014,1.2560000000000002,1.1001666666666676,1.5208796141073886,1.1734200148095835,0.3474595992978051,0.3220313906200073,0.05085641735559565,84.20811535923258,83.44601398182586,85.73231811404602
900953,2015-06-04,1.5930000000000002,1.59,1.59,1.45,1.525,7071446,10660131.0,0.0,,,-0.04268675455116151,1.5585999999999998,1.4556000000000011,1.29005,1.125600000000001,1.5220568672195633,1.1961025945013073,0.32595427271825606,0.3231522140766498,0.0056041172832125286,77.80205678543071,81.5646949163608,70.27678052357052
900953,2015-06-05,1.525,1.525,1.555,1.44,1.4580000000000002,4726597,7036415.0,0.0,,,-0.043934426229508015,1.5605999999999998,1.4761000000000013,1.31975,1.1488000000000012,1.503754905156831,1.212999201309082,0.29075570384774907,0.31389606829696387,-0.0462807288984296,66.81845738403238,76.64928240558466,47.15680734092783
900953,2015-06-08,1.4580000000000002,1.45,1.46,1.3119999999999998,1.3119999999999998,8684401,11627057.0,0.0,,,-0.10013717421124853,1.5071999999999997,1.4763000000000015,1.33785,1.1671000000000011,1.4489677893977364,1.2193863496122197,0.2295814397855167,0.2898061744365504,-0.12044946930206735,48.359520788439575,67.21936186653629,10.639838632246153
900953,2015-06-09,1.3119999999999998,1.29,1.366,1.194,1.3,5662677,7286025.0,0.0,,,-0.009146341463414474,1.4375999999999998,1.4622000000000015,1.3557,1.1847666666666674,1.406405563855526,1.2245872302827783,0.18181833357274768,0.258952505618321,-0.15426834409114665,39.236380195593384,57.89170130955532,1.9257379676695052
900953,2015-06-10,1.3,1.2819999999999998,1.389,1.226,1.361,4630096,6218065.0,0.0,,,0.04692307692307688,1.3912,1.4547000000000014,1.37285,1.2053000000000007,1.3934325456110899,1.2333880541361024,0.16004449147498745,0.23069307300594,-0.1412971630619051,37.18068910729328,50.988030575467974,9.566006170943893
900953,2015-06-11,1.361,1.355,1.364,1.319,1.344,2746000,3668697.0,0.0,,,-0.012490815576781708,1.3549999999999998,1.4568000000000014,1.38405,1.2241666666666675,1.3793089611507785,1.2405243087084221,0.13878465244235638,0.20443352427348754,-0.13129774366226232,34.68811617053876,45.554725773824906,12.954896963966476
900953,2015-06-12,1.344,1.336,1.39,1.331,1.347,3485140,4727861.0,0.0,,,0.0022321428571427764,1.3327999999999995,1.4467000000000012,1.39195,1.2424666666666675,1.3700778293934133,1.2473937081469983,0.12268412124641492,0.18107655198003822,-0.11678486146724659,33.22442068134927,41.44462407633303,16.78401389138176
900953,2015-06-15,1.347,1.35,1.35,1.286,1.291,2925360,3824057.0,0.0,,,-0.0415738678544915,1.3285999999999998,1.4179000000000013,1.3915000000000002,1.257633333333334,1.347484163852438,1.2502070172989619,0.09727714655347608,0.15713386471530616,-0.11971343632366016,29.33479897275137,37.408015708472476,13.18836550130915
900953,2015-06-16,1.291,1.268,1.381,1.252,1.35,6248622,8392107.0,0.0,,,0.045701006971340184,1.3385999999999998,1.3881000000000012,1.3952500000000003,1.2752666666666674,1.348202974180313,1.256645274247752,0.09155769993256091,0.1383978176345218,-0.09368023540392179,32.68784577981405,35.834625732252995,26.39428587493616
900953,2015-06-17,1.35,1.3530000000000002,1.388,1.286,1.38,5693002,7692773.0,0.0,,,0.02222222222222208,1.3423999999999998,1.3668000000000011,1.39995,1.2929333333333342,1.3572878387002236,1.2646036436515118,0.09268419504871184,0.12533678261000467,-0.06530517512258566,38.966412421999756,36.878554628835246,43.14212800832877
900953,2015-06-18,1.38,1.3769999999999998,1.4980000000000002,1.352,1.4509999999999998,7473282,10793741.0,0.0,,,0.05144927536231881,1.3637999999999997,1.3594000000000013,1.4075000000000002,1.3131666666666677,1.384062741928731,1.2766292150293832,0.10743352689934782,0.12022156669267414,-0.025576079586652645,54.15743284273665,42.63818070013571,77.1959371279385
900953,2015-06-19,1.4509999999999998,1.42,1.495,1.378,1.383,6572445,9444574.0,0.0,,,-0.04686423156443821,1.3709999999999998,1.3519000000000014,1.4140000000000001,1.3304666666666676,1.3837591013776651,1.2834918463181035,0.10026725505956158,0.11452033479749912,-0.028506159475875092,56.8286394390174,47.368333613096276,75.74925109085966
900953,2015-06-23,1.383,1.383,1.418,1.245,1.317,7966115,10343753.0,0.0,,,-0.04772234273318876,1.3761999999999996,1.3524000000000016,1.4143500000000002,1.342700000000001,1.364685072412618,1.2856536626847639,0.07903140972785416,0.1043806419204577,-0.05069846438520709,49.03772041032531,47.92479587883929,51.263569473297366
900953,2015-06-24,1.317,1.317,1.329,1.195,1.24,5439539,6837717.0,0.0,,,-0.05846621108580102,1.3541999999999998,1.3464000000000014,1.4043,1.3526000000000011,1.329060766009013,1.2827082650920882,0.04635250091692478,0.08780117306230543,-0.08289734429076132,37.64230865638849,44.497300138022354,23.93232569312076
900953,2015-06-25,1.24,1.242,1.243,1.116,1.116,5638403,6530525.0,0.0,,,-0.10000000000000007,1.3013999999999997,1.3219000000000014,1.3883,1.3558666666666677,1.2681862614350095,1.2719528931502868,-0.0037666317152773576,0.061638943125853204,-0.13081114968226112,25.094872437592326,38.02982423787901,-0.7750311629810511
900953,2015-06-26,1.116,1.13,1.192,1.004,1.028,9430887,10339897.0,0.0,,,-0.07885304659498196,1.2167999999999997,1.2903000000000016,1.37355,1.3528000000000011,1.199561615310721,1.2562139968174948,-0.056652381506773875,0.027841421802245466,-0.1689876066180387,18.349348156775452,31.469665544177825,-7.891286618029291
900953,2015-06-29,1.028,1.08,1.088,0.93,0.999,7052285,7129846.0,0.0,,,-0.028210116731517423,1.1399999999999997,1.2555000000000016,1.3511,1.3464666666666678,1.142258296650515,1.239619545409406,-0.09736124875889107,-0.007930769786650695,-0.17886095794448076,16.28219454583152,26.407175211395725,-3.967766785296888
900953,2015-06-30,0.999,1.012,1.099,0.931,1.099,8121783,8356540.0,0.0,,,0.10010010010009997,1.0963999999999996,1.2363000000000015,1.3271,1.3397666666666679,1.1298987833217964,1.2305473166730554,-0.100648533351259,-0.034421559376538784,-0.13245394794944043,20.772636739474525,24.528995720755322,13.259918776912933
900953,2015-07-01,1.099,1.103,1.15,1.033,1.056,6398419,7058040.0,0.0,,,-0.03912647861692442,1.0595999999999997,1.2069000000000014,1.2975,1.3324666666666678,1.1087848452298545,1.2192861994680402,-0.11050135423818563,-0.0561586436227236,-0.10868542123092406,21.242790690166114,23.433594043892253,16.861183982713833
900953,2015-07-02,1.056,1.075,1.13,1.02,1.055,7954178,8505843.0,0.0,,,-0.0009469696969698027,1.0473999999999997,1.1744000000000014,1.2706,1.3247666666666678,1.0934177465927533,1.208687089824675,-0.11526934323192184,-0.07304741493963737,-0.08444385658456893,21.536491728547315,22.80122660544394,19.00702197475406
900953,2015-07-03,1.055,1.046,1.099,0.95,0.974,8557117,8532300.0,0.0,,,-0.07677725118483399,1.0365999999999995,1.1267000000000014,1.24305,1.313900000000001,1.0592983904233952,1.193545987254986,-0.13424759683159082,-0.09053318119448121,-0.08742883127421922,17.36312563323919,20.988526281375687,10.11232433696619
900953,2015-07-06,0.974,1.071,1.071,0.877,0.877,9025601,8586500.0,0.0,,,-0.09958932238193026,1.0121999999999995,1.0761000000000014,1.214,1.3013666666666677,1.0072131360167107,1.1731236654961514,-0.16591052947944074,-0.11206956641875536,-0.10768192612137076,11.575417088826127,17.850823217192502,-0.9753951679066262
900953,2015-07-07,0.877,0.8079999999999999,0.818,0.789,0.789,2559800,2032060.0,0.0,,,-0.1003420752565564,0.9501999999999996,1.0233000000000012,1.18785,1.2840000000000011,0.944866525726222,1.148341493528149,-0.2034749678019271,-0.13818539538537586,-0.13057914483310246,7.716944725884084,14.472863720089697,-5.79489326252714
900953,2015-07-08,0.789,0.71,0.71,0.71,0.71,332000,235720.0,0.0,,,-0.10012674271229413,0.8809999999999996,0.9703000000000012,1.15835,1.2596333333333345,0.8777618040901586,1.1200613971709512,-0.24229959308079263,-0.1679323090126378,-0.14873456813630964,5.144629817256056,11.36345241914515,-7.293015386522132
900953,2015-07-09,0.71,0.639,0.7809999999999999,0.639,0.7809999999999999,10046164,7193222.0,0.0,,,0.09999999999999994,0.8261999999999995,0.9368000000000012,1.12935,1.2378000000000011,0.8501155743501133,1.0981864683208193,-0.24807089397070603,-0.19082904757208588,-0.1144836927972403,12.692636446990008,11.806513761760101,14.464881817449822
900953,2015-07-10,0.7809999999999999,0.825,0.8590000000000001,0.7979999999999999,0.8590000000000001,5732366,4860485.0,0.0,,,0.09987195902688883,0.8031999999999995,0.9199000000000012,1.1051,1.2223333333333344,0.8526539816786524,1.082755083267604,-0.2301011015889517,-0.20204963443404755,-0.05610293430980828,22.812703489121855,15.475243670880687,37.48762312560419
900953,2015-07-13,0.8590000000000001,0.91,0.936,0.8590000000000001,0.923,9025463,8189084.0,0.0,,,0.07450523864959235,0.8123999999999996,0.9123000000000012,1.0839,1.2048333333333343,0.8727528440561803,1.07244830370179,-0.19969545964560975,-0.20137701306592248,0.0033631068406254627,33.73423546371986,21.561574268493747,58.07955785417209
900953,2015-07-14,0.923,0.883,0.923,0.831,0.862,7910210,6970061.0,0.0,,,-0.06608884073672801,0.8269999999999996,0.8886000000000012,1.0624499999999997,1.1809333333333345,0.8696806028972717,1.0588709937853458,-0.1891903908880741,-0.19789512101510864,0.017409460254069087,37.62866206746293,26.917270201483475,59.051445799421856
900953,2015-07-15,0.862,0.8440000000000001,0.8440000000000001,0.7759999999999999,0.7759999999999999,6641416,5319624.0,0.0,,,-0.09976798143851516,0.8401999999999996,0.8606000000000013,1.0337499999999995,1.1518666666666677,0.842914716355194,1.0406212522505562,-0.19770653589536225,-0.19784123955232397,0.0002694073139234421,35.013310943526,29.615950448830983,45.808031932916045
900953,2015-07-16,0.7759999999999999,0.748,0.846,0.74,0.8140000000000001,4667185,3749585.0,0.0,,,0.04896907216494865,0.8467999999999997,0.8365000000000012,1.0054499999999995,1.125900000000001,0.8346533688251386,1.0260005262987193,-0.19134715747358066,-0.19598578752982587,0.009277260112490415,36.845293715437094,32.02573153769969,46.4844180709119
900953,2015-07-17,0.8140000000000001,0.835,0.895,0.82,0.89,5669042,4937695.0,0.0,,,0.0933660933660933,0.8529999999999995,0.8281000000000013,0.9773999999999996,1.1047333333333345,0.8504666920179562,1.0172262987954706,-0.16675960677751434,-0.18763545017202257,0.04175168678901647,52.73412398088623,38.92852901876187,80.34531390513494
900953,2015-07-20,0.89,0.888,0.918,0.86,0.887,4644968,4120595.0,0.0,,,-0.003370786516853936,0.8457999999999994,0.8291000000000013,0.9525999999999998,1.0857000000000012,0.8609047800128259,1.008824602098894,-0.14791982208606813,-0.17628812786174988,0.0567366115513635,62.989977154485324,46.94901173066969,95.07190800211659
900953,2015-07-21,0.887,0.87,0.907,0.853,0.887,2580711,2297581.0,0.0,,,0.0,0.8507999999999996,0.8389000000000013,0.9310999999999998,1.0715333333333346,0.8683605571520185,1.0009649503504956,-0.13260439319847706,-0.1638070608151005,0.06240533523324687,69.82721260355139,54.57507868829692,100.33148043406031
900953,2015-07-22,0.887,0.888,0.91,0.871,0.909,2951396,2630703.0,0.0,,,0.024802705749718167,0.8773999999999995,0.8588000000000016,0.91455,1.058500000000001,0.8799718265371562,0.9950317277471794,-0.11505990121002319,-0.14987930092793555,0.06963879943582474,75.29297166767371,61.48104301475585,102.91682897350942
900953,2015-07-23,0.909,0.9,0.977,0.8959999999999999,0.973,4421144,4157816.0,0.0,,,0.07040704070407035,0.9091999999999996,0.8780000000000016,0.9073999999999998,1.0455666666666679,0.9065513046693972,0.9936103259570257,-0.08705902128762855,-0.13193064960213355,0.08974325662901,82.96605987408908,68.64271530120025,111.61274901986675
900953,2015-07-24,0.973,0.966,0.999,0.936,0.947,5371683,5188110.0,0.0,,,-0.026721479958889943,0.9205999999999996,0.8868000000000015,0.90335,1.0323333333333344,0.9181080747638551,0.9906032081533207,-0.07249513338946556,-0.11494907354137127,0.08490788030381141,81.95163322365269,73.07902127535107,99.69685712025594
900953,2015-07-27,0.947,0.93,0.958,0.86,0.865,7155636,6514267.0,0.0,,,-0.08658922914466745,0.9161999999999996,0.8810000000000014,0.8966499999999998,1.0162666666666678,0.9029343391170395,0.9824997753691701,-0.07956543625213064,-0.10483946288730252,0.05054805327034376,70.72193823661787,72.29332692910667,67.5791608516403
900953,2015-07-28,0.865,0.813,0.952,0.813,0.952,8493934,7670614.0,0.0,,,0.100578034682081,0.9291999999999996,0.8900000000000015,0.8892999999999999,1.0049666666666677,0.9169530993693139,0.980532047925983,-0.06357894855666912,-0.09305074450712154,0.05894359190090484,74.4323861088392,73.00634665568418,77.28446501514924
900953,2015-07-29,0.952,0.999,1.036,0.933,1.03,7751306,7595183.0,0.0,,,0.08193277310924364,0.9533999999999996,0.9154000000000014,0.8879999999999999,0.9943000000000012,0.9492522138352243,0.9837235287049744,-0.03447131486975008,-0.07631376461072971,0.08368489948195926,82.05806308601238,76.02358546579359,94.12701832644996
900953,2015-07-30,1.03,1.045,1.064,0.996,0.999,6445411,6664001.0,0.0,,,-0.030097087378640693,0.9585999999999996,0.9339000000000016,0.8851999999999999,0.981600000000001,0.9634658670251602,0.9847091074982084,-0.021243240473048153,-0.060579329142820694,0.07867217733954508,79.40657060979842,77.15124718046187,83.91721746847153
900953,2015-07-31,0.999,0.996,1.022,0.97,0.994,4402552,4382458.0,0.0,,,-0.005005005005005009,0.9679999999999994,0.9443000000000014,0.8861999999999999,0.9663666666666676,0.9721899050179715,0.9853085199176824,-0.01311861489971089,-0.04701912507336075,0.06780102034729972,76.97489833481913,77.09246423191429,76.7397665406288
900953,2015-08-03,0.994,0.996,0.996,0.895,0.897,5792496,5343368.0,0.0,,,-0.0975855130784709,0.9743999999999996,0.9453000000000014,0.8871999999999998,0.9501666666666676,0.9507070750128367,0.9796111960519925,-0.02890412103915585,-0.041843409635016496,0.02587857719172129,62.471977375935204,72.2189686132546,42.9779949012964
900953,2015-08-04,0.897,0.915,0.987,0.91,0.987,6290950,6011756.0,0.0,,,0.10033444816053508,0.9813999999999996,0.9553000000000014,0.8970999999999997,0.9391666666666676,0.9610764821520262,0.9800878930808988,-0.019011410928872596,-0.035319981433261094,0.032617141008776995,64.75555463840567,69.73116395497162,54.80433600527377
900953,2015-08-05,0.987,1.0,1.013,0.958,0.981,5341141,5270327.0,0.0,,,-0.006079027355623106,0.9715999999999994,0.9625000000000012,0.9106499999999996,0.9305333333333344,0.9667689158228759,0.980146738688583,-0.0133778228657071,-0.02905079327110281,0.031345940810791416,65.48112673104866,68.31448488033062,59.81441043248472
900953,2015-08-06,0.981,0.961,1.006,0.934,0.994,3709421,3657153.0,0.0,,,0.013251783893985855,0.9705999999999996,0.9646000000000012,0.9212999999999998,0.9264666666666678,0.9745492255877685,0.9810404974828723,-0.0064912718951037895,-0.022605215735103087,0.032227887679998596,67.6912690823193,68.1067462809935,66.86031468497086
900953,2015-08-07,0.994,0.99,1.063,0.99,1.054,5635921,5826353.0,0.0,,,0.060362173038229314,0.9825999999999996,0.9753000000000012,0.9310499999999996,0.9273333333333345,0.9972494468484061,0.9857475621614175,0.01150188468698865,-0.012860329900219734,0.04872442917441677,77.13282480653956,71.11543912284219,89.1675961739343
900953,2015-08-10,1.054,1.061,1.137,1.061,1.12,6404966,7084268.0,0.0,,,0.062618595825427,1.0271999999999994,1.0008000000000012,0.9408999999999996,0.9313666666666678,1.0323210334631472,0.9944090097639424,0.03791202369920477,0.0016460568424729815,0.07253193371346357,82.4136187415498,74.88149899574472,97.47785823315996
900953,2015-08-11,1.12,1.12,1.123,1.073,1.084,4855178,5333679.0,0.0,,,-0.03214285714285717,1.0465999999999993,1.0140000000000011,0.9519999999999996,0.9308666666666678,1.0470864524736767,1.000189073650162,0.046897378823514746,0.014575005979913487,0.06464474568720252,80.97547034560621,76.91282277903188,89.10076547875488
900953,2015-08-12,1.084,1.06,1.096,1.06,1.07,3468218,3736039.0,0.0,,,-0.012915129151291524,1.0643999999999996,1.0180000000000011,0.9666999999999996,0.9313333333333343,1.0536331803383405,1.0046930043824258,0.04894017595591471,0.024393625973056696,0.04909309996571603,78.0883300926631,77.30465855024228,79.65567317750472
900953,2015-08-13,1.07,1.06,1.092,1.05,1.089,2586666,2769590.0,0.0,,,0.017757009345794304,1.0833999999999997,1.0270000000000012,0.9804499999999996,0.9324666666666678,1.0637379859559575,1.0101321653900297,0.053605820565927775,0.03273996728530558,0.04173170656124439,78.7806498138415,77.79665563810869,80.74863816530714
900953,2015-08-14,1.089,1.09,1.099,1.055,1.062,2125676,2294354.0,0.0,,,-0.024793388429751987,1.0849999999999995,1.0338000000000012,0.9890499999999997,0.9354000000000012,1.0632414185399697,1.013478477300361,0.04976294123960878,0.03760367412939221,0.024318534220433147,74.84055068353017,76.81128731991585,70.89907741075879
900953,2015-08-17,1.062,1.062,1.073,1.045,1.072,1846873,1956614.0,0.0,,,0.009416195856873831,1.0753999999999997,1.051300000000001,0.9982999999999996,0.9419000000000012,1.0657438703856925,1.0172540594100263,0.04848981097566618,0.04071399894261335,0.015551624066105663,72.55379897785427,75.39212453922865,66.8771478551055
900953,2015-08-18,1.072,1.07,1.082,0.97,0.981,3758269,3815602.0,0.0,,,-0.0848880597014926,1.0547999999999995,1.050700000000001,1.0029999999999997,0.9483000000000013,1.0415313359897804,1.0149150878351794,0.026616248154601063,0.036686070146038405,-0.020139643982874683,56.086769105104814,68.95700606118737,30.346295192939692
900953,2015-08-19,0.981,0.97,1.04,0.956,1.033,4734335,4738152.0,0.0,,,0.05300713557594285,1.0473999999999992,1.055900000000001,1.0091999999999997,0.9590666666666678,1.0390938114212716,1.016081856361945,0.023011955059326628,0.03277918012126361,-0.01953445012387396,51.571658224766,63.16189011571358,28.391194442870827
900953,2015-08-20,1.033,1.02,1.027,0.985,0.995,1978311,1991004.0,0.0,,,-0.03678606001936102,1.0285999999999995,1.056000000000001,1.0102999999999998,0.9662000000000012,1.0264955795866226,1.0147217365966548,0.011773842989967864,0.02677765522660768,-0.030007624473279634,41.563425925166285,55.96240205219781,12.765473671103237
900953,2015-08-21,0.995,0.97,0.99,0.932,0.95,3354791,3243836.0,0.0,,,-0.045226130653266375,1.0061999999999989,1.0456000000000008,1.0104499999999998,0.9692333333333344,1.0046396997047304,1.0105461406871836,-0.005906440982453187,0.01743934202401886,-0.046691566012944094,30.85031187332201,47.59170532590588,-2.632475031845729
900953,2015-08-24,0.95,0.9,0.91,0.855,0.855,3520100,3044499.0,0.0,,,-0.09999999999999998,0.9627999999999994,1.019100000000001,1.00995,0.9669666666666679,0.9618854997890932,1.0005109058041182,-0.038625406015024955,0.001420842584292053,-0.08009249719863401,20.566874582214673,38.58342841134214,-15.466233076040261
900953,2015-08-25,0.855,0.7709999999999999,0.8270000000000001,0.77,0.77,6749352,5307227.0,0.0,,,-0.09941520467836254,0.9205999999999996,0.9877000000000008,1.0008499999999998,0.9639000000000012,0.9070610712779237,0.9856392344618874,-0.07857816318396371,-0.021436016206638167,-0.11428429395465109,13.711249721476449,30.29270218138691,-19.451655198344476
900953,2015-08-26,0.77,0.794,0.833,0.737,0.77,5981512,4720107.0,0.0,,,0.0,0.8679999999999997,0.9577000000000008,0.9878499999999996,0.9637000000000012,0.8679007651985169,0.971727025786901,-0.10382626058838407,-0.044976086029994145,-0.11770034911677985,12.179507180800138,24.254970514524654,-11.971419486648891
900953,2015-08-27,0.77,0.795,0.825,0.777,0.8220000000000001,4099281,3288955.0,0.0,,,0.0675324675324676,0.8333999999999996,0.9310000000000008,0.9789999999999998,0.9639666666666679,0.8547862608560834,0.9620672176716001,-0.10728095681551664,-0.06277747768300058,-0.0890069582650321,16.332231840340196,21.614057623129835,5.7685802747609145
900953,2015-08-28,0.8220000000000001,0.838,0.887,0.83,0.879,4236203,3599081.0,0.0,,,0.06934306569343057,0.8191999999999995,0.9127000000000008,0.9732499999999998,0.9636000000000012,0.8617044720400595,0.9567080423379397,-0.0950035702978802,-0.07198493271582333,-0.04603727516411374,24.60796132351182,22.612025523257163,28.599832924021136
900953,2015-08-31,0.879,0.877,0.877,0.8370000000000001,0.84,2418907,2051328.0,0.0,,,-0.0443686006825939,0.8161999999999996,0.8895000000000006,0.9704,0.9620333333333344,0.8555031943143282,0.9491784912193514,-0.09367529690502319,-0.0781821796270233,-0.030986234555999775,27.736440662319207,24.32016390294451,34.5689941810686
900953,2015-09-01,0.84,0.835,0.8440000000000001,0.777,0.779,2911964,2326878.0,0.0,,,-0.07261904761904757,0.8179999999999996,0.8693000000000006,0.96,0.9584333333333344,0.8336451387959487,0.9381992337213131,-0.10455409492536438,-0.08571701256940646,-0.03767416471191584,23.318546648442695,23.98629148477724,21.983056975773607
900953,2015-09-02,0.779,0.763,0.8220000000000001,0.74,0.759,2691932,2096115.0,0.0,,,-0.02567394094993584,0.8157999999999997,0.8419000000000008,0.9489,0.9534333333333346,0.8123179562828204,0.9266379928360517,-0.11432003655323131,-0.09388930513621356,-0.040861462834035495,18.444248490266148,22.13894381994021,11.054857830918024
900953,2015-09-07,0.759,0.7809999999999999,0.815,0.78,0.7929999999999999,2386674,1906082.0,0.0,,,0.0447957839262186,0.8099999999999998,0.8217000000000008,0.93885,0.9474333333333346,0.8067985402020146,0.9180161868466183,-0.11121764664460376,-0.09884025985289648,-0.024754773583414574,23.08614639235468,22.45467801074503,24.349083155573986
900953,2015-09-08,0.7929999999999999,0.7829999999999999,0.85,0.7829999999999999,0.845,2576267,2100122.0,0.0,,,0.06557377049180334,0.8031999999999997,0.8112000000000009,0.9284,0.9440333333333346,0.817713243001439,0.913305465114573,-0.095592222113134,-0.0979122490701072,0.004640053913946396,39.39076426156978,28.10004009435328,61.97221259600277
900953,2015-09-09,0.845,0.85,0.87,0.841,0.867,3308561,2834157.0,0.0,,,0.0260355029585799,0.8085999999999997,0.8124000000000009,0.9157499999999998,0.9441000000000012,0.8317951735724565,0.9103180157523392,-0.0785228421798827,-0.09237241853004306,0.027699152700320723,55.149398396602066,37.11649286176954,91.21520946626713
900953,2015-09-10,0.867,0.851,0.8590000000000001,0.83,0.84,2112129,1788168.0,0.0,,,-0.031141868512110763,0.8207999999999996,0.819400000000001,0.90355,0.940366666666668,0.8341394096946118,0.9057813695747643,-0.07164195988015254,-0.08644943034436006,0.029614940928415046,59.44200255918596,44.55832942757501,89.20934882240785
900953,2015-09-11,0.84,0.84,0.855,0.835,0.852,1410585,1190942.0,0.0,,,0.0142857142857143,0.8393999999999997,0.827600000000001,0.8926499999999999,0.9344333333333348,0.8392424354961512,0.9023116037957439,-0.06306916829959275,-0.07976935547442655,0.03340037434966761,65.02482710294936,51.38049531936647,92.31349067011514
900953,2015-09-14,0.852,0.856,0.8640000000000001,0.767,0.768,2623137,2116975.0,0.0,,,-0.0985915492957746,0.8343999999999996,0.8222000000000012,0.8766,0.9267333333333349,0.8188874539258224,0.8936463390347206,-0.07475888510889817,-0.07833779251284702,0.0071578148078977055,50.1625368034261,50.97450914738635,48.53859211550561
900953,2015-09-15,0.768,0.7509999999999999,0.7879999999999999,0.75,0.7659999999999999,1750854,1348191.0,0.0,,,-0.002604166666666813,0.8185999999999997,0.8109000000000013,0.8617999999999999,0.9191333333333348,0.8037767528041588,0.8854110913550544,-0.08163433855089552,-0.0792796628094323,-0.004709351482926449,40.10835786895071,47.352458721241135,25.62015616436986
900953,2015-09-16,0.7659999999999999,0.778,0.843,0.77,0.843,2743645,2220267.0,0.0,,,0.10052219321148836,0.8137999999999996,0.8112000000000013,0.8503499999999999,0.9173333333333348,0.8149833948601134,0.8826748919127907,-0.0676914970526773,-0.0759687583075023,0.016554522509650005,53.14916165622355,49.28469303290194,60.87809890286675
900953,2015-09-17,0.843,0.852,0.852,0.802,0.81,2167305,1810549.0,0.0,,,-0.03914590747330951,0.8077999999999996,0.8143000000000014,0.8417999999999998,0.9114333333333348,0.8135595677572239,0.8779861892087363,-0.06442662145151234,-0.07267100492007661,0.01648876693712853,52.099441104149044,50.222942389984304,55.85243853247853
900953,2015-09-18,0.81,0.8170000000000001,0.8270000000000001,0.802,0.82,1997563,1632789.0,0.0,,,0.012345679012345552,0.8013999999999996,0.8204000000000014,0.8311499999999997,0.906066666666668,0.81539969125516,0.874245144743654,-0.058845453488494015,-0.06872084736819586,0.0197507877594037,54.17740518054379,51.541096653504134,59.45002223462312
900953,2015-09-21,0.82,0.815,0.853,0.8,0.846,1595196,1332037.0,0.0,,,0.03170731707317076,0.8169999999999996,0.8257000000000014,0.8236999999999997,0.9011333333333348,0.8241426366108285,0.8724228773408365,-0.04828024073000792,-0.06288067404299931,0.029200866625982785,62.78493678702919,55.28904336467915,77.77672363172927
900953,2015-09-22,0.846,0.85,0.853,0.833,0.841,1392455,1171903.0,0.0,,,-0.005910165484633575,0.8319999999999996,0.8253000000000013,0.8182499999999997,0.8940333333333348,0.8289590261505917,0.8703955949317489,-0.0414365687811572,-0.05675378682533013,0.03063443608834586,68.46481165918902,59.680966129515774,86.03250271853553
900953,2015-09-23,0.841,0.841,0.852,0.8320000000000001,0.848,1431277,1210228.0,0.0,,,0.008323424494649234,0.8329999999999996,0.8234000000000012,0.8178999999999996,0.8849666666666681,0.8343993043932798,0.8689507178393773,-0.03455141344609747,-0.050410251574120796,0.031717676256046656,74.29817853302656,64.55337026401936,93.78779507104096
900953,2015-09-24,0.848,0.855,0.856,0.843,0.8540000000000001,919100,781980.0,0.0,,,0.007075471698113346,0.8417999999999995,0.8248000000000012,0.8220999999999996,0.8773000000000014,0.839999503138057,0.8679861553981266,-0.027986652260069578,-0.044003508912963306,0.032033713305787456,79.9414757471639,69.68273875840087,100.45894972468997
900953,2015-09-25,0.8540000000000001,0.853,0.857,0.823,0.831,1121154,937634.0,0.0,,,-0.02693208430913364,0.8439999999999994,0.8227000000000011,0.8251499999999996,0.8693333333333347,0.8374282165271837,0.8655999518240527,-0.028171735296869005,-0.039480145022650646,0.022616819451563283,78.52796202458902,72.63114651379692,90.3215930461732
900953,2015-09-28,0.831,0.826,0.8440000000000001,0.8240000000000001,0.841,609400,510057.0,0.0,,,0.012033694344163669,0.8429999999999994,0.8300000000000011,0.8260999999999997,0.8610666666666681,0.8384487260908456,0.864012858157984,-0.025564132067138368,-0.03550414132107571,0.019880018507874686,79.55503981715896,74.93911094825093,88.78689755497501
900953,2015-09-29,0.841,0.835,0.84,0.828,0.83,796820,662464.0,0.0,,,-0.013079667063020226,0.8407999999999994,0.8364000000000009,0.8236499999999995,0.8533333333333347,0.8360348043506041,0.8618184802123068,-0.025783675861702715,-0.032726865475540566,0.013886379227675702,70.58055286056208,73.48625825235465,64.76914207697695
900953,2015-09-30,0.83,0.8290000000000001,0.8420000000000001,0.826,0.836,570612,475866.0,0.0,,,0.0072289156626506096,0.8383999999999995,0.835700000000001,0.8234499999999996,0.8454666666666679,0.8360248602504314,0.8601527718115122,-0.02412791156108074,-0.030270021499980617,0.012284219877799755,68.10633348598873,71.69294999689934,60.933100464167495
900953,2015-10-08,0.836,0.86,0.873,0.848,0.861,1675725,1443285.0,0.0,,,0.029904306220095718,0.8397999999999994,0.840800000000001,0.8275499999999996,0.8414666666666679,0.8431606144645939,0.8602074316946404,-0.01704681723004653,-0.026491963137142305,0.01889029181419155,73.25810360253129,72.21466786544333,75.34497507670721
900953,2015-10-09,0.861,0.861,0.865,0.852,0.8640000000000001,1066432,917534.0,0.0,,,0.003484320557491421,0.8463999999999995,0.8452000000000011,0.8327999999999995,0.8358333333333346,0.8491147246175672,0.8604521135207928,-0.011337388903225554,-0.022162084784594662,0.021649391762738217,76.17206906835428,73.53380159974698,81.44860400556885
900953,2015-10-12,0.8640000000000001,0.865,0.95,0.865,0.95,5990520,5587570.0,0.0,,,0.09953703703703684,0.8681999999999995,0.855600000000001,0.8406499999999996,0.8343333333333346,0.8779390890125479,0.8662293965194531,0.011709692493094837,-0.012484434133826232,0.048388253253842134,84.11471271223618,77.06077197057671,98.22259419555513
900953,2015-10-13,0.95,0.94,0.957,0.921,0.946,2507275,2363570.0,0.0,,,-0.004210526315789478,0.8913999999999994,0.8661000000000011,0.8456999999999997,0.8342000000000013,0.8973850635803913,0.8713758870665868,0.02600917651380452,-0.0014862596630745872,0.05499087235375822,86.67349006686392,80.26501133600578,99.4904475285802
900953,2015-10-14,0.946,0.944,0.955,0.925,0.926,1905810,1784159.0,0.0,,,-0.021141649048625814,0.9093999999999994,0.873900000000001,0.8486499999999996,0.8365666666666679,0.9055607597002795,0.8749000233848725,0.030660736315407,0.0076985963307772964,0.04592427996925941,83.40421725850632,81.31141331017263,87.58982515517371
900953,2015-10-15,0.926,0.928,0.998,0.926,0.984,3937300,3840551.0,0.0,,,0.0626349892008641,0.9339999999999996,0.886900000000001,0.8558499999999997,0.8437000000000013,0.9279719712144854,0.8819387315535924,0.04603323966089301,0.018651351567953216,0.05476377618587959,86.25415250183947,82.95899304072823,92.84447142406194
900953,2015-10-16,0.984,0.993,1.014,0.965,0.988,3185990,3159496.0,0.0,,,0.0040650406504063935,0.9587999999999997,0.9026000000000012,0.8626499999999997,0.8509666666666679,0.9451228365817752,0.8887813940340075,0.05634144254776774,0.029419948990757366,0.053842987114020746,86.2261725898788,84.04805289044509,90.58241198874623
900953,2015-10-19,0.988,0.999,1.007,0.969,0.98,2603255,2557751.0,0.0,,,-0.008097165991902841,0.9647999999999994,0.9165000000000012,0.8732499999999996,0.8562333333333346,0.9550877404155537,0.8946664653866536,0.060421275028900046,0.03827747071594099,0.044287608625918115,84.78907959892628,84.29506179327215,85.77711521023454
900953,2015-10-20,0.98,0.971,1.007,0.971,0.988,1934853,1910327.0,0.0,,,0.008163265306122457,0.9731999999999996,0.9323000000000012,0.8843499999999997,0.8598666666666679,0.964491243153967,0.9006879837488063,0.06380325940516063,0.04557055319857518,0.0364654124131709,84.63850286514764,84.40954215056398,85.09642429431497
900953,2015-10-21,0.988,0.979,0.99,0.889,0.893,4752719,4397564.0,0.0,,,-0.09615384615384613,0.9665999999999996,0.9380000000000012,0.8868499999999997,0.8616333333333347,0.9440651736814051,0.9001919847972704,0.04387318888413472,0.04508559196587791,-0.002424806163486379,64.86188256853465,77.89365562322087,38.798336459162215
900953,2015-10-22,0.893,0.904,0.933,0.902,0.927,2837620,2603518.0,0.0,,,0.038073908174692084,0.9551999999999996,0.944600000000001,0.8926999999999998,0.8665666666666679,0.9391894097724321,0.9019215341651886,0.03726787560724354,0.04285195872055379,-0.011168166226620507,57.111501130700965,70.9662707923809,29.40196180734111
900953,2015-10-23,0.927,0.93,0.957,0.923,0.948,2374835,2231821.0,0.0,,,0.0226537216828478,0.9471999999999998,0.9530000000000012,0.8990999999999998,0.8728666666666679,0.941706721266023,0.9048943384125964,0.036812382853426584,0.041126365615660306,-0.008627965524467443,53.80766742046729,65.24673633507636,30.92952959124915
900953,2015-10-26,0.948,0.952,0.96,0.938,0.952,1705350,1615234.0,0.0,,,0.004219409282700543,0.9415999999999995,0.953200000000001,0.9044,0.8781666666666681,0.9446476580471593,0.9079334133537197,0.036714244693439646,0.039865759637882976,-0.00630302988888666,52.671778280311514,61.05508365015475,35.905167540625044
900953,2015-10-27,0.952,0.943,0.964,0.92,0.958,1803790,1700195.0,0.0,,,0.00630252100840325,0.9355999999999998,0.9544000000000012,0.9102499999999998,0.8819333333333347,0.948462612890828,0.9111635157179964,0.03729909717283164,0.03913242750501117,-0.003666660664359056,53.514518853541,58.5415620512835,43.46043245805599
900953,2015-10-28,0.958,0.957,0.96,0.93,0.935,1188500,1123126.0,0.0,,,-0.02400835073068884,0.944,0.9553000000000011,0.9145999999999996,0.8842000000000013,0.9446161520648771,0.9127013534136097,0.03191479865126745,0.03707024783251296,-0.010310898362491022,47.94301256902734,55.008712223864784,33.811613259352455
900953,2015-10-29,0.935,0.935,0.978,0.935,0.968,2262110,2173006.0,0.0,,,0.03529411764705873,0.9521999999999998,0.9537000000000012,0.9202999999999998,0.888466666666668,0.9512972514749123,0.9162690080320869,0.0350282434428254,0.036486818006887946,-0.0029171491281250878,54.27839256014253,54.76527233595737,53.30463300851285
900953,2015-10-30,0.968,0.973,1.061,0.948,1.015,6781219,6934794.0,0.0,,,0.048553719008264384,0.9656,0.9564000000000012,0.9294999999999998,0.8939000000000014,0.9694980367677946,0.9226387494493724,0.04685928731842215,0.039450380667326285,0.014817813302191729,60.604199691257804,56.71158145439085,68.38943616499171
900953,2015-11-02,1.015,1.0,1.016,0.981,0.986,3131526,3115895.0,0.0,,,-0.028571428571428487,0.9723999999999998,0.9570000000000012,0.9367499999999996,0.901166666666668,0.9742128834055677,0.9267265720655424,0.04748631134002523,0.04174636085952599,0.01147990096099849,59.20124940657498,57.54147077178556,62.52080667615381
900953,2015-11-03,0.986,0.993,1.004,0.98,0.991,1675281,1657754.0,0.0,,,0.0050709939148073065,0.9789999999999998,0.9573000000000012,0.9448,0.908666666666668,0.9790092024325484,0.9308732448355079,0.04813595759704048,0.04357195992738728,0.009127995339306402,58.12578052681519,57.736240690128774,58.904860200188025
900953,2015-11-04,0.991,0.998,1.06,0.987,1.0490000000000002,5486856,5693385.0,0.0,,,0.05852674066599412,1.0017999999999998,0.9729000000000012,0.95545,0.9155333333333346,0.9990065731661061,0.938494325813863,0.06051224735224303,0.04841204204877464,0.024200410606936784,69.2469742519194,61.57315187739232,84.59461900097355
900953,2015-11-05,1.0490000000000002,1.052,1.067,1.026,1.037,3927158,4100417.0,0.0,,,-0.011439466158246168,1.0155999999999996,0.9839000000000012,0.9642499999999998,0.9231000000000014,1.00986183797579,0.9448495306000662,0.06501230737572383,0.05315497499933155,0.023714664752784567,72.69526174617755,65.28052183365406,87.52474157122452
900953,2015-11-06,1.037,1.032,1.07,1.032,1.07,3464341,3664449.0,0.0,,,0.03182256509161055,1.0265999999999995,0.9961000000000012,0.9745499999999998,0.9314333333333348,1.0270441699827073,0.9529237544323207,0.07412041555038662,0.05914510087106157,0.029950629358650102,81.79684116411836,70.7859616104755,103.81860027140411
900953,2015-11-09,1.07,1.07,1.098,1.056,1.088,3953965,4246620.0,0.0,,,0.01682242990654207,1.047,1.0097000000000014,0.98145,0.9395000000000012,1.0444601214162195,0.9616383509205588,0.08282177049566064,0.06590986362094702,0.03382381374942725,85.88043379195193,75.81745233763431,106.00639670058717
900953,2015-11-10,1.088,1.08,1.097,1.0659999999999998,1.077,2921906,3162319.0,0.0,,,-0.010110294117647169,1.0642,1.0216000000000014,0.9879999999999998,0.947366666666668,1.0537572295830138,0.9690810379579428,0.084676191625071,0.0712716716221253,0.026809040005891405,86.2924773336939,79.30912733632084,100.25917732843999
900953,2015-11-11,1.077,1.0659999999999998,1.0759999999999998,1.052,1.07,2857210,3038720.0,0.0,,,-0.006499535747446514,1.0684,1.0351000000000012,0.9952,0.9547666666666679,1.058398021130724,0.9755919387348502,0.08280608239587384,0.07456721755748202,0.016477729676783626,84.63942933357372,81.08589466873848,91.74649866324418
900953,2015-11-12,1.07,1.062,1.074,1.045,1.062,2293623,2421937.0,0.0,,,-0.007476635514018699,1.0734,1.044500000000001,0.9991,0.9617000000000016,1.0594271579505172,0.9811666523648602,0.078260505585657,0.07562244270838916,0.0052761257545356766,79.59012803029208,80.58730578925635,77.59577251236354
900953,2015-11-13,1.062,1.048,1.06,1.021,1.046,2341950,2444625.0,0.0,,,-0.015065913370998132,1.0686,1.0476000000000012,1.002,0.9688666666666682,1.0555908271075123,0.9853494489864825,0.07024137812102982,0.07408499568342934,-0.007687235124799047,71.70415315013823,77.62625490955031,59.859949631314066
900953,2015-11-16,1.046,1.025,1.047,1.021,1.046,1495385,1549464.0,0.0,,,0.0,1.0602,1.053600000000001,1.0053,0.9757000000000016,1.0528505907910801,0.9892623877615483,0.06358820302953183,0.07108591206803005,-0.014995418076996447,65.52048648447654,73.59099876785905,49.379461917711524
900953,2015-11-17,1.046,1.053,1.081,1.045,1.045,2788860,2974580.0,0.0,,,-0.0009560229445507762,1.0538,1.059000000000001,1.00815,0.9828666666666682,1.0506075648507716,0.9928583627446744,0.05774920210609713,0.0672754235074778,-0.019052442802761332,54.06993471259474,67.08397741610428,28.041849305575653
900953,2015-11-18,1.045,1.046,1.057,1.03,1.03,1210750,1262648.0,0.0,,,-0.014354066985645841,1.0458,1.057100000000001,1.015,0.989333333333335,1.0447196891791226,0.9952545974063084,0.04946509177281422,0.06218675729757391,-0.025443331049519388,39.94272703783376,58.036893956680764,3.7543932001397593
900953,2015-11-19,1.03,1.03,1.078,1.03,1.072,2235542,2365279.0,0.0,,,0.04077669902912625,1.0478,1.060600000000001,1.02225,0.9963666666666684,1.0525140636993733,1.000205913702676,0.052308149996697306,0.05936429806875203,-0.014112296144109443,48.70640676981126,54.9267315610576,36.265757187318584
900953,2015-11-20,1.072,1.072,1.075,1.057,1.072,1728400,1848618.0,0.0,,,0.0,1.053,1.060800000000001,1.02845,1.0033000000000016,1.058081474070981,1.0048377902379875,0.053243683832993494,0.05761555114424959,-0.008743734622512198,54.839358899172474,54.897607340429225,54.722862016658965
900953,2015-11-23,1.072,1.072,1.115,1.063,1.094,4000303,4375921.0,0.0,,,0.02052238805970151,1.0626,1.0614000000000012,1.03555,1.0081000000000016,1.0683439100507008,1.0105901908677948,0.05775371918290606,0.05765502772672287,0.00019738291236638672,62.446097422143396,57.41377070100062,72.51075086442894
900953,2015-11-24,1.094,1.094,1.112,1.077,1.109,1733960,1889199.0,0.0,,,0.013711151736745796,1.0754,1.064600000000001,1.0431,1.0135333333333347,1.0799599357505005,1.0169392108118083,0.06302072493869226,0.05918808407299984,0.0076652817313848515,72.83640537362751,62.554648925209584,93.39991827046337
900953,2015-11-25,1.109,1.115,1.169,1.095,1.153,4917934,5650977.0,0.0,,,0.039675383228133486,1.1,1.072900000000001,1.054,1.0211000000000017,1.100828525536072,1.025717326243305,0.07511119929276688,0.06373754556436186,0.022747307456810056,78.28733331214808,67.79887705418908,99.2642458280661
900953,2015-11-26,1.153,1.159,1.165,1.131,1.134,2858114,3270017.0,0.0,,,-0.016478751084128274,1.1123999999999996,1.0801000000000012,1.0623,1.0261000000000016,1.1103060896686228,1.03270330519535,0.07760278447327273,0.06769904239547925,0.019807484155586974,77.64200599188247,71.07992003342021,90.76617790880701
900953,2015-11-27,1.134,1.13,1.134,1.06,1.079,4408706,4864216.0,0.0,,,-0.0485008818342153,1.1137999999999997,1.0834000000000017,1.0655,1.0291333333333348,1.101361492620445,1.035690188731134,0.06567130388931086,0.06711968853657399,-0.002896769294526258,63.51193684830532,68.55725897171524,53.421292601485476
900953,2015-11-30,1.079,1.077,1.187,1.05,1.186,6354099,7111637.0,0.0,,,0.09916589434661724,1.1321999999999997,1.0974000000000017,1.0755,1.0360000000000016,1.1255439233003177,1.045387595909771,0.08015632739054679,0.07084444249485193,0.018623769791389716,75.46231034048378,70.85894276130476,84.66904549884183
900953,2015-12-01,1.186,1.18,1.214,1.14,1.152,5054271,5950750.0,0.0,,,-0.02866779089376038,1.1407999999999996,1.1081000000000014,1.0835500000000002,1.041466666666668,1.1331028023573697,1.0522658155284956,0.08083698682887408,0.0736994551617154,0.014275063334317356,72.40965616901816,71.37584723054256,74.47727404596938
900953,2015-12-02,1.152,1.152,1.168,1.121,1.159,2560558,2931147.0,0.0,,,0.006076388888888797,1.1419999999999997,1.1210000000000016,1.08905,1.050333333333335,1.1405020016838356,1.0591518919460121,0.08135010973782353,0.07588535646917487,0.010929506537297323,70.42757565739423,71.05975670615977,69.16321355986312
900953,2015-12-03,1.159,1.17,1.197,1.157,1.1840000000000002,3045322,3604216.0,0.0,,,0.021570319240724882,1.1519999999999997,1.1322000000000016,1.0964000000000005,1.0589000000000013,1.1529300012027397,1.0672066085946565,0.08572339260808315,0.07869622393743439,0.014054337341297518,74.1874894626531,72.10233429165756,78.3577998046442
900953,2015-12-04,1.1840000000000002,1.186,1.215,1.166,1.213,5148307,6179559.0,0.0,,,0.02449324324324317,1.1787999999999996,1.1463000000000019,1.1035500000000005,1.0677333333333343,1.170092858001957,1.0766126338466144,0.09348022415534252,0.08292022399969386,0.02112000031129732,82.38761923772834,75.53076260701448,96.10133249915606
900953,2015-12-07,1.213,1.223,1.33,1.223,1.29,7241757,9357797.0,0.0,,,0.06347897774113763,1.1995999999999998,1.165900000000002,1.1136500000000005,1.0790000000000013,1.2043520414299693,1.0903795606952202,0.11397248073474908,0.09179229735256678,0.04436036676436461,83.49650806324746,78.18601109242547,94.11750200489143
900953,2015-12-08,1.29,1.295,1.347,1.284,1.293,7526064,9892116.0,0.0,,,0.002325581395348925,1.2277999999999998,1.1843000000000017,1.1244500000000002,1.0901666666666678,1.2296800295928352,1.1034518471019805,0.12622818249085466,0.10163112167779188,0.04919412162612555,82.93706598155892,79.76969605546996,89.2718058337368
900953,2015-12-09,1.293,1.29,1.4169999999999998,1.27,1.399,9822164,13438051.0,0.0,,,0.0819798917246712,1.2757999999999998,1.2089000000000019,1.1409000000000002,1.1056333333333346,1.2780571639948823,1.122519469869595,0.15553769412528728,0.11703299951993343,0.07700938921070771,86.98983327017645,82.17640846037212,96.6166828897851
900953,2015-12-10,1.399,1.405,1.4280000000000002,1.37,1.372,6738420,9387267.0,0.0,,,-0.019299499642601955,1.3133999999999997,1.2327000000000017,1.1564,1.119100000000001,1.3048979742820588,1.1386149879425247,0.1662829863395341,0.13110442432553363,0.07035712402800093,86.38828390851269,83.58036694308565,92.00411783936678
900953,2015-12-11,1.372,1.37,1.432,1.358,1.36,5634918,7847021.0,0.0,,,-0.008746355685131041,1.3427999999999998,1.2608000000000017,1.1721,1.1306000000000012,1.3206414102014705,1.152897891946233,0.1677435182552376,0.1415727368768776,0.05234156275671997,83.20848080503205,83.45640489706778,82.71263262096059
900953,2015-12-14,1.36,1.35,1.35,1.279,1.337,5718737,7508851.0,0.0,,,-0.01691176470588245,1.3521999999999996,1.2759000000000016,1.1866500000000002,1.1423000000000014,1.3253152930010503,1.1647754473045406,0.1605398456965097,0.14699191082534394,0.027095869742331524,78.6234459386173,81.84541857758428,72.17950066068332
900953,2015-12-15,1.337,1.336,1.392,1.328,1.35,3371900,4589749.0,0.0,,,0.009723261032161649,1.3635999999999997,1.2957000000000016,1.2019000000000002,1.154266666666668,1.3323680664293216,1.1767254184461835,0.1556426479831381,0.14946355001328512,0.01235819593970594,75.80957001968427,79.83346905828428,67.76177194248427
900953,2015-12-16,1.35,1.352,1.382,1.34,1.356,2899154,3934823.0,0.0,,,0.004444444444444284,1.355,1.3154000000000017,1.2182000000000002,1.1645000000000014,1.3391200474495153,1.1882915204819138,0.15082852696760152,0.1498535434288041,0.0019499670775948164,74.34923715598,78.0053917575162,67.03692795290763
900953,2015-12-17,1.356,1.369,1.38,1.291,1.317,5118357,6840119.0,0.0,,,-0.0287610619469026,1.344,1.3287000000000018,1.2304500000000005,1.1738333333333348,1.332800033892511,1.1965952933540485,0.13620474053846254,0.14595388546013507,-0.019498289843345062,64.55818362232797,73.52298904578679,46.62857277541033
900953,2015-12-18,1.317,1.317,1.347,1.3,1.342,4146842,5489108.0,0.0,,,0.018982536066818455,1.3403999999999998,1.341600000000002,1.2439500000000003,1.1829000000000014,1.335428595637508,1.2059762421699165,0.12945235346759154,0.14123916203369408,-0.02357361713220507,57.85360389636681,68.2998606626468,36.961090363806846
900953,2015-12-21,1.342,1.338,1.4269999999999998,1.3330000000000002,1.4240000000000002,6670750,9348501.0,0.0,,,0.0611028315946351,1.3578,1.3550000000000018,1.26045,1.1941000000000015,1.3607347111696486,1.2200422910621802,0.1406924201074684,0.14108295005477245,-0.0007810598946080827,70.2563120625985,68.95201112929736,72.86491392920075
900953,2015-12-22,1.4240000000000002,1.425,1.537,1.4,1.531,9572318,14120841.0,0.0,,,0.07514044943820207,1.3940000000000001,1.378800000000002,1.28155,1.2092333333333347,1.4093819365497489,1.2401040787355881,0.16927785781416071,0.14913863798602625,0.04027843965626893,79.39568090994938,72.43323438951471,93.32057395081873
900953,2015-12-23,1.531,1.516,1.544,1.49,1.511,5107770,7770213.0,0.0,,,-0.013063357282821698,1.425,1.390000000000002,1.29945,1.2239333333333349,1.4384156689641063,1.2575812349461954,0.18083443401791088,0.15819457970942186,0.045279708616978054,82.11284387707316,75.65977088536754,95.01898986048442
900953,2015-12-24,1.511,1.5,1.574,1.5,1.547,5134249,7865005.0,0.0,,,0.02382528127068169,1.471,1.4075000000000022,1.3201,1.2401000000000015,1.4694397635457903,1.2762534133367636,0.19318635020902675,0.1681922284235947,0.04998824357086412,85.02438179375497,78.78130785483002,97.51052967160487
900953,2015-12-25,1.547,1.55,1.64,1.55,1.632,6910248,11051307.0,0.0,,,0.054945054945054916,1.529,1.434700000000002,1.34775,1.2596333333333347,1.51588554538985,1.2992048060247146,0.21668073936513554,0.18204608869260636,0.06926930134505838,89.25216665906491,82.27159412290831,103.2133117313781
900953,2015-12-28,1.632,1.648,1.669,1.469,1.469,9086394,14083091.0,0.0,,,-0.09987745098039204,1.5379999999999998,1.4479000000000022,1.3619,1.273733333333335,1.5024896752784642,1.3101593346682814,0.19233034061018284,0.18498444638334247,0.014691788453680743,75.19809346935898,79.9137605717252,65.76675926462653
900953,2015-12-29,1.469,1.378,1.452,1.3219999999999998,1.4169999999999998,11375055,15764322.0,0.0,,,-0.035398230088495755,1.5152,1.4546000000000021,1.37515,1.286133333333335,1.4780640537703318,1.3170522808187148,0.16101177295161695,0.17813511111713518,-0.03424667633103645,61.24317342401708,73.69023152248916,36.34905722707293
900953,2015-12-30,1.4169999999999998,1.43,1.487,1.328,1.3869999999999998,8906837,12619557.0,0.0,,,-0.02117148906139734,1.4903999999999995,1.4577000000000022,1.3865500000000002,1.298033333333335,1.452045752693094,1.3215650368949268,0.13048071579816733,0.16451956959743005,-0.06807770759852544,48.68786087346393,65.35610797281409,15.351366674763625
900953,2015-12-31,1.3869999999999998,1.38,1.4169999999999998,1.3630000000000002,1.394,3504040,4895031.0,0.0,,,0.005046863734679411,1.4597999999999998,1.465400000000002,1.39705,1.308766666666668,1.4354612519236385,1.3262382603210605,0.10922299160257798,0.1487205473131866,-0.07899511142121723,39.375000428610925,56.69573879141303,4.733523703006725
900953,2016-01-04,1.394,1.385,1.398,1.255,1.258,4978640,6457772.0,0.0,,,-0.09756097560975616,1.3849999999999998,1.457000000000002,1.3992999999999998,1.314966666666668,1.3847580370883132,1.3218357919132502,0.06292224517506306,0.12420674670229416,-0.1225690030544622,26.491546179460432,46.62767458742883,-13.780710636476357
900953,2016-01-05,1.258,1.221,1.3259999999999998,1.2009999999999998,1.297,6998767,9041094.0,0.0,,,0.031001589825119174,1.3505999999999998,1.4443000000000021,1.3996499999999998,1.3217333333333343,1.3596843122059379,1.3202334827575566,0.0394508294483813,0.09999077034403335,-0.1210798817913041,24.498637623913794,39.25132893292382,-5.006744994106256
900953,2016-01-06,1.297,1.314,1.325,1.23,1.291,4368724,5587494.0,0.0,,,-0.004626060138781809,1.3253999999999997,1.4203000000000021,1.39955,1.327800000000001,1.3400602230042413,1.3183474516119078,0.02171277139233352,0.07762562778640483,-0.11182571278814263,22.74268149286561,33.74844645290442,0.7311515727879936
900953,2016-01-07,1.291,1.25,1.268,1.17,1.179,1222536,1487782.0,0.0,,,-0.08675445391169627,1.2837999999999998,1.3871000000000022,1.38855,1.3286666666666678,1.2940430164316008,1.3093572934433975,-0.015314277011796662,0.05107136927263297,-0.13277129256885928,15.762990066720034,27.75329432417629,-8.217618448192482
900953,2016-01-08,1.179,1.225,1.25,1.141,1.2009999999999998,5071079,6166348.0,0.0,,,0.018659881255300933,1.2452,1.3525000000000025,1.38,1.330900000000001,1.2674592974511434,1.302366500318017,-0.03490720286687354,0.026506062947059678,-0.12282653162786644,14.2965388323588,23.26770916023713,-3.6458018233978535
900953,2016-01-11,1.2009999999999998,1.166,1.186,1.081,1.081,5385324,6025707.0,0.0,,,-0.09991673605328884,1.2097999999999998,1.297400000000002,1.36605,1.330966666666668,1.2141852124651025,1.2880847906200803,-0.07389957815497783,-0.0021812630820939,-0.14343663014576785,9.531025888239201,18.68881473623782,-8.784551807758035
900953,2016-01-12,1.081,1.092,1.119,1.0659999999999998,1.096,3673317,4038611.0,0.0,,,0.013876040703052641,1.1695999999999998,1.2601000000000022,1.354,1.3279666666666678,1.1804180089036447,1.2756922234833008,-0.09527421457965612,-0.02877924922425454,-0.13298993071080317,8.729314170940166,15.368981214471935,-4.550019916123372
900953,2016-01-13,1.096,1.118,1.136,1.08,1.088,3115802,3456418.0,0.0,,,-0.0072992700729925045,1.129,1.2272000000000018,1.3409,1.3258333333333343,1.1540128635026035,1.2635830477747008,-0.1095701842720973,-0.05186237352363819,-0.11541562149691822,7.908811536562223,12.882257988502031,-2.0380813673173925
900953,2016-01-14,1.088,1.045,1.186,1.045,1.1740000000000002,4401635,4995918.0,0.0,,,0.07904411764705889,1.128,1.205900000000002,1.3318,1.3263333333333345,1.1597234739304312,1.2578034963053653,-0.09808002237493407,-0.06506741605257987,-0.0660252126447084,17.453844140522147,14.406120039175404,23.54929234321563
900953,2016-01-15,1.1740000000000002,1.15,1.21,1.132,1.15,5017563,5883782.0,0.0,,,-0.020442930153322183,1.1178,1.181500000000002,1.3234499999999998,1.3252000000000013,1.1569453385217365,1.2508484320275997,-0.09390309350586312,-0.07330618103923223,-0.04119382493326179,24.091412107916312,17.63455072875571,37.00513486623752
900953,2016-01-18,1.15,1.115,1.186,1.113,1.163,2581344,2991235.0,0.0,,,0.011304347826087064,1.1342,1.172000000000002,1.3144999999999998,1.3235333333333343,1.1586752418012403,1.2451807912516255,-0.08650554945038524,-0.07707742915670451,-0.01885624058736146,30.108560452896597,21.79255397013601,46.740573418417775
900953,2016-01-19,1.163,1.168,1.229,1.158,1.219,3763303,4492974.0,0.0,,,0.04815133276010322,1.1587999999999998,1.164200000000002,1.30425,1.3211666666666677,1.1759108870008859,1.2434917079450691,-0.06758082094418327,-0.07436411252455559,0.013566583160744633,46.08134224512988,29.8888167284673,78.46639327845503
900953,2016-01-20,1.219,1.216,1.226,1.182,1.203,2631460,3171541.0,0.0,,,-0.013125512715340454,1.1818,1.1554000000000018,1.28785,1.3181666666666678,1.1836506335720614,1.2408793396905484,-0.05722870611848707,-0.06946828212282173,0.02447915200866932,56.41195174065572,38.729861732530104,91.77613175690693
900953,2016-01-21,1.203,1.198,1.217,1.134,1.135,2875613,3383546.0,0.0,,,-0.05652535328345808,1.1740000000000002,1.1510000000000018,1.26905,1.309366666666668,1.1697504525514726,1.2340484145492228,-0.06429796199775017,-0.06799104780137272,0.0073861716072450845,53.91231565319077,43.79067970608366,74.15558754740498
900953,2016-01-22,1.135,1.143,1.181,1.128,1.172,2690338,3119395.0,0.0,,,0.032599118942731216,1.1784,1.1481000000000017,1.2503,1.302700000000001,1.170393180393909,1.2300452910299182,-0.05965211063600928,-0.06560849432555459,0.01191276737909061,58.948790145605415,48.843383185924246,79.15960406496775
900953,2016-01-25,1.172,1.188,1.2,1.16,1.179,1444670,1705190.0,0.0,,,0.005972696245733889,1.1816,1.157900000000002,1.22765,1.2966666666666675,1.1728522717099348,1.226752046447343,-0.053899774737408146,-0.062263145871798466,0.01672674226878064,63.57455574924419,53.75377404036423,83.21611916700412
900953,2016-01-26,1.179,1.162,1.17,1.079,1.095,2672400,3012525.0,0.0,,,-0.07124681933842245,1.1567999999999998,1.157800000000002,1.2089499999999995,1.288600000000001,1.1506087655070962,1.2182519144184818,-0.06764314891138556,-0.06380028959739478,-0.007685718627981564,51.44100818065555,52.982852087128,48.35732036771064
900953,2016-01-27,1.095,1.095,1.117,1.031,1.097,2851309,3051874.0,0.0,,,0.0018264840182648414,1.1355999999999995,1.1587000000000018,1.1929499999999995,1.2801666666666676,1.1352919753622115,1.2104292102624508,-0.07513723490023927,-0.06703941682677891,-0.01619563614692071,45.405116564881475,50.45694024637916,35.30146920188611
900953,2016-01-28,1.097,1.072,1.105,1.051,1.0590000000000002,1741129,1880707.0,0.0,,,-0.03463992707383757,1.1203999999999996,1.147200000000002,1.1765499999999998,1.2702666666666675,1.1134942681158653,1.2006595837939056,-0.08716531567804031,-0.07278967364142502,-0.028751284073230576,34.98388242372574,45.299254305494685,14.353138660187852
900953,2016-01-29,1.0590000000000002,1.058,1.136,1.054,1.112,2866826,3164384.0,0.0,,,0.0500472143531633,1.1083999999999998,1.143400000000002,1.1624499999999998,1.2634333333333343,1.1130673343684752,1.1949396106459116,-0.08187227627743643,-0.07538470296599971,-0.01297514662287344,36.95895191884748,42.51915350994562,25.83854873665122
900953,2016-02-01,1.112,1.109,1.123,1.075,1.079,1410099,1542893.0,0.0,,,-0.02967625899280588,1.0883999999999996,1.135000000000002,1.1534999999999995,1.2546666666666677,1.1033338102631967,1.1874596357655303,-0.0841258255023336,-0.0778821665478094,-0.012487317909048418,32.844429484359864,39.29424550141703,19.94479745024553
900953,2016-02-02,1.079,1.087,1.126,1.087,1.114,1464199,1629987.0,0.0,,,0.03243744207599643,1.0921999999999996,1.1245000000000018,1.1443499999999998,1.2443333333333342,1.1063812930451404,1.1827203044258188,-0.07633901138067833,-0.07744126507148623,0.002204507381615789,36.77083829423276,38.45310976568894,33.406295351320395
900953,2016-02-03,1.114,1.1,1.136,1.098,1.128,1281925,1433115.0,0.0,,,0.012567324955116508,1.0983999999999998,1.1170000000000022,1.1362,1.230900000000001,1.1125580664608146,1.179189962204798,-0.06663189574398354,-0.0743528738350569,0.015441956182146721,43.64604209753583,40.18408720963791,50.56995187333169
900953,2016-02-04,1.128,1.134,1.163,1.128,1.158,2005349,2310416.0,0.0,,,0.026595744680851092,1.1181999999999996,1.1193000000000022,1.13515,1.2191333333333343,1.125541476043439,1.1778228678690048,-0.05228139182556579,-0.06804673611805943,0.03153068858498728,54.14667106305149,44.83828182744244,72.76344953426961
900953,2016-02-05,1.158,1.163,1.18,1.147,1.151,1151601,1332831.0,0.0,,,-0.006044905008635489,1.1259999999999997,1.117200000000002,1.13265,1.2059333333333344,1.1328153400310277,1.1760923602645528,-0.04327702023352509,-0.06096967443676391,0.03538530840647765,62.943418292593634,50.87332731582617,87.08360024612857
900953,2016-02-15,1.151,1.092,1.148,1.092,1.134,1151551,1290651.0,0.0,,,-0.014769765421372637,1.1369999999999996,1.112700000000002,1.1353,1.1893333333333345,1.1331538143078768,1.1733767241184525,-0.04022290981057575,-0.055042027400710146,0.0296382351802688,65.00478445457024,55.583813028740856,83.846727306229
900953,2016-02-16,1.134,1.15,1.196,1.138,1.183,2988783,3507811.0,0.0,,,0.04320987654320981,1.1507999999999996,1.121500000000002,1.13965,1.179800000000001,1.1473955816484835,1.1739975806269394,-0.026601998978455832,-0.04691630499435177,0.04062861203179187,73.68135055592042,61.61632553780071,97.81140059215984
900953,2016-02-17,1.183,1.183,1.192,1.171,1.186,1731860,2049476.0,0.0,,,0.002535925612848598,1.1623999999999994,1.1304000000000018,1.14455,1.172100000000001,1.1584254154632023,1.174771930263911,-0.0163465148007087,-0.03818207922473946,0.04367112884806151,80.10681586357136,67.7798223130576,104.7608029645989
900953,2016-02-18,1.186,1.189,1.199,1.179,1.182,1706012,2022863.0,0.0,,,-0.003372681281618891,1.1671999999999998,1.142700000000002,1.14495,1.1652666666666678,1.1651610110451447,1.1752382573436586,-0.01007724629851392,-0.030152126960103588,0.04014976132317934,82.16798476926259,72.57587646512593,101.35220137753589
900953,2016-02-19,1.182,1.173,1.188,1.173,1.185,1201900,1418238.0,0.0,,,0.0025380710659899442,1.1740000000000002,1.150000000000002,1.1466999999999998,1.1583000000000012,1.1708292936036748,1.1758680471924547,-0.005038753588779921,-0.02297687742543968,0.03587624767331952,83.94532317950839,76.36569203658675,99.10458546535168
900953,2016-02-22,1.185,1.195,1.25,1.186,1.239,3858051,4739666.0,0.0,,,0.0455696202531646,1.1949999999999998,1.166000000000002,1.1505,1.1576666666666675,1.1903066382883394,1.179941076405845,0.01036556188249449,-0.013450466194601345,0.047632056154191665,86.97620701418704,79.9025303624535,101.12356031765412
900953,2016-02-23,1.239,1.228,1.239,1.216,1.236,1719790,2109735.0,0.0,,,-0.0024213075060533604,1.2056,1.178200000000002,1.15135,1.1556333333333344,1.203361884491671,1.1835577811538551,0.019804103337815793,-0.003949160613910733,0.047506527903453055,88.36388484490107,82.72298185660269,99.64569082149782
900953,2016-02-24,1.236,1.228,1.261,1.22,1.253,2772882,3447180.0,0.0,,,0.013754045307443287,1.219,1.190700000000002,1.1538499999999998,1.1543666666666679,1.2175442032083363,1.1880379243052193,0.029506278903117078,0.0056095363909543575,0.04779348502432544,90.66468062638374,85.37021477986303,101.25361231942514
900953,2016-02-25,1.253,1.25,1.254,1.131,1.141,4998079,5916425.0,0.0,,,-0.0893854748603351,1.2108,1.1890000000000025,1.1541499999999998,1.1531000000000011,1.1956744308630973,1.1850032195113342,0.010671211351763077,0.007055729236899706,0.007230964229726742,70.10781469766805,80.28274808579805,49.75794792140803
900953,2016-02-26,1.141,1.167,1.187,1.145,1.171,2210998,2576882.0,0.0,,,0.02629272567922877,1.2080000000000002,1.1910000000000018,1.1540999999999997,1.152100000000001,1.188624593473641,1.184099785994474,0.004524807479167059,0.006332608734690378,-0.003615602511046638,56.994953388188975,72.52014985326169,25.944560458043554
900953,2016-02-29,1.171,1.168,1.172,1.09,1.118,2754489,3080304.0,0.0,,,-0.04526046114432122,1.1838000000000002,1.1894000000000022,1.1510499999999997,1.1533333333333344,1.168446138195458,1.1798352836722497,-0.011389145476791596,0.001269250388552671,-0.025316791730688532,43.45472526074198,62.83167498908845,4.700825804049046
900953,2016-03-01,1.118,1.122,1.163,1.104,1.156,2014233,2288700.0,0.0,,,0.03398926654740612,1.1678000000000002,1.1867000000000023,1.1540999999999997,1.1553333333333342,1.1648900987110415,1.1782975234353303,-0.013407424724288797,-0.0029240853579734633,-0.020966678732630667,41.835313916518025,55.832887964898305,13.840165819757459
900953,2016-03-02,1.156,1.151,1.222,1.145,1.22,3472194,4151526.0,0.0,,,0.055363321799308016,1.1612000000000002,1.1901000000000024,1.1602499999999996,1.1597333333333342,1.1806357847936013,1.1809880057943412,-0.00035222100073983853,-0.0021892669701924277,0.0036740919389051784,53.23133988196719,54.96570527058793,49.7626091047257
900953,2016-03-03,1.22,1.22,1.23,1.202,1.204,2185332,2654717.0,0.0,,,-0.01311475409836067,1.1738000000000002,1.1923000000000024,1.1674999999999995,1.160733333333334,1.1873112748525725,1.182472650581803,0.0048386242707694205,-0.0001812980442033279,0.010039844629945496,57.70978214353368,55.88039756156985,61.36855130746133
900953,2016-03-04,1.204,1.202,1.218,1.161,1.18,2275500,2722117.0,0.0,,,-0.019933554817275767,1.1756,1.1918000000000022,1.1708999999999996,1.1617333333333342,1.1852223391804089,1.1823131247378158,0.0029092144425930666,0.000701705523452785,0.004415017838280563,56.01704774481192,55.92594762265054,56.199247989134676
900953,2016-03-07,1.18,1.175,1.21,1.175,1.194,1387800,1658393.0,0.0,,,0.011864406779661028,1.1908,1.1873000000000022,1.1766499999999995,1.1627666666666676,1.1877302422717204,1.183067116690215,0.004663125581505501,0.0018335398257535611,0.0056591715115038785,57.61760297997208,56.489832741757716,59.8731434564008
900953,2016-03-08,1.194,1.194,1.196,1.159,1.194,1556249,1830457.0,0.0,,,0.0,1.1984,1.183100000000002,1.1806499999999995,1.1619333333333344,1.1895216016226575,1.1837724640005236,0.005749137622133915,0.002952282053290805,0.00559371113768622,59.549946702095184,57.509870728536875,63.6300986492118
900953,2016-03-09,1.194,1.175,1.194,1.16,1.172,1216900,1428163.0,0.0,,,-0.01842546063651593,1.1888,1.175000000000002,1.1828499999999995,1.1609000000000012,1.1845154297304696,1.1830129501940383,0.0015024795364313448,0.0025380527627595303,-0.002071146452656371,59.22377399187295,58.08117181631557,61.50897834298773
900953,2016-03-10,1.172,1.173,1.1840000000000002,1.154,1.158,845200,985770.0,0.0,,,-0.011945392491467588,1.1796000000000002,1.176700000000002,1.1828499999999995,1.1616666666666675,1.1769395926646211,1.1813992114718423,-0.004459618807221233,0.000538718028479312,-0.00999667367140109,55.67299218505813,57.27844527256309,52.46208601004821
900953,2016-03-11,1.158,1.15,1.1840000000000002,1.141,1.168,899717,1050214.0,0.0,,,0.008635578583765121,1.1772000000000002,1.176400000000002,1.1836999999999995,1.1615333333333344,1.1743854233318722,1.1805347462155944,-0.006149322883722164,-0.0013721508035782527,-0.009554344160287822,54.04654505458899,56.201145199905056,49.737344763956855
900953,2016-03-14,1.168,1.18,1.24,1.18,1.212,3929128,4793855.0,0.0,,,0.03767123287671236,1.1808,1.185800000000002,1.1875999999999989,1.1626333333333343,1.1851324452370515,1.1825647625887818,0.0025676826482696757,-0.000246484103050273,0.005628333502639898,59.93675394211656,57.44634811397555,64.91756559839858
900953,2016-03-15,1.212,1.21,1.263,1.21,1.236,4174637,5189536.0,0.0,,,0.01980198019801982,1.1892,1.193800000000002,1.1902499999999994,1.1673333333333344,1.1996660323121795,1.1860121972604734,0.013653835051706142,0.0037250356554515605,0.019857598792509163,65.91412011441652,60.268938780789206,77.20448278167116
900953,2016-03-16,1.236,1.247,1.257,1.213,1.222,1901251,2342978.0,0.0,,,-0.011326860841423958,1.1992000000000005,1.194000000000002,1.1920499999999996,1.171500000000001,1.2060471659372711,1.188333990985604,0.01771317495166702,0.007721646882941692,0.019983056137450658,66.07389428392797,62.20392394850213,73.81383495477964
900953,2016-03-17,1.222,1.234,1.277,1.222,1.272,4133941,5200481.0,0.0,,,0.04091653027823245,1.2220000000000002,1.2008000000000019,1.1965499999999996,1.178600000000001,1.2248908328123367,1.1937317980187907,0.03115903479354598,0.014418043428828633,0.0334819827294347,76.15710599320691,66.85498463007039,94.76134871947994
900953,2016-03-18,1.272,1.276,1.358,1.276,1.347,6791284,8985260.0,0.0,,,0.05896226415094336,1.2578,1.2175000000000018,1.2046499999999996,1.1864333333333343,1.2597791662945261,1.2036200691143526,0.056159097180173534,0.026344058786355748,0.05963007678763557,82.41502918748354,72.0416661492081,103.16175526403444
900953,2016-03-21,1.347,1.364,1.376,1.336,1.357,4740127,6415437.0,0.0,,,0.007423904974016339,1.2868000000000002,1.2338000000000018,1.2105499999999996,1.195700000000001,1.2875565473532329,1.2135155485263298,0.07404099882690307,0.03997175594079785,0.06813848577221045,85.58165066399613,76.55499432080411,103.63496335038016
900953,2016-03-22,1.357,1.358,1.358,1.331,1.342,2769888,3726004.0,0.0,,,-0.011053795136330232,1.3080000000000005,1.248600000000002,1.2158499999999994,1.2033000000000011,1.3031118195380236,1.221804867976244,0.08130695156177947,0.05178181183250688,0.059050279458545185,85.56507207386979,79.558353571826,97.57850907795736
900953,2016-03-23,1.342,1.34,1.375,1.3330000000000002,1.359,3308965,4500216.0,0.0,,,0.01266766020864391,1.3354000000000004,1.2673000000000019,1.2211499999999993,1.2110000000000012,1.3190798710985883,1.2306561668164866,0.08842370428210167,0.06225092396096254,0.05234556064227826,87.9653671981827,82.36069144727823,99.17471869999164
900953,2016-03-24,1.359,1.351,1.359,1.332,1.3330000000000002,3053880,4106902.0,0.0,,,-0.01913171449595276,1.3476000000000004,1.284800000000002,1.2307499999999991,1.2168333333333343,1.323057050784706,1.23725899476381,0.08579805602089596,0.06897867597808637,0.033638760085619196,84.66398629538715,83.12845639664788,87.7350460928657
900953,2016-03-25,1.3330000000000002,1.3259999999999998,1.358,1.3230000000000002,1.3530000000000002,1823452,2436883.0,0.0,,,0.015003750937734444,1.3488000000000002,1.303300000000002,1.2398499999999997,1.2235666666666676,1.3316121791319329,1.2447261563919512,0.0868860227399817,0.07409506076719932,0.025581923945564744,85.15751696800916,83.80480992043498,87.86293106315753
900953,2016-03-28,1.3530000000000002,1.364,1.3969999999999998,1.337,1.35,3095051,4241157.0,0.0,,,-0.0022172949002218128,1.3474000000000002,1.317100000000002,1.2514499999999995,1.2307666666666677,1.3368658422370947,1.2515180172698899,0.08534782496720483,0.07731013625291518,0.016075377428579313,81.59051855838295,83.06671279975097,78.63813007564693
900953,2016-03-29,1.35,1.338,1.359,1.3,1.325,2725984,3627454.0,0.0,,,-0.018518518518518608,1.344,1.3260000000000018,1.2598999999999996,1.2355000000000012,1.3334756015979248,1.2562587903492517,0.07721681124867308,0.07728347196598886,-0.00013332143463157253,74.01272665796961,80.04871741915719,61.940745135594454
900953,2016-03-30,1.325,1.3330000000000002,1.379,1.3330000000000002,1.375,3255667,4422238.0,0.0,,,0.037735849056603814,1.3472000000000002,1.3413000000000015,1.2676499999999995,1.2418000000000011,1.3453397154270892,1.2639195135525256,0.08142020187456356,0.07846539479701022,0.005909614155106685,76.61454504470706,78.90399329434048,72.03564854544021
900953,2016-03-31,1.375,1.38,1.388,1.367,1.37,2342866,3222603.0,0.0,,,-0.003636363636363559,1.3546000000000002,1.3511000000000022,1.2759499999999997,1.2480666666666675,1.3523855110193497,1.2707634159039758,0.08162209511537388,0.07936730917368555,0.004509571883376667,75.13134618100753,77.64644425656283,70.10115002989693
900953,2016-04-01,1.37,1.37,1.384,1.3430000000000002,1.382,2142600,2919350.0,0.0,,,0.008759124087591086,1.3604000000000005,1.3546000000000018,1.28605,1.2546333333333342,1.3608467935852497,1.2779399697166225,0.08290682386862724,0.08037859908652603,0.005056449564202425,78.26625827874732,77.85304893062433,79.09267697499328
900953,2016-04-05,1.382,1.378,1.409,1.369,1.402,2926525,4074108.0,0.0,,,0.014471780028943572,1.3708000000000002,1.3591000000000022,1.29645,1.2600666666666676,1.3726048525608927,1.2859438426381309,0.08666100992276182,0.08217357361116481,0.008974872623194019,83.37016606962355,79.6920879769574,90.72632225495585
900953,2016-04-06,1.402,1.402,1.42,1.39,1.415,2818964,3975824.0,0.0,,,0.009272467902995808,1.3888000000000005,1.3664000000000018,1.3075,1.2660333333333342,1.384717751829209,1.2942700463388965,0.09044770549031256,0.08453761129092131,0.011820188398782489,87.52455515752683,82.30291037048055,97.96784473161941
900953,2016-04-07,1.415,1.42,1.421,1.38,1.383,3226200,4497259.0,0.0,,,-0.02261484098939932,1.3904000000000003,1.3688000000000018,1.31805,1.2703666666666678,1.3842269655922923,1.2999945594783224,0.08423240611396987,0.08445040981179233,-0.00043600739564492175,81.2147172124559,81.94017931780566,79.76379300175637
900953,2016-04-08,1.383,1.38,1.385,1.338,1.358,3055950,4151872.0,0.0,,,-0.01807664497469263,1.3880000000000003,1.3713000000000022,1.3280499999999995,1.277600000000001,1.3767335468516375,1.303736845963592,0.07299670088804544,0.08117792154786466,-0.016362441319638432,70.12110624081083,78.00048829214072,54.362342138151064
900953,2016-04-11,1.358,1.364,1.4480000000000002,1.364,1.406,5722675,8100237.0,0.0,,,0.035346097201767165,1.3928000000000005,1.376600000000002,1.3399499999999998,1.2854333333333343,1.3850953906083125,1.3103344688046505,0.074760921803662,0.07934449304952104,-0.009167142491718072,70.62127803441437,75.54075153956528,60.78233102411255
900953,2016-04-12,1.406,1.413,1.421,1.3969999999999998,1.416,2715517,3819627.0,0.0,,,0.007112375533428172,1.3956000000000004,1.383200000000002,1.3501499999999995,1.2953666666666674,1.3939252790059375,1.3171515998495118,0.07677367915642574,0.07860997479435096,-0.0036725912758504287,71.1388230374356,74.07344203885539,65.26958503459602
900953,2016-04-13,1.416,1.42,1.467,1.42,1.433,5093572,7369319.0,0.0,,,0.012005649717514213,1.3992000000000009,1.3940000000000021,1.36,1.3046000000000009,1.4050894850042412,1.3246256901818014,0.08046379482243982,0.0791396376595192,0.002648314325841228,71.97368564252811,73.37352324007963,69.17401044742508
900953,2016-04-14,1.433,1.435,1.45,1.426,1.442,1788941,2570228.0,0.0,,,0.0062805303558966475,1.4110000000000005,1.400700000000002,1.3709999999999998,1.312000000000001,1.4156353464316007,1.3321982262991046,0.08343712013249616,0.08036748979465548,0.006139260675681352,74.8558421079386,73.86762952936596,76.83226726508389
900953,2016-04-15,1.442,1.4469999999999998,1.449,1.4280000000000002,1.4380000000000002,1194492,1715845.0,0.0,,,-0.0027739251040220397,1.4270000000000005,1.4075000000000022,1.3792999999999995,1.319800000000001,1.4220252474511437,1.339024147183033,0.08300110026811058,0.08111994992992837,0.003762300676364433,75.74368802027949,74.49298235967046,78.24509934149756
900953,2016-04-18,1.4380000000000002,1.429,1.43,1.398,1.403,2300096,3245230.0,0.0,,,-0.02433936022253139,1.4264000000000006,1.4096000000000022,1.3820999999999997,1.3272333333333344,1.4165894624651028,1.3431516215583212,0.07343784090678152,0.07892506163760069,-0.01097444146163834,67.29165764659457,72.09254078864517,57.6898913624934
900953,2016-04-19,1.403,1.403,1.423,1.398,1.4069999999999998,1636992,2303203.0,0.0,,,0.002851033499643465,1.4246000000000003,1.4101000000000021,1.3845999999999996,1.334333333333334,1.413849616046502,1.3472708717803652,0.06657874426613675,0.07539754238861099,-0.017637596244948484,62.69056246207072,68.95854801312035,50.15459135997148
900953,2016-04-20,1.4069999999999998,1.416,1.416,1.33,1.355,4719488,6418895.0,0.0,,,-0.036958066808812966,1.4090000000000005,1.4041000000000021,1.3852499999999996,1.3397000000000006,1.397035440033216,1.3477695252138902,0.04926591481932574,0.06793136308310091,-0.03733089652755034,47.87643336887438,61.93117646503836,19.76694717654641
900953,2016-04-21,1.355,1.355,1.368,1.33,1.332,2269102,3062174.0,0.0,,,-0.016974169741697513,1.3870000000000005,1.3990000000000022,1.3839,1.345033333333334,1.3784538857380115,1.3467521364904136,0.03170174924759794,0.057580044844385773,-0.05175659119357566,32.404240250782436,52.08886439361972,-6.965008034892136
900953,2016-04-22,1.332,1.315,1.347,1.315,1.347,1657799,2214382.0,0.0,,,0.011261261261261356,1.3688000000000002,1.3979000000000021,1.3846,1.351333333333334,1.3694670612414366,1.3467681276845807,0.022698933556855927,0.04761401304794867,-0.049830158982185485,28.620370693504082,44.266033160247844,-2.6709542399834447
900953,2016-04-25,1.347,1.342,1.348,1.3119999999999998,1.335,1540745,2046242.0,0.0,,,-0.008908685968819606,1.3552000000000004,1.390800000000002,1.3837,1.3569000000000009,1.3596193294581689,1.3460088936404142,0.013610435817754674,0.03789870526789324,-0.04857653890027713,24.026483688142523,37.51951666954607,-2.9595822746645695
900953,2016-04-26,1.335,1.346,1.3530000000000002,1.33,1.352,1188650,1594494.0,0.0,,,0.012734082397003674,1.3442000000000005,1.384400000000002,1.3838,1.3615666666666673,1.3574423781844063,1.3463954166313552,0.011046961553051071,0.03022677849222405,-0.038359633878345956,25.67949154088734,33.57284162665983,9.892791369342362
900953,2016-04-27,1.352,1.347,1.369,1.347,1.356,1346650,1827283.0,0.0,,,0.0029585798816568077,1.3444000000000005,1.376700000000002,1.38535,1.3655666666666673,1.3570302701317187,1.347015067171268,0.010015202960450775,0.024452042626003114,-0.028873679331104678,27.82525713431424,31.656980129211302,20.161811144520108
900953,2016-04-28,1.356,1.36,1.364,1.328,1.354,1010696,1360249.0,0.0,,,-0.0014749262536871534,1.3488000000000002,1.367900000000002,1.3843,1.3699666666666672,1.3561644786655134,1.347465707998928,0.00869877066658531,0.019951107780455172,-0.022504674227739725,30.41457820253724,31.24284615365328,28.758042300305156
900953,2016-04-29,1.354,1.348,1.359,1.3330000000000002,1.354,571645,773030.0,0.0,,,0.0,1.3502000000000005,1.3595000000000022,1.3835,1.3727000000000007,1.3555460561896526,1.3478872752248037,0.007658780964848955,0.01643901440456768,-0.01756046687943745,32.88899808097083,31.79156346275913,35.08386731739424
900953,2016-05-03,1.354,1.346,1.3969999999999998,1.346,1.39,2305880,3187887.0,0.0,,,0.0265878877400294,1.3612000000000004,1.358200000000002,1.3839,1.374133333333334,1.3653900401354662,1.3506042252103,0.014785814925166063,0.015966671696167216,-0.0023617135420023055,46.925998720647215,36.83637521538849,67.10524573116466
900953,2016-05-04,1.39,1.39,1.398,1.385,1.3869999999999998,1251539,1742089.0,0.0,,,-0.002158273381295046,1.3682000000000003,1.3562000000000018,1.38315,1.375133333333334,1.3715643143824758,1.3529523397128616,0.018611974669614284,0.01672247254572352,0.003779004247781527,60.353766588958564,44.675505673245176,91.71028842038534
900953,2016-05-05,1.3869999999999998,1.39,1.394,1.376,1.391,729700,1011719.0,0.0,,,0.002883922134102542,1.3752000000000002,1.359800000000002,1.3819499999999998,1.3767666666666674,1.3771173674160542,1.3554070274733219,0.021710339942732304,0.01814757751629746,0.007125524852869686,70.85599943139879,53.40233692596305,105.76332444227025
900953,2016-05-06,1.391,1.393,1.398,1.331,1.34,2201700,2993137.0,0.0,,,-0.03666427030913008,1.3724000000000005,1.3606000000000018,1.3798,1.376133333333334,1.3665124052971815,1.3544130257008495,0.012099379596332005,0.016419520967735902,-0.008640282742807794,58.09004613256051,54.96490666149554,64.34032507469045
900953,2016-05-09,1.34,1.331,1.339,1.287,1.294,2585910,3375162.0,0.0,,,-0.03432835820895525,1.3604,1.3553000000000022,1.3765999999999998,1.374833333333334,1.3457945752122726,1.3505154111395044,-0.004720835927231715,0.010379418997745153,-0.030200509849953736,40.828799523809145,50.252870948933406,21.980656673560617
900953,2016-05-10,1.294,1.29,1.308,1.288,1.293,1053750,1366742.0,0.0,,,-0.0007727975270478282,1.3410000000000002,1.3511000000000015,1.37095,1.3728333333333338,1.330710410865909,1.3468047394530847,-0.016094328587175744,0.002815491116339182,-0.03781963940702985,29.02100148434123,43.17558112740269,0.7118421982183207
900953,2016-05-11,1.293,1.294,1.304,1.21,1.218,3758380,4700302.0,0.0,,,-0.05800464037122983,1.3072000000000004,1.3377000000000017,1.36105,1.368433333333334,1.298507436332792,1.338494756262563,-0.039987319929771115,-0.009413883468263762,-0.061146872923014704,20.76577403920621,35.705645431337196,-9.113968745055757
900953,2016-05-12,1.218,1.198,1.212,1.153,1.207,2230875,2635535.0,0.0,,,-0.009031198686371018,1.2704000000000002,1.3228000000000018,1.3497499999999998,1.3645000000000005,1.272362454523423,1.3300112236004624,-0.05764876907703953,-0.023195279356485413,-0.06890697944110824,21.19078813498102,30.867359665885136,1.8376450731727871
900953,2016-05-13,1.207,1.2,1.227,1.182,1.198,1138150,1377146.0,0.0,,,-0.007456503728251963,1.2420000000000002,1.3072000000000017,1.3375499999999998,1.3586000000000005,1.251116038945302,1.3214943704649487,-0.07037833151964668,-0.036676151403102916,-0.06740436023308752,20.249641069579177,27.32812013378315,6.092682941171233
900953,2016-05-16,1.198,1.1840000000000002,1.235,1.151,1.231,1515937,1849347.0,0.0,,,0.027545909849749514,1.2294,1.2949000000000015,1.3272,1.3539666666666674,1.2453685992466443,1.315656023983339,-0.07028742473669469,-0.04627937235555771,-0.04801610476227397,24.295982035589912,26.3174074343854,20.25313123799893
900953,2016-05-17,1.231,1.235,1.238,1.22,1.223,724500,888987.0,0.0,,,-0.006498781478472793,1.2154,1.2782000000000016,1.3182,1.3486666666666671,1.2389775708904605,1.3096782159844138,-0.07070064509395335,-0.05325687885224218,-0.03488753248342234,25.913920547343356,26.182911805371386,25.375938031287298
900953,2016-05-18,1.223,1.22,1.22,1.162,1.1909999999999998,1584000,1882216.0,0.0,,,-0.02616516762060509,1.21,1.2586000000000015,1.3074,1.3416333333333341,1.2252696934931862,1.302021556888645,-0.07675186339545892,-0.059969731578875536,-0.033564263633166766,22.674057692830768,25.013293767857846,17.99558554277661
900953,2016-05-19,1.1909999999999998,1.18,1.218,1.179,1.186,1169850,1402680.0,0.0,,,-0.004198152812762296,1.2058,1.2381000000000015,1.29895,1.3340000000000007,1.2140497810665618,1.294536295153894,-0.0804865140873321,-0.06583166943843456,-0.029309689297795066,21.321712220752413,23.78276658548937,16.399603491278498
900953,2016-05-20,1.186,1.177,1.2,1.17,1.198,930589,1105709.0,0.0,,,0.010118043844856673,1.2058,1.2239000000000018,1.29225,1.327833333333334,1.2094641293332584,1.288308147079449,-0.07884401774619065,-0.06954948324065059,-0.018589069011080123,24.193243391329617,23.91959218743612,24.74054579911661
900953,2016-05-23,1.198,1.2009999999999998,1.241,1.2,1.224,1558750,1915139.0,0.0,,,0.021702838063439086,1.2044,1.2169000000000016,1.2860999999999998,1.3233666666666677,1.2136172352380419,1.284159234364646,-0.07054199912660408,-0.06983305920806587,-0.001417879837076419,32.03296836110426,26.624050911992168,42.85080325932845
900953,2016-05-24,1.224,1.222,1.225,1.192,1.202,839007,1013131.0,0.0,,,-0.017973856209150343,1.2002000000000002,1.2078000000000018,1.27945,1.316566666666667,1.21029802517003,1.278858638599185,-0.06856061342915498,-0.06946950327123419,0.001817779684158416,40.24420112962502,31.16410098453645,58.40440141980215
900953,2016-05-25,1.202,1.212,1.231,1.194,1.2,1531830,1854024.0,0.0,,,-0.0016638935108153096,1.2020000000000002,1.2060000000000015,1.27185,1.3093666666666677,1.207355732264307,1.2737709844960117,-0.06641525223170475,-0.06859686011708292,0.004363215770756351,44.97761556789811,35.768605845657,63.39563501238034
900953,2016-05-26,1.2,1.194,1.204,1.168,1.197,1939329,2291735.0,0.0,,,-0.002499999999999911,1.2042000000000002,1.2050000000000014,1.2638999999999998,1.301500000000001,1.204396951617362,1.2688180177543336,-0.06442106613697152,-0.06740377612276538,0.0059654199715877265,47.022114082302444,39.51977525787215,62.026791731163044
900953,2016-05-27,1.197,1.175,1.204,1.175,1.189,1188016,1415798.0,0.0,,,-0.006683375104427743,1.2024,1.2041000000000015,1.2556499999999997,1.2930666666666677,1.1999978225838301,1.2636684682217958,-0.06367064563796565,-0.0663371674128226,0.005333043549713895,42.740481118159465,40.59334387796792,47.03475559854256
900953,2016-05-30,1.189,1.183,1.198,1.175,1.1909999999999998,552376,655673.0,0.0,,,0.0016820857863749199,1.1958,1.2001000000000013,1.2474999999999998,1.2848333333333344,1.1974270161313074,1.258980179949422,-0.0615531638181146,-0.06497030924290602,0.006834290849582841,40.729940998604135,40.638876251513324,40.91207049278576
900953,2016-05-31,1.1909999999999998,1.181,1.2819999999999998,1.181,1.273,4606907,5758824.0,0.0,,,0.06884970612930318,1.21,1.2051000000000012,1.2416499999999997,1.280500000000001,1.219019297236648,1.259884684468814,-0.04086538723216604,-0.058083188668408885,0.03443560287248569,57.855048385034365,46.37760029602034,80.80994456306242
900953,2016-06-01,1.273,1.273,1.2919999999999998,1.267,1.268,2110692,2697280.0,0.0,,,-0.00392772977219159,1.2235999999999998,1.2128000000000014,1.2356999999999998,1.2758666666666678,1.2330137837404629,1.2604082532127616,-0.027394469472298733,-0.04931498318380598,0.04384102742301449,65.45175268679715,52.73565109294594,90.88395587449958
900953,2016-06-02,1.268,1.267,1.28,1.259,1.272,911553,1157235.0,0.0,,,0.0031545741324921165,1.2386,1.2214000000000014,1.2297499999999997,1.2731000000000017,1.2441527026717591,1.2611561078441962,-0.017003405172437036,-0.040083103751986274,0.046159397159098475,71.59149103850997,59.020931074800615,96.7326109659287
900953,2016-06-03,1.272,1.271,1.2990000000000002,1.263,1.286,1230323,1580305.0,0.0,,,0.011006289308176109,1.2579999999999998,1.2302000000000013,1.2270499999999998,1.2715666666666678,1.2561090733369709,1.2627589395961836,-0.006649866259212711,-0.030530750182622395,0.04776176784681937,77.75310598496083,65.26498937818735,102.72933919850777
900953,2016-06-06,1.286,1.291,1.3,1.277,1.281,1018850,1314439.0,0.0,,,-0.003888024883359343,1.2759999999999998,1.235900000000001,1.2263999999999995,1.2693666666666679,1.2632207666692647,1.2639357822028812,-0.0007150155336164143,-0.02201196885433497,0.04259390664143711,80.37075752532739,70.30024542723403,100.5117817215141
900953,2016-06-07,1.281,1.29,1.29,1.267,1.283,659465,840789.0,0.0,,,0.0015612802498050147,1.2779999999999998,1.244000000000001,1.2258999999999998,1.2676333333333347,1.268871976192332,1.2651657317381793,0.003706244454152685,-0.014663907909052783,0.03674030472641093,82.62090905728894,74.407133303919,99.04846056402883
900953,2016-06-08,1.283,1.275,1.285,1.265,1.281,1036809,1320220.0,0.0,,,-0.0015588464536244926,1.2805999999999995,1.2521000000000015,1.2290499999999995,1.265266666666668,1.2723371258516656,1.2661872974324901,0.00614982841917544,-0.008717126100987576,0.029733909040326034,83.34727270485926,77.38717977089908,95.26745857277962
900953,2016-06-13,1.281,1.255,1.27,1.22,1.221,2060028,2563467.0,0.0,,,-0.04683840749414525,1.2703999999999998,1.2545000000000015,1.2297499999999997,1.260766666666668,1.2576693756083326,1.2632719879207166,-0.005602612312384014,-0.007827265018529416,0.004449305412290803,67.83151513657286,74.20195822612368,55.09062895747121
900953,2016-06-14,1.221,1.222,1.242,1.216,1.229,1015568,1245622.0,0.0,,,0.006552006552006741,1.2589999999999997,1.2585000000000015,1.2312999999999996,1.2566000000000015,1.2494781254345233,1.2610608919258315,-0.011582766491308183,-0.00890026543932335,-0.005365002103969667,58.6663882423091,69.02343489818549,37.95229493055632
900953,2016-06-15,1.229,1.219,1.271,1.218,1.263,1308797,1645917.0,0.0,,,0.02766476810414956,1.2553999999999996,1.2657000000000014,1.2328999999999994,1.2535666666666678,1.2533415181675167,1.261185995672552,-0.007844477505035252,-0.008598611743812464,0.0015082684775544232,57.76171914566634,65.26952964734578,42.74609814230746
900953,2016-06-16,1.263,1.26,1.269,1.245,1.249,675450,849204.0,0.0,,,-0.011084718923198568,1.2485999999999997,1.2633000000000014,1.2341999999999993,1.248866666666668,1.252101084405369,1.260399802403355,-0.008298717997985872,-0.008512927816433436,0.0004284196368951297,51.603050859015696,60.71403671790242,33.38107914124225
900953,2016-06-17,1.249,1.25,1.273,1.25,1.256,1051045,1328444.0,0.0,,,0.005604483586869411,1.2435999999999998,1.2621000000000016,1.2374499999999995,1.2445000000000015,1.2532150602895493,1.2601159441837835,-0.0069008838942341555,-0.008052343838662214,0.0023029198888561177,50.27504977902634,57.23437440494373,36.35640052719155
900953,2016-06-20,1.256,1.256,1.267,1.244,1.259,603465,758684.0,0.0,,,0.002388535031847225,1.2511999999999996,1.2608000000000017,1.2410999999999994,1.2401000000000015,1.254867900206821,1.2600439477848298,-0.005176047578008713,-0.007230544907046928,0.00410899465807643,50.58019191617624,55.016313575354566,41.707948597819595
900953,2016-06-21,1.259,1.262,1.286,1.245,1.262,1208696,1538075.0,0.0,,,0.002382843526608333,1.2577999999999998,1.2584000000000015,1.2442999999999995,1.2375000000000014,1.2569056430048722,1.2601701447019376,-0.0032645016970653806,-0.006097389704195057,0.005665776014259353,54.44084866483822,54.824491938515784,53.67356211748309
900953,2016-06-22,1.262,1.268,1.293,1.255,1.287,994555,1266965.0,0.0,,,0.019809825673534003,1.2625999999999995,1.2590000000000017,1.2474499999999993,1.2372666666666678,1.265504030717766,1.261901103108264,0.0036029276095019824,-0.003325870471710188,0.013857596162424341,67.02982984582287,58.89293790761815,83.30361372223234
900953,2016-06-23,1.287,1.287,1.29,1.267,1.28,940105,1199589.0,0.0,,,-0.0054390054390053575,1.2688,1.2587000000000017,1.2513499999999993,1.2368333333333348,1.2696457362269757,1.263068773875473,0.006576962351502846,-0.0004964896650778924,0.014146904033161477,72.39218093617633,63.3926855838042,90.3911716409206
900953,2016-06-24,1.28,1.271,1.289,1.2009999999999998,1.254,1980265,2489126.0,0.0,,,-0.02031250000000001,1.2683999999999995,1.2560000000000016,1.2540499999999994,1.2380333333333349,1.265175525876411,1.2624836916899587,0.0026918341864523576,0.00041446000678789345,0.0045547483593289285,67.46435250817557,64.74990789192799,72.8932417406707
900953,2016-06-27,1.254,1.247,1.287,1.247,1.28,1147284,1464587.0,0.0,,,0.020733652312599698,1.2726,1.2619000000000014,1.2581999999999995,1.2404666666666684,1.2694110899117224,1.2636137760970583,0.005797313814664085,0.0019524182376096624,0.007689791154108844,73.59942341124751,67.69974639836784,85.39877743700686
900953,2016-06-28,1.28,1.264,1.285,1.263,1.2819999999999998,1064932,1357488.0,0.0,,,0.001562499999999828,1.2765999999999995,1.2672000000000014,1.2628499999999996,1.243266666666668,1.2730079213655159,1.2647999840907966,0.008207937274719246,0.0037397093910695434,0.008936455767299404,78.41410836112149,71.27120038595238,92.69992431145971
900953,2016-06-29,1.2819999999999998,1.283,1.305,1.283,1.294,1603687,2079180.0,0.0,,,0.009360374414976782,1.278,1.2703000000000015,1.2679999999999996,1.2453666666666678,1.2790056581182254,1.2666838560849387,0.0123218020332867,0.006191735860274446,0.012260132346024508,82.08376454844,74.87538844011492,96.50051676509017
900953,2016-06-30,1.294,1.284,1.3019999999999998,1.281,1.294,868901,1118507.0,0.0,,,0.0,1.2807999999999995,1.2748000000000017,1.2690499999999996,1.2477333333333347,1.2832897557987324,1.2684461879504265,0.014843567848305872,0.008663687856854852,0.012359759982902039,84.53020200665235,78.09365962896072,97.40328676203558
900953,2016-07-01,1.294,1.294,1.3019999999999998,1.287,1.293,681007,881488.0,0.0,,,-0.0007727975270478282,1.2886,1.2785000000000015,1.2702999999999995,1.2511333333333343,1.2860641112848088,1.2700303048568506,0.016033806427958153,0.010769436020027225,0.010528740815861855,85.84064749161439,80.67598891651194,96.16996464181929
900953,2016-07-04,1.293,1.289,1.32,1.281,1.3119999999999998,2091844,2740255.0,0.0,,,0.014694508894044613,1.2949999999999997,1.2838000000000014,1.2722999999999998,1.2553333333333343,1.2934743652034346,1.2727380271241506,0.02073633807928399,0.013617122322672015,0.014238431513223949,88.31953530253277,83.22383771185223,98.51093048389387
900953,2016-07-05,1.3119999999999998,1.311,1.315,1.305,1.311,944000,1237016.0,0.0,,,-0.0007621951219511356,1.3007999999999995,1.2887000000000013,1.2735499999999995,1.259100000000001,1.2984816894310245,1.2752065415032376,0.023275147927786843,0.01637655820984768,0.013797179435878326,89.69201513166047,85.37989685178832,98.31625169140477
900953,2016-07-06,1.311,1.31,1.3130000000000002,1.3030000000000002,1.307,614300,803409.0,0.0,,,-0.003051106025934404,1.3033999999999994,1.2907000000000015,1.2748499999999996,1.2618666666666678,1.3009154924507318,1.2772577323739964,0.023657760076735368,0.018456901600387023,0.01040171695269669,89.48655350514055,86.74878240290572,94.96209570961022
900953,2016-07-07,1.307,1.3090000000000002,1.311,1.293,1.301,679600,883609.0,0.0,,,-0.00459066564651875,1.3047999999999995,1.2928000000000015,1.2757499999999995,1.265166666666668,1.3009396374648083,1.278789491575674,0.022150145889134443,0.019512114254314858,0.00527606326963917,84.31523658333565,85.93760046304902,81.07050882390888
900953,2016-07-08,1.301,1.306,1.307,1.293,1.3019999999999998,806800,1050676.0,0.0,,,0.0007686395080706303,1.3065999999999989,1.2976000000000014,1.2767999999999995,1.268566666666668,1.3012425981891487,1.2802869437320819,0.02095565445706682,0.01992455431224399,0.002062200289645655,79.0171752660833,83.63079206406046,69.78994167012897
900953,2016-07-11,1.3019999999999998,1.3019999999999998,1.314,1.296,1.3,1023834,1338900.0,0.0,,,-0.0015360983102916898,1.3041999999999994,1.2996000000000016,1.2807499999999996,1.2720000000000011,1.3008875701351061,1.281558753813883,0.019328816321223075,0.01975434345766659,-0.0008510542728870293,68.91743308337182,78.72633907049759,49.299621109120295
900953,2016-07-12,1.3,1.308,1.3159999999999998,1.288,1.315,1465963,1907168.0,0.0,,,0.011538461538461465,1.3049999999999993,1.3029000000000015,1.2850499999999996,1.2762000000000011,1.304919692953647,1.2837162535678261,0.02120343938582092,0.02016837086571068,0.0020701370402204794,75.00478444874352,77.48582086324623,70.0427116197381
900953,2016-07-13,1.315,1.315,1.328,1.3090000000000002,1.32,880700,1162121.0,0.0,,,0.0038022813688213812,1.3075999999999994,1.3055000000000017,1.2878999999999998,1.2805000000000009,1.3092283521097479,1.2860571404344179,0.023171211675329983,0.02102632538274477,0.00428977258517043,77.6627641005808,77.54480194235775,77.8986884170269
900953,2016-07-14,1.32,1.311,1.321,1.311,1.318,429300,565171.0,0.0,,,-0.0015151515151515165,1.3109999999999993,1.3079000000000014,1.29135,1.2820000000000007,1.3117345372212486,1.2881179700838103,0.023616567137438205,0.021766394455514322,0.003700345363847765,78.01631081882694,77.70197156784748,78.64498932078587
900953,2016-07-15,1.318,1.3119999999999998,1.328,1.31,1.317,324500,426925.0,0.0,,,-0.0007587253414264888,1.3139999999999994,1.3103000000000016,1.2944,1.283633333333334,1.3132389551580348,1.2899813268525968,0.023257628305437983,0.022192461269778224,0.0021303340713195174,76.17754054588453,77.19382789385982,74.14496584993393
900953,2016-07-18,1.317,1.3130000000000002,1.319,1.3,1.304,566100,738222.0,0.0,,,-0.009870918754745559,1.3147999999999995,1.3095000000000017,1.29665,1.2847000000000008,1.3105992536843107,1.2908857573782355,0.019713496306075218,0.021484185565863078,-0.0035413785195757205,64.11836036392302,72.83533871721421,46.684403657340624
900953,2016-07-19,1.304,1.31,1.3119999999999998,1.298,1.3119999999999998,591512,771665.0,0.0,,,0.0061349693251532104,1.3141999999999996,1.3096000000000017,1.2991499999999998,1.2855666666666674,1.3109994669173648,1.2922479665796396,0.018751500337725213,0.02070341835782369,-0.0039038360401969507,62.74557357594849,69.47208367012564,49.29255338759418
900953,2016-07-20,1.3119999999999998,1.314,1.314,1.305,1.306,506900,663796.0,0.0,,,-0.004573170731707153,1.3113999999999997,1.3095000000000014,1.3001,1.2864000000000009,1.3095710477981177,1.2931351945422436,0.016435853255874155,0.019484114042980966,-0.006096521574213622,56.83038238396566,65.25818324140565,39.9747806690857
900953,2016-07-21,1.306,1.3159999999999998,1.3159999999999998,1.307,1.31,691550,907149.0,0.0,,,0.0030627871362940303,1.3097999999999996,1.3104000000000016,1.3016,1.2873000000000008,1.309693605570084,1.29422324650726,0.015470359062824013,0.018337326905793264,-0.005733935685938503,56.22025492264378,62.245540468485025,44.16968383096129
900953,2016-07-22,1.31,1.306,1.314,1.294,1.297,574900,748355.0,0.0,,,-0.009923664122137498,1.3057999999999994,1.3099000000000016,1.3037499999999995,1.287833333333334,1.3060668611214887,1.2944023918938885,0.011664469227600227,0.01643079614059525,-0.00953265382599005,44.9801699484291,56.49041696179972,21.95967592168786
900953,2016-07-25,1.297,1.291,1.306,1.287,1.29,464001,600424.0,0.0,,,-0.005397070161912024,1.3029999999999995,1.3089000000000015,1.3042499999999997,1.290133333333334,1.3014763293724918,1.2941183666104117,0.007357962762080117,0.013838558032448071,-0.012961190540735908,32.425804355863384,48.468879426487604,0.3396542146149386
900953,2016-07-26,1.29,1.3,1.311,1.286,1.3090000000000002,802300,1041511.0,0.0,,,0.014728682170542734,1.3023999999999991,1.3083000000000018,1.3055999999999996,1.2928000000000006,1.30362594955178,1.2950784719903852,0.008547477561394734,0.01232682075500426,-0.0075586863872190505,39.871171157877264,45.60297667028416,28.407560133063484
900953,2016-07-27,1.3090000000000002,1.3119999999999998,1.3119999999999998,1.252,1.265,2445850,3112833.0,0.0,,,-0.03361344537815145,1.2941999999999994,1.3028000000000015,1.3041499999999997,1.2928666666666675,1.292589963965557,1.2931379254103605,-0.0005479614448036241,0.008648311555059148,-0.018392545999725545,32.28253515788304,41.162829499483784,14.521946474681542
900953,2016-07-28,1.265,1.27,1.274,1.241,1.253,929364,1167509.0,0.0,,,-0.009486166007905148,1.2827999999999993,1.2963000000000018,1.3020999999999998,1.2930000000000006,1.2812785456896834,1.2905483818354986,-0.009269836145815225,0.0035288407833807558,-0.02559735385839196,26.64989523346041,36.32518474414266,7.299316212095903
900953,2016-07-29,1.253,1.245,1.256,1.229,1.232,764600,949259.0,0.0,,,-0.016759776536312776,1.2697999999999994,1.2878000000000018,1.2990499999999998,1.2922000000000011,1.2671989612069166,1.2867710668783696,-0.019572105671453066,-0.0030714296322860513,-0.03300135207833403,18.916022109663224,30.522130532649516,-4.29619473630936
900953,2016-08-01,1.232,1.244,1.244,1.193,1.214,1272738,1536108.0,0.0,,,-0.014610389610389626,1.2545999999999995,1.2788000000000015,1.2941499999999997,1.2907000000000006,1.2519992580049404,1.2820761593378294,-0.030076901332888983,-0.010787278689601177,-0.03857924528657561,18.301738317011242,26.448666460770095,2.007882029493537
900953,2016-08-02,1.214,1.23,1.232,1.204,1.225,458484,561675.0,0.0,,,0.009060955518945734,1.2377999999999996,1.2701000000000018,1.2898499999999995,1.2894666666666672,1.2442851842892433,1.2783938264773245,-0.034108642188081184,-0.01745052540345261,-0.03331623356925715,20.87324559887473,24.590192840138304,13.439351116347574
900953,2016-08-03,1.225,1.225,1.229,1.217,1.225,462100,565109.0,0.0,,,0.0,1.2297999999999996,1.2620000000000018,1.2857499999999995,1.2874000000000008,1.2387751316351736,1.2749490634787874,-0.03617393184361384,-0.022800070100641535,-0.026747723485944605,22.73092406316167,23.970436581146092,20.251899027192827
900953,2016-08-04,1.225,1.229,1.25,1.219,1.249,731900,906340.0,0.0,,,0.01959183673469389,1.2289999999999996,1.2559000000000018,1.2831499999999998,1.286366666666667,1.2416965225965526,1.2732749303511235,-0.03157840775457088,-0.025308166573192778,-0.012540482362756206,30.84022388524508,26.26036568251242,39.999940290710406
900953,2016-08-05,1.249,1.238,1.264,1.238,1.241,314400,392257.0,0.0,,,-0.006405124099279606,1.2307999999999997,1.2503000000000015,1.2800999999999998,1.285933333333334,1.2414975161403947,1.2711926767800832,-0.029695160639688467,-0.026561593449334404,-0.006267134380708125,34.00552740809059,28.842086257705144,44.3324097088615
900953,2016-08-08,1.241,1.24,1.248,1.216,1.248,371196,458983.0,0.0,,,0.005640612409347396,1.2375999999999994,1.2461000000000015,1.2775,1.2848666666666673,1.2433553686717105,1.2696963750523358,-0.02634100638062531,-0.026498568572560374,0.0003151243838701301,38.07651407037974,31.92022886193001,50.389084487279185
900953,2016-08-09,1.248,1.245,1.254,1.235,1.254,324900,405916.0,0.0,,,0.0048076923076923106,1.2433999999999994,1.2406000000000017,1.27445,1.283933333333334,1.2463966919083647,1.2686837056941207,-0.022287013785756038,-0.025295267204901994,0.006016506838291913,50.4872233720227,38.109227031960906,75.24321605214628
900953,2016-08-10,1.254,1.256,1.263,1.25,1.25,508000,637604.0,0.0,,,-0.003189792663476877,1.2483999999999995,1.2391000000000016,1.2709499999999998,1.2824666666666675,1.2474262085059749,1.267478305326758,-0.020052096820783127,-0.023797218523725173,0.007490243405884091,60.418712294963484,45.54572211962843,90.1646926456336
900953,2016-08-11,1.25,1.242,1.256,1.24,1.245,410200,512017.0,0.0,,,-0.003999999999999915,1.2475999999999996,1.2383000000000015,1.2673,1.2808333333333342,1.2467330060756963,1.2660280920798705,-0.01929508600417429,-0.022510894946710637,0.006431617885072696,64.6922870698818,51.927910436379555,90.2210403368863
900953,2016-08-12,1.245,1.238,1.255,1.232,1.252,321620,400636.0,0.0,,,0.005622489959839273,1.2497999999999994,1.2403000000000015,1.2640499999999997,1.2794666666666676,1.2482378614826402,1.265123053881169,-0.016885192398528925,-0.020903551361515865,0.00803671792597388,69.79485804658786,57.88355963978233,93.61745486019892
900953,2016-08-15,1.252,1.252,1.296,1.247,1.284,1500516,1916387.0,0.0,,,0.025559105431309927,1.2569999999999992,1.2473000000000019,1.2630499999999998,1.2785333333333344,1.258455615344743,1.2663409213727066,-0.007885306027963557,-0.017184052694786633,0.018597493333646152,74.86323869772524,63.54345265909663,97.50281077498244
900953,2016-08-16,1.284,1.288,1.2919999999999998,1.28,1.281,717300,921472.0,0.0,,,-0.002336448598130929,1.2623999999999989,1.252900000000002,1.2614999999999996,1.2775333333333343,1.2648968681033879,1.267286668380919,-0.0023898002775311067,-0.012957123432713626,0.02113464631036504,76.99215913181678,68.02635481667001,94.92376776211032
900953,2016-08-17,1.281,1.28,1.288,1.277,1.2819999999999998,292500,374933.0,0.0,,,0.000780640124902334,1.2687999999999993,1.258600000000002,1.2602999999999995,1.2767000000000008,1.2697834772167056,1.26823591558215,0.0015475616345554943,-0.008812927699208164,0.020720978667527316,78.82810608787776,71.62693857373925,93.23044111615476
900953,2016-08-18,1.2819999999999998,1.287,1.287,1.276,1.28,331900,424922.0,0.0,,,-0.0015600624024959286,1.2757999999999992,1.2617000000000018,1.2587999999999997,1.2760000000000007,1.2727024837262182,1.2689948887703986,0.0037075949558196264,-0.005235635512057366,0.017886460935753985,79.21873739191851,74.157538179799,89.3411358161575
900953,2016-08-19,1.28,1.284,1.284,1.266,1.278,391600,498293.0,0.0,,,-0.0015625000000000016,1.2809999999999993,1.2654000000000019,1.2578499999999997,1.2752000000000008,1.2742160598044416,1.2695758636884373,0.004640196116004303,-0.0024139693326111745,0.014108330897230955,76.77082492794567,75.02863376251456,80.25520725880787
900953,2016-08-22,1.278,1.284,1.284,1.266,1.268,260500,330600.0,0.0,,,-0.007824726134585297,1.2777999999999994,1.267400000000002,1.2567499999999998,1.2741333333333342,1.2724400427174583,1.2694741950633768,0.002965847654081477,-0.0008768787649847025,0.007685452838132359,69.93054995196378,73.32927249233097,63.13310487122942
900953,2016-08-23,1.268,1.267,1.276,1.259,1.263,393700,498080.0,0.0,,,-0.003943217665615233,1.2741999999999991,1.2683000000000022,1.2544499999999998,1.2724000000000009,1.2697428876553272,1.269056505059288,0.0006863825960392589,-0.0004302326618349992,0.002233230515748516,62.7661999679758,69.80824831754592,48.68210326883556
900953,2016-08-24,1.263,1.264,1.27,1.253,1.266,221000,279168.0,0.0,,,0.002375296912114105,1.2709999999999997,1.269900000000002,1.2544999999999995,1.2706000000000008,1.2686734911823765,1.2688593111844952,-0.00018582000211875283,-0.0003604004733446431,0.0003491609424517805,59.5524666453172,66.389654426803,45.878091082345605
900953,2016-08-25,1.266,1.258,1.265,1.252,1.26,357950,450808.0,0.0,,,-0.004739336492890999,1.2669999999999992,1.271400000000002,1.2548499999999998,1.2686666666666675,1.2661953508445545,1.2682877427209795,-0.0020923918764250704,-0.0008552551599390509,-0.0024742734329720392,48.5451818451774,60.441496899594476,24.75255173634325
900953,2016-08-26,1.26,1.269,1.275,1.25,1.266,348000,439280.0,0.0,,,0.004761904761904766,1.2645999999999993,1.272800000000002,1.25655,1.2669666666666677,1.266139536317539,1.2681401464164002,-0.0020006100988612108,-0.0011824994282025251,-0.0016362213413173713,45.06186726186437,55.31495368701778,24.555694411557567
900953,2016-08-29,1.266,1.258,1.268,1.257,1.265,288800,364775.0,0.0,,,-0.0007898894154819209,1.2639999999999991,1.270900000000002,1.2591,1.2656666666666674,1.2658139545125278,1.2679375563250195,-0.0021236018124917155,-0.0014513858237137224,-0.0013444319775559863,43.199139578084925,51.27634898404016,27.04472076617445
900953,2016-08-30,1.265,1.268,1.27,1.262,1.266,145900,184645.0,0.0,,,0.0007905138339921834,1.2645999999999993,1.2694000000000019,1.26115,1.264133333333334,1.265867110366091,1.2678125526911475,-0.0019454423250564457,-0.0015925448240973576,-0.0007057950019181761,43.21384079980441,48.58884625596158,32.463829887490064
900953,2016-08-31,1.266,1.263,1.267,1.254,1.26,529830,666328.0,0.0,,,-0.004739336492890999,1.2633999999999994,1.2672000000000019,1.2629,1.2626000000000006,1.2641907931186362,1.2673085170336542,-0.003117723915017967,-0.0020283102786461033,-0.0021788272727437273,38.61314876849706,45.26361376014007,25.312218785211044
900953,2016-09-01,1.26,1.26,1.265,1.252,1.254,260200,326958.0,0.0,,,-0.004761904761904766,1.2621999999999989,1.264600000000002,1.26315,1.260733333333334,1.2612791379418828,1.266449903031483,-0.005170765089600238,-0.002926154510347285,-0.004489221158505905,29.663667806449023,40.06363177557639,8.863739868194287
900953,2016-09-02,1.254,1.254,1.262,1.25,1.255,284900,357281.0,0.0,,,0.0007974481658691308,1.2599999999999991,1.2623000000000018,1.26385,1.259333333333334,1.2594850985299164,1.265711199610097,-0.006226101080180513,-0.003868996387442493,-0.0047142093854760396,26.186034947888952,35.437766166347245,7.6825725109723635
900953,2016-09-05,1.255,1.252,1.264,1.252,1.256,241379,303051.0,0.0,,,0.0007968127490040732,1.2581999999999989,1.2611000000000017,1.26425,1.2582000000000009,1.2584893560927974,1.265084670602994,-0.006595314510196459,-0.004647944422515054,-0.00389474017536281,25.457356631926004,32.11096298820683,12.150143919364353
900953,2016-09-06,1.256,1.256,1.272,1.245,1.271,588820,741504.0,0.0,,,0.011942675159235592,1.2591999999999994,1.2619000000000016,1.2651,1.2569333333333341,1.2620638257805694,1.2654663047576395,-0.0034024789770701336,-0.004292097152387935,0.0017792363506356022,45.86045997683953,36.69412865108439,64.1931226283498
900953,2016-09-07,1.271,1.27,1.272,1.262,1.263,367055,464791.0,0.0,,,-0.0062942564909520115,1.2597999999999994,1.2616000000000016,1.26575,1.2568666666666677,1.262331304128978,1.265307188321663,-0.0029758841926847968,-0.003916036306758466,0.0018803042281473389,50.573639984559584,41.320632428909455,69.07965509585985
900953,2016-09-08,1.263,1.253,1.262,1.252,1.261,204539,257066.0,0.0,,,-0.0015835312747426776,1.2611999999999994,1.2617000000000016,1.2665499999999998,1.2571333333333343,1.2619509315206985,1.2650293052041361,-0.003078373683437663,-0.0036767041286668084,0.0011966608904582909,53.46884640945928,45.37003708909273,69.66646505019239
900953,2016-09-09,1.261,1.256,1.26,1.25,1.254,332660,416848.0,0.0,,,-0.0055511498810467035,1.2609999999999997,1.2605000000000015,1.2666499999999998,1.2578666666666676,1.2596792368004988,1.26431773712645,-0.004638500325951256,-0.0039515030421766505,-0.0013739945675492107,46.757008717417214,45.8323609652009,48.60630422184984
900953,2016-09-12,1.254,1.24,1.244,1.218,1.219,878700,1080138.0,0.0,,,-0.027910685805422584,1.2535999999999994,1.2559000000000011,1.2634,1.2580333333333342,1.2480565977146418,1.2613940121505502,-0.013337414435908412,-0.0066331920118142965,-0.013408444848188232,31.788623095562162,41.15111500865465,13.063639269377191
900953,2016-09-13,1.219,1.234,1.243,1.22,1.228,300000,368310.0,0.0,,,0.007383100902378914,1.2449999999999994,1.252100000000001,1.2607500000000005,1.2581333333333342,1.2423261412247442,1.2592395597537405,-0.016913418528996305,-0.009570399588152013,-0.014686037881688582,27.365254903214282,36.55582830684119,8.984108095960465
900953,2016-09-14,1.228,1.226,1.236,1.22,1.229,330600,404445.0,0.0,,,0.0008143322475570944,1.2381999999999995,1.2490000000000014,1.2581000000000002,1.2582666666666675,1.2385186723033885,1.2572886204147895,-0.01876994811140098,-0.012198842023366005,-0.01314221217606995,25.033626725599714,32.715094446427365,9.670691283944407
900953,2016-09-19,1.229,1.22,1.235,1.22,1.231,222700,273931.0,0.0,,,0.0016273393002439215,1.2321999999999993,1.2467000000000017,1.2556500000000002,1.2576666666666676,1.236370480216706,1.2555925803880288,-0.019222100171322865,-0.014205487208496535,-0.010033225925652658,24.713775841757904,30.04798824487088,14.04535103553195
900953,2016-09-20,1.231,1.226,1.231,1.224,1.224,167459,205496.0,0.0,,,-0.005686433793663604,1.2261999999999993,1.2436000000000014,1.2529500000000002,1.2571000000000008,1.2328360572976471,1.2535543493952528,-0.020718292097605673,-0.016066288605384862,-0.009304006984441622,20.179554264875637,26.758510251539132,7.021642291548652
900953,2016-09-21,1.224,1.231,1.231,1.224,1.227,120800,148274.0,0.0,,,0.0024509803921569555,1.2277999999999991,1.2407000000000017,1.2509,1.2564000000000006,1.2311686123554622,1.251841165563301,-0.020672553207838895,-0.017382364206086014,-0.006580378003505763,19.008591732139383,24.175204078405883,8.675367039606385
900953,2016-09-22,1.227,1.23,1.238,1.227,1.227,333200,410528.0,0.0,,,0.0,1.2275999999999994,1.2363000000000013,1.2491000000000003,1.2555000000000007,1.2299775802539017,1.2502385097205075,-0.020260929466605848,-0.018204811423377393,-0.004112236086456909,19.49057630627482,22.613661487695527,13.244405943433414
900953,2016-09-23,1.227,1.222,1.232,1.21,1.211,536600,653485.0,0.0,,,-0.01303993480032619,1.2239999999999995,1.2311000000000014,1.2463500000000003,1.2542000000000006,1.2245554144670727,1.2477069929643456,-0.023151578497272896,-0.01961817344449039,-0.007066810105565008,13.660384204183288,19.62923572652478,1.7226811595003042
900953,2016-09-26,1.211,1.202,1.216,1.188,1.188,557200,670210.0,0.0,,,-0.01899256812551604,1.2153999999999994,1.2238000000000016,1.2427500000000002,1.2523000000000009,1.2141110103336235,1.2438549289021297,-0.029743918568506222,-0.022511243479923487,-0.014465350177165472,9.106922802788858,16.121798085279472,-4.9228277621923695
900953,2016-09-27,1.188,1.189,1.204,1.181,1.195,409053,488040.0,0.0,,,0.0058922558922559895,1.2095999999999996,1.2179000000000015,1.2392000000000003,1.2504000000000006,1.2086507216668738,1.2407029980052182,-0.0320522763383444,-0.025237252868043746,-0.013630046940601305,13.598163588956012,15.280586586504986,10.233317593858064
900953,2016-09-28,1.195,1.189,1.205,1.189,1.199,412100,492932.0,0.0,,,0.0033472803347280363,1.2039999999999993,1.2159000000000018,1.2359000000000004,1.2475666666666674,1.2058933726191956,1.2380124820048817,-0.03211910938568607,-0.027203497587370125,-0.009831223596631897,19.591758182111047,16.71764378504034,25.339986976252455
900953,2016-09-29,1.199,1.198,1.207,1.196,1.202,371700,446532.0,0.0,,,0.00250208507089232,1.1989999999999994,1.2133000000000016,1.2327000000000006,1.2449333333333341,1.2047809804422824,1.2356890960690827,-0.030908115626800292,-0.028261959884350173,-0.005292311484900239,25.341873875793286,19.592387148624656,36.84084733013055
900953,2016-09-30,1.202,1.204,1.21,1.199,1.207,212665,256110.0,0.0,,,0.004159733777038366,1.1981999999999993,1.2111000000000018,1.2300500000000003,1.2424333333333342,1.2054149860302017,1.233838186645271,-0.02842320061506931,-0.028308028664555642,-0.00023034390102733698,32.09926094643532,23.76134508122821,48.775092676849546
900953,2016-10-10,1.207,1.222,1.223,1.209,1.22,483854,588973.0,0.0,,,0.010770505385252607,1.2045999999999992,1.210000000000002,1.2283500000000005,1.2404333333333342,1.2095821328787155,1.2329454004100922,-0.02336326753137663,-0.026895239769361638,0.007063944475970016,44.20652484148318,30.5764050013132,71.46676452182314
900953,2016-10-11,1.22,1.223,1.224,1.212,1.217,447800,544434.0,0.0,,,-0.0024590163934425343,1.2089999999999992,1.209300000000002,1.2264500000000005,1.2384000000000008,1.211701523484797,1.2319166648997635,-0.020215141414966498,-0.024986640239534456,0.009542997649135916,50.5236481399362,37.22548604752087,77.11997232476686
900953,2016-10-12,1.217,1.208,1.217,1.203,1.204,426145,515633.0,0.0,,,-0.01068200493015622,1.2099999999999993,1.2070000000000018,1.2238500000000003,1.2362666666666675,1.2095010882034265,1.23011558974494,-0.020614501541513564,-0.02373745775438563,0.006245912425744134,48.71511183185285,41.05536130896486,64.03461287762883
900953,2016-10-13,1.204,1.202,1.209,1.2009999999999998,1.2009999999999998,310147,373129.0,0.0,,,-0.002491694352159563,1.2097999999999989,1.204400000000002,1.2203500000000005,1.2342000000000009,1.2070722058595902,1.2282371646001051,-0.02116495874051494,-0.02300245803613686,0.0036749985912438443,47.98061719022735,43.36377993605236,57.21429169857733
900953,2016-10-14,1.2009999999999998,1.198,1.2,1.168,1.176,1092945,1288155.0,0.0,,,-0.020815986677768454,1.2035999999999991,1.200900000000002,1.2160000000000004,1.231200000000001,1.1981944327568501,1.2248670249484854,-0.026672592191635314,-0.024051067794850705,-0.0052430487935692174,36.74898288872299,41.15884758694257,27.929253492283834
900953,2016-10-17,1.176,1.177,1.177,1.058,1.058,4243948,4659348.0,0.0,,,-0.10034013605442167,1.1711999999999994,1.187900000000002,1.2058500000000003,1.2244666666666677,1.1581388805406072,1.21410141043568,-0.05596252989507278,-0.033168628394914156,-0.04558780300031724,24.499321925815327,35.60567236656682,2.2866210443123407
900953,2016-10-18,1.058,1.035,1.07,1.032,1.06,2820195,2955217.0,0.0,,,0.0018903591682419675,1.1397999999999993,1.1744000000000019,1.1961500000000005,1.2176000000000011,1.130099200386148,1.2041593839559588,-0.0740601835698107,-0.04485192987345602,-0.05841650739270936,21.193992394988,30.801779042707214,1.9784190995495763
900953,2016-10-19,1.06,1.0590000000000002,1.06,1.014,1.016,1749580,1812969.0,0.0,,,-0.04150943396226418,1.1021999999999994,1.156100000000002,1.1860000000000004,1.2093000000000012,1.0974994288472486,1.192020068862026,-0.09452064001477734,-0.05904298991383354,-0.07095530020188759,14.446788580785652,25.350115555400027,-7.359865368443096
900953,2016-10-20,1.016,1.009,1.034,1.005,1.026,1020990,1043120.0,0.0,,,0.00984251968503938,1.0671999999999993,1.1385000000000018,1.1759000000000002,1.2013000000000011,1.0770710206051775,1.1813090966773792,-0.1042380760722017,-0.0719558716733673,-0.06456440879766881,12.827539419153922,21.17592350998466,-3.8692287625075537
900953,2016-10-21,1.026,1.026,1.036,0.98,0.991,1406916,1407280.0,0.0,,,-0.03411306042884993,1.0301999999999991,1.1169000000000018,1.1640000000000001,1.1923333333333346,1.0524793004322697,1.1690310904401289,-0.1165517900078592,-0.08469756262607928,-0.06370845476355985,10.054425186539774,17.468757402169697,-4.774239244720071
900953,2016-10-24,0.991,1.002,1.0659999999999998,1.002,1.0590000000000002,2068930,2163575.0,0.0,,,0.06861755802219997,1.0303999999999989,1.1008000000000018,1.1554000000000002,1.1858333333333346,1.054342357451621,1.1619323104117336,-0.10758995296011253,-0.09123824557866021,-0.03270341476290464,17.814061235470984,17.583858679936792,18.274466346539363
900953,2016-10-25,1.0590000000000002,1.056,1.056,1.036,1.044,1208987,1262634.0,0.0,,,-0.014164305949008613,1.0271999999999992,1.083500000000002,1.1464000000000003,1.1788000000000012,1.0513873981797295,1.1543237742561379,-0.10293637607640838,-0.09458056857801682,-0.016711614996783114,21.191906908072365,18.78654142264865,26.002637878919792
900953,2016-10-26,1.044,1.042,1.044,1.034,1.038,434800,451944.0,0.0,,,-0.005747126436781614,1.0315999999999992,1.0669000000000015,1.13695,1.1715333333333342,1.0475624272712354,1.1468190146267097,-0.09925658735547427,-0.09591657394300467,-0.006680026824939206,22.915816726593704,20.162966523963668,28.421517131853776
900953,2016-10-27,1.038,1.042,1.06,1.038,1.058,879500,923990.0,0.0,,,0.019267822736030844,1.0379999999999991,1.0526000000000018,1.1285000000000005,1.1644333333333343,1.0505445909080253,1.1410887556185347,-0.09054416471050941,-0.09438159987657746,0.007674870332136097,28.475180694209683,22.93370458071234,39.55813292120437
900953,2016-10-28,1.058,1.058,1.062,1.038,1.039,475600,499514.0,0.0,,,-0.017958412098298588,1.0475999999999992,1.0389000000000017,1.1199000000000003,1.1569666666666678,1.0472461363628751,1.1345023842883066,-0.08725624792543152,-0.0923457850333929,0.010179074215922762,40.835305647991596,28.90090493647209,64.70410707103062
900953,2016-10-31,1.039,1.035,1.035,1.002,1.022,469300,476787.0,0.0,,,-0.016361886429259027,1.0401999999999991,1.0353000000000017,1.1116000000000004,1.1490000000000011,1.040032954544911,1.1272441659471255,-0.08721121140221455,-0.09087876399591337,0.007335105187397634,43.50260686610297,33.76813891301572,62.97154277227747
900953,2016-11-01,1.022,1.024,1.041,1.024,1.037,524000,542591.0,0.0,,,0.014677103718199512,1.038799999999999,1.0330000000000017,1.1037000000000003,1.1417666666666677,1.0391663961035078,1.121421961692472,-0.0822555655889643,-0.08841499302249935,0.0123188548670701,51.09476116654928,39.543679664193576,74.19692417126069
900953,2016-11-02,1.037,1.037,1.037,1.028,1.029,357310,368423.0,0.0,,,-0.0077145612343295904,1.036999999999999,1.0343000000000018,1.0952000000000002,1.1354333333333342,1.0362617115025057,1.1154592544865063,-0.07919754298400061,-0.08578143586864256,0.013167785769283902,53.05542217304836,44.04759383381184,71.07107885152142
900953,2016-11-03,1.029,1.026,1.041,1.023,1.034,634488,656116.0,0.0,,,0.004859086491739449,1.0321999999999991,1.035100000000002,1.0868000000000002,1.1289666666666671,1.0356155082160756,1.110203818713183,-0.07458831049710746,-0.08258340004820397,0.015990179102193025,52.03694811536564,46.710711927663105,62.6894204907707
900953,2016-11-04,1.034,1.039,1.039,1.025,1.03,334110,344345.0,0.0,,,-0.00386847195357834,1.0303999999999989,1.039000000000002,1.0779500000000002,1.122333333333334,1.0340110772971969,1.1050293787962036,-0.07101830149900668,-0.07927908617700476,0.016521569355996163,50.24685429913265,47.88942605148628,54.961710794425386
900953,2016-11-07,1.03,1.03,1.03,1.021,1.027,347600,356810.0,0.0,,,-0.002912621359223196,1.0313999999999992,1.0358000000000018,1.0683000000000002,1.1155333333333342,1.0320079123551404,1.0999952253254808,-0.06798731297034033,-0.07605286526081492,0.016131104580949185,47.38679175497726,47.72188128598327,46.71661269296524
900953,2016-11-08,1.027,1.03,1.035,1.025,1.031,250664,257855.0,0.0,,,0.0038948393378770993,1.0301999999999991,1.0345000000000018,1.0590000000000004,1.1091000000000009,1.0317199373965287,1.0955439204657722,-0.06382398306924353,-0.07255889892036596,0.017469831702244865,47.70230561442923,47.715356062131924,47.67620471902383
900953,2016-11-09,1.031,1.03,1.03,1.003,1.018,622700,634008.0,0.0,,,-0.01260911736178458,1.0279999999999991,1.0325000000000022,1.0497000000000003,1.1021333333333343,1.0277999552832346,1.0905410868873353,-0.06274113160410066,-0.06975382254429016,0.014025381880378995,40.690425965175045,45.37371269647963,31.32385250256587
900953,2016-11-10,1.018,1.024,1.095,1.018,1.067,1814454,1924091.0,0.0,,,0.04813359528487223,1.0345999999999989,1.033400000000002,1.0430000000000004,1.096800000000001,1.0389999680594533,1.0890223070881522,-0.0500223390286989,-0.06411625582554979,0.028187833593701778,50.424441682876534,47.0572890252786,57.1587469980724
900953,2016-11-11,1.067,1.118,1.1740000000000002,1.115,1.1740000000000002,4281255,4933131.0,0.0,,,0.10028116213683244,1.0633999999999992,1.0469000000000022,1.0429000000000004,1.0955666666666677,1.0775714057567525,1.0945047388889164,-0.01693333313216394,-0.050635420770296695,0.06740417527626551,66.94962778858435,53.688068613047186,93.4727461396587
900953,2016-11-14,1.1740000000000002,1.197,1.227,1.164,1.1840000000000002,5154980,6171760.0,0.0,,,0.008517887563884163,1.0947999999999989,1.0631000000000022,1.0492000000000004,1.0954333333333344,1.1079795755405375,1.1002786267025346,0.0077009488380028746,-0.03396788659649682,0.08333767086899939,71.5676090019134,59.64791540933592,95.40699618706833
900953,2016-11-15,1.1840000000000002,1.1840000000000002,1.207,1.171,1.19,1645436,1957595.0,0.0,,,0.005067567567567384,1.1265999999999994,1.078400000000002,1.0557000000000003,1.0952666666666675,1.1314139825289553,1.1060671023991453,0.025346880129810012,-0.01702081038898058,0.08473538103758119,75.53912028698987,64.94498370188724,96.72739345719512
900953,2016-11-16,1.19,1.19,1.23,1.187,1.202,1814953,2194116.0,0.0,,,0.010084033613445387,1.1633999999999989,1.0957000000000021,1.0650000000000006,1.0953666666666677,1.151581416092111,1.1122563215992003,0.03932509449291066,-0.0009219804227259385,0.0804941498312732,79.58114627062173,69.82370455813206,99.09602969560106
900953,2016-11-17,1.202,1.198,1.215,1.185,1.199,1153600,1381243.0,0.0,,,-0.0024958402662228715,1.1897999999999993,1.1122000000000019,1.0736500000000009,1.0952666666666675,1.1651295829229364,1.1178526879476391,0.0472768949752973,0.012849126833852132,0.06885553628289035,81.83530162534842,73.82757024720418,97.8507643816369
900953,2016-11-18,1.199,1.199,1.199,1.168,1.179,1354631,1594527.0,0.0,,,-0.01668056713928275,1.1907999999999992,1.127100000000002,1.0830500000000003,1.0943333333333345,1.169092559230669,1.121797675821985,0.04729488340868393,0.02269077156951836,0.04920822367833114,80.40121429942467,76.01878493127766,89.16607303571865
900953,2016-11-21,1.179,1.175,1.198,1.175,1.187,777000,920268.0,0.0,,,0.006785411365564043,1.1913999999999991,1.143100000000002,1.0894500000000007,1.0932333333333342,1.1742089708790493,1.126004277381857,0.04820469349719225,0.02998046354885376,0.036448459896676985,80.61989910710544,77.55248965655359,86.75471800820915
900953,2016-11-22,1.187,1.181,1.192,1.181,1.188,737500,874897.0,0.0,,,0.0008424599831507075,1.1909999999999994,1.1588000000000018,1.0966500000000006,1.0922666666666676,1.1781492649136065,1.1300040014217372,0.04814526349186932,0.035170406389715345,0.025949714204307944,80.47615915316463,78.52704615542393,84.37438514864601
900953,2016-11-23,1.188,1.182,1.19,1.168,1.176,812015,956050.0,0.0,,,-0.010101010101010107,1.1857999999999993,1.174600000000002,1.1035500000000005,1.0913333333333344,1.1775351892240047,1.13297148520098,0.044563704023024675,0.03785420571351801,0.01341899661901333,71.33193218906625,76.12867483330471,61.73844690058931
900953,2016-11-24,1.176,1.172,1.18,1.157,1.16,583400,680566.0,0.0,,,-0.013605442176870762,1.1779999999999995,1.183900000000002,1.1086500000000004,1.0899666666666676,1.1725251351600032,1.1347152603493038,0.03780987481069942,0.03784153974128413,-6.332986116942829e-05,48.924484473076085,67.06061137989518,12.65223065943789
900953,2016-11-25,1.16,1.152,1.162,1.127,1.149,1272300,1452430.0,0.0,,,-0.009482758620689568,1.1719999999999993,1.1814000000000022,1.1141500000000004,1.0890666666666675,1.165803667971431,1.1356368564558006,0.030166811515630387,0.03564876024824021,-0.01096389746521964,39.736064082374355,57.952428947388235,3.303334352346596
900953,2016-11-28,1.149,1.15,1.155,1.143,1.145,507500,583551.0,0.0,,,-0.003481288076588341,1.1635999999999993,1.177500000000002,1.1203000000000003,1.0919666666666676,1.1598597628367362,1.1362409302328456,0.023618832603890638,0.03221163806414033,-0.01718561092049939,32.31595210669618,49.406936667157545,-1.866017014226557
900953,2016-11-29,1.145,1.147,1.147,1.093,1.096,2024363,2251324.0,0.0,,,-0.04279475982532765,1.1451999999999996,1.168100000000002,1.1232500000000003,1.0931666666666675,1.1416141163119544,1.1336447411855652,0.007969375126389178,0.025285277224782857,-0.03463180419678736,22.363640202278358,40.39250451219782,-13.694088417560565
900953,2016-11-30,1.096,1.101,1.114,1.101,1.111,795650,879892.0,0.0,,,0.013686131386861427,1.1321999999999994,1.159000000000002,1.1273500000000003,1.0963333333333345,1.1328672259371104,1.1321837901413352,0.0006834357957752335,0.018256179673637823,-0.03514548775572518,20.569470826676138,33.784826617023924,-5.861240754019434
900953,2016-12-01,1.111,1.114,1.118,1.109,1.112,369000,410965.0,0.0,,,0.0009000900090010008,1.1225999999999994,1.150300000000002,1.1312500000000008,1.0992000000000008,1.1269051613836503,1.1308816101322166,-0.003976448748566286,0.011904000124436648,-0.031760897746005864,19.744726582863496,29.10479327230378,1.0245932039829313
900953,2016-12-02,1.112,1.113,1.122,1.103,1.105,523400,583573.0,0.0,,,-0.006294964028777082,1.1137999999999992,1.1429000000000022,1.1350000000000011,1.1030000000000009,1.1206465438454645,1.129211828833364,-0.008565284987899435,0.006055632949483481,-0.02924183587476583,17.203555095646376,25.137713880084647,1.3352375267698307
900953,2016-12-05,1.105,1.1,1.122,1.092,1.112,508610,566292.0,0.0,,,0.006334841628959382,1.1071999999999993,1.1354000000000022,1.1392500000000003,1.1047666666666676,1.1181761027467603,1.1281013882634692,-0.009925285516708904,0.0014896562448570847,-0.022829883523131977,18.271757818866305,22.84906185967853,9.117149737241853
900953,2016-12-06,1.112,1.118,1.172,1.113,1.15,1910626,2203519.0,0.0,,,0.034172661870503426,1.1179999999999992,1.1316000000000022,1.1452000000000004,1.108300000000001,1.1272686448191145,1.1295142019238904,-0.0022455571047759193,0.00042245243067622626,-0.005336019070904291,34.150868848941144,26.6163308560994,49.219944834624634
900953,2016-12-07,1.15,1.15,1.175,1.146,1.161,764600,890724.0,0.0,,,0.009565217391304452,1.1279999999999992,1.130100000000002,1.1523500000000009,1.1124000000000012,1.136906174870796,1.1315455437352524,0.0053606311355436365,0.001833360632066915,0.007054541006953442,50.47808927278806,34.57025032832895,82.29376716170628
900953,2016-12-08,1.161,1.16,1.173,1.15,1.156,683500,789449.0,0.0,,,-0.004306632213609057,1.1367999999999991,1.129700000000002,1.1568000000000005,1.115666666666668,1.14236155347914,1.1331232505910425,0.009238302888097571,0.003949058419504246,0.010578488937186652,59.354870760171906,42.8317904722766,92.40103133596251
900953,2016-12-09,1.156,1.164,1.164,1.145,1.148,380900,438072.0,0.0,,,-0.006920415224913501,1.1453999999999989,1.1296000000000022,1.1555000000000004,1.1193000000000013,1.1439725381993857,1.1340830408754912,0.009889497323894547,0.005646326677901475,0.008486341291986145,62.05987367947197,49.24115154134173,87.69731795573246
900953,2016-12-12,1.148,1.15,1.15,1.106,1.111,1384249,1552186.0,0.0,,,-0.03222996515679436,1.1451999999999989,1.126200000000002,1.1518500000000005,1.1222666666666679,1.1345518129995613,1.1325938124319113,0.0019580005676500534,0.00459251921782964,-0.005269037300359174,49.00377120800136,49.16202476356161,48.68726409688087
900953,2016-12-13,1.111,1.114,1.142,1.109,1.134,864759,975894.0,0.0,,,0.02070207020702082,1.1419999999999988,1.130000000000002,1.1490500000000003,1.1255000000000013,1.1343941521425438,1.1326845342104976,0.001709617932046159,0.003768833136177217,-0.004118430408262116,49.53665068485225,49.2869000706585,50.03615191323975
900953,2016-12-14,1.134,1.125,1.139,1.125,1.133,393010,445141.0,0.0,,,-0.0008818342151676471,1.1363999999999987,1.132200000000002,1.1456000000000004,1.128966666666668,1.1339958229589597,1.1327048868420784,0.0012909361168813582,0.003060862559235543,-0.0035398528847083695,49.49029724371673,49.35469912834458,49.76149347446105
900953,2016-12-15,1.133,1.125,1.154,1.125,1.14,695447,793689.0,0.0,,,0.0061782877316856975,1.1331999999999989,1.135000000000002,1.1426500000000002,1.1325000000000014,1.1357113021135425,1.1331755393038798,0.0025357628096627227,0.0029108340593575945,-0.0007501424993897436,52.27063992954603,50.32667939541173,56.15856099781462
900953,2016-12-16,1.14,1.14,1.146,1.133,1.134,527900,601026.0,0.0,,,-0.005263157894736652,1.1303999999999987,1.137900000000002,1.1404000000000003,1.135966666666668,1.1352223586525305,1.1332287303165327,0.00199362833599781,0.002648775281254799,-0.0013102938905139774,48.37366333467312,49.675674041832195,45.76964192035496
900953,2016-12-19,1.134,1.125,1.132,1.111,1.113,490672,550475.0,0.0,,,-0.018518518518518632,1.1307999999999987,1.138000000000002,1.1367000000000005,1.1388333333333347,1.1288731133232361,1.1319236509412727,-0.0030505376180365307,0.0010204001671715616,-0.008141875570416185,35.63075140185932,44.99403316184124,16.90418788189548
900953,2016-12-20,1.113,1.113,1.123,1.108,1.108,692800,769616.0,0.0,,,-0.004492362982929124,1.1255999999999986,1.133800000000002,1.1327000000000005,1.1414000000000013,1.1229093666594543,1.1303801895902228,-0.007470822930768506,-0.0014056635750970294,-0.012130318711342953,24.748859143528108,38.24564182240353,-2.244706214222731
900953,2016-12-21,1.108,1.101,1.127,1.101,1.123,533512,597421.0,0.0,,,0.01353790613718423,1.1235999999999986,1.130000000000002,1.1300500000000004,1.1449000000000011,1.1229352618996102,1.1299040483263376,-0.00696878642672738,-0.0029951272469914154,-0.00794731835947193,28.1394510692304,34.87691157134582,14.664530064999553
900953,2016-12-22,1.123,1.116,1.12,1.11,1.115,482700,537361.0,0.0,,,-0.007123775601068573,1.1185999999999987,1.125900000000002,1.1278000000000004,1.1465000000000012,1.1206680442140073,1.1289424968214123,-0.008274452607405003,-0.004503505921395298,-0.007541893372019409,27.564665492694502,32.43949621179538,17.815004054492746
900953,2016-12-23,1.115,1.108,1.119,1.106,1.117,455500,507067.0,0.0,,,0.001793721973094172,1.1151999999999986,1.122800000000002,1.1262000000000003,1.1446000000000012,1.1196200315814338,1.1281720131555149,-0.008551981574081102,-0.0056602132507341,-0.0057835366466940045,28.439336743557362,31.10610972238271,23.10579078590667
900953,2016-12-26,1.117,1.11,1.131,1.105,1.13,469500,526524.0,0.0,,,0.011638316920322205,1.1185999999999985,1.1247000000000018,1.1254500000000005,1.1428000000000014,1.1225857368438812,1.1282899477906427,-0.005704210946761545,-0.0056727840210276555,-6.285385146777983e-05,37.19855153973003,33.136923661498486,45.32180729619313
900953,2016-12-27,1.13,1.13,1.139,1.124,1.131,363300,411738.0,0.0,,,0.0008849557522124885,1.1231999999999984,1.1244000000000018,1.1272000000000004,1.1408333333333347,1.1249898120313437,1.1284647898686657,-0.0034749778373219797,-0.005044839397111749,0.0031397231195795378,43.66695888812195,36.6469354037063,57.707005856953245
900953,2016-12-28,1.131,1.122,1.134,1.121,1.125,215500,242478.0,0.0,,,-0.005305039787798413,1.1235999999999984,1.123600000000002,1.1279000000000003,1.138266666666668,1.1249927228795313,1.1282412550384293,-0.0032485321588979765,-0.004531608757622099,0.002566153197448245,46.889083703192455,40.06098483686835,60.545281435840664
900953,2016-12-29,1.125,1.125,1.131,1.122,1.127,279400,314603.0,0.0,,,0.0017777777777777796,1.1259999999999983,1.1223000000000019,1.1286500000000004,1.1358666666666684,1.1255662306282366,1.128161174068208,-0.0025949434399714644,-0.003978275809721918,0.002766664739500907,54.06640667932129,44.729458784352666,72.74030246925854
900953,2016-12-30,1.127,1.127,1.145,1.127,1.14,553772,630333.0,0.0,,,0.01153504880212946,1.1305999999999985,1.1229000000000018,1.1304000000000003,1.1345666666666685,1.1296901647344546,1.128924969289614,0.0007651954448406606,-0.002622998308418324,0.006776387506517969,65.58972566500199,51.68288107790244,93.4034148392011
900953,2017-01-03,1.14,1.144,1.169,1.144,1.155,1586760,1838407.0,0.0,,,0.013157894736842216,1.1355999999999984,1.1271000000000018,1.1325500000000006,1.1335000000000015,1.1369215462388962,1.1306072293354454,0.006314316903450745,-6.947967645573248e-05,0.012767593159812955,70.1970720119621,57.85427805592233,94.88265992404165
900953,2017-01-04,1.155,1.152,1.162,1.152,1.158,497486,576558.0,0.0,,,0.0025974025974025037,1.1409999999999982,1.1321000000000017,1.1329500000000006,1.1325000000000016,1.1429439615992116,1.132374504862191,0.0105694567370207,0.0029702164416803914,0.015198480590680616,74.40221467464134,63.37025692882867,96.46613016626668
900953,2017-01-05,1.158,1.16,1.165,1.151,1.155,535100,618911.0,0.0,,,-0.0025906735751294397,1.1469999999999982,1.1353000000000018,1.1326500000000006,1.1318000000000017,1.1463885439994368,1.1338342142259206,0.012554329773516226,0.00570853453649063,0.013691590474051192,75.64314311642757,67.46121899136163,92.00699136655945
900953,2017-01-06,1.155,1.154,1.157,1.146,1.147,281500,323799.0,0.0,,,-0.0069264069264069325,1.1509999999999985,1.1385000000000018,1.1322000000000003,1.1313666666666684,1.1465632457138835,1.134683619759732,0.011879625954151374,0.0074717035129651275,0.008815844882372493,72.30376207761837,69.07540002011388,78.76048619262735
900953,2017-01-09,1.147,1.15,1.163,1.142,1.158,675454,780402.0,0.0,,,0.009590235396686922,1.1545999999999983,1.1426000000000016,1.1327000000000007,1.1316666666666684,1.149830889795631,1.1361879023558785,0.013642987439752563,0.009234927492047254,0.008816119895410618,73.89695249618995,70.6825841788059,80.32568913095807
900953,2017-01-10,1.158,1.154,1.161,1.152,1.153,412655,477881.0,0.0,,,-0.004317789291882464,1.1541999999999981,1.1449000000000016,1.1348000000000007,1.131933333333335,1.1507363498540222,1.1372725538167896,0.013463796037232578,0.010443175647814489,0.006041240778836179,71.4868572196822,70.95067519243133,72.55922127418393
900953,2017-01-11,1.153,1.146,1.159,1.144,1.153,514300,593154.0,0.0,,,0.0,1.1531999999999982,1.1471000000000016,1.1357500000000005,1.1338333333333348,1.1513831070385874,1.1382872277640934,0.01309587927449396,0.01120109096972291,0.0037895766095421,69.64372041595831,70.51502360027366,67.90111404732761
900953,2017-01-12,1.153,1.154,1.157,1.143,1.149,300000,345364.0,0.0,,,-0.003469210754553342,1.1519999999999981,1.1495000000000015,1.1365500000000006,1.1351000000000016,1.1507022193132768,1.1389783743599584,0.011723844953318352,0.011350449250750181,0.0007467914051363413,63.88946440428967,68.306503868279,55.05538547631102
900953,2017-01-13,1.149,1.145,1.149,1.136,1.138,496400,567273.0,0.0,,,-0.009573542210618034,1.1501999999999981,1.1506000000000014,1.1364500000000006,1.135966666666668,1.1470730137951977,1.1389152534335096,0.008157760361688027,0.01043825242530385,-0.004560984127231646,44.61317828972846,60.40872867542882,13.022077518327734
900953,2017-01-16,1.138,1.137,1.137,1.045,1.081,2717281,2960183.0,0.0,,,-0.05008787346221436,1.134799999999998,1.1447000000000014,1.1338000000000006,1.1351666666666682,1.1281950098537126,1.1351787854700575,-0.006983775616344889,0.005460530127689924,-0.024888611488069624,39.74211885981897,53.519858736892196,12.186639105672526
900953,2017-01-17,1.081,1.097,1.097,1.07,1.091,695399,754600.0,0.0,,,0.00925069380203516,1.1223999999999985,1.1383000000000014,1.1327000000000007,1.1344666666666685,1.1175678641812232,1.1323285412461828,-0.014760677064959538,-0.0003169576416384945,-0.028887438846642088,39.272523684323765,48.77074705270272,20.276076947565855
900953,2017-01-18,1.091,1.084,1.113,1.084,1.095,333875,366852.0,0.0,,,0.0036663611365719572,1.1107999999999982,1.1320000000000014,1.1320500000000009,1.132633333333335,1.111119902986588,1.1299202482625579,-0.018800345275969965,-0.005597925537161773,-0.026404839477616383,40.30597624152657,45.949156782310666,29.01961515995839
900953,2017-01-19,1.095,1.105,1.105,1.085,1.092,299600,327620.0,0.0,,,-0.002739726027397161,1.0993999999999984,1.1257000000000017,1.1305000000000005,1.130333333333335,1.1056570735618485,1.1274737806327153,-0.021816707070866803,-0.010231863118220353,-0.0231696879052929,40.147486985876505,44.01526685016594,32.411927257297634
900953,2017-01-20,1.092,1.095,1.118,1.095,1.111,503185,559239.0,0.0,,,0.017399267399267313,1.0939999999999983,1.1221000000000017,1.1303000000000003,1.128833333333335,1.1071836239727488,1.126410956075766,-0.019227332103017192,-0.012801997113876595,-0.012850669978281194,45.73050856529699,44.58701408854296,48.017497518805044
900953,2017-01-23,1.111,1.12,1.127,1.115,1.116,343400,385111.0,0.0,,,0.004500450045004404,1.1009999999999984,1.1179000000000017,1.1302500000000006,1.127766666666668,1.1097025885519636,1.1257392814902327,-0.016036692938269148,-0.013726195920845896,-0.004620994034846504,51.247239628326675,46.80708926847086,60.12754034803831
900953,2017-01-24,1.116,1.124,1.124,1.107,1.11,186200,207021.0,0.0,,,-0.0053763440860213115,1.1047999999999984,1.1136000000000017,1.1292500000000003,1.1277333333333348,1.1097875632514025,1.1247238439747338,-0.014936280723331308,-0.014071934435841729,-0.0017286925749791585,53.510064514122575,49.04141435035476,62.4473648416582
900953,2017-01-25,1.11,1.118,1.119,1.109,1.115,158300,175948.0,0.0,,,0.004504504504504408,1.1087999999999985,1.1098000000000017,1.1284500000000004,1.1271000000000015,1.111276830893859,1.12409649920217,-0.01281966830831105,-0.013714144113690107,0.0017889516107581147,58.10927377864582,52.064034159785116,70.19975301636724
900953,2017-01-26,1.115,1.116,1.118,1.11,1.111,191000,212696.0,0.0,,,-0.003587443946188344,1.1125999999999985,1.1060000000000016,1.1277500000000005,1.1263666666666678,1.1111977363527563,1.123251563769772,-0.012053827417015661,-0.013239767914640266,0.0023718809952492093,62.65255933069142,55.593542550087214,76.77059289189982
900953,2017-02-03,1.111,1.109,1.112,1.097,1.107,184090,202829.0,0.0,,,-0.003600360036003604,1.1117999999999983,1.1029000000000015,1.1267500000000006,1.125266666666668,1.1099983831091118,1.1222030757846253,-0.012204692675513495,-0.012944032132032617,0.0014786789130382429,63.40579978771239,58.19762829596227,73.82214277121263
900953,2017-02-06,1.107,1.101,1.105,1.09,1.104,180261,198039.0,0.0,,,-0.002710027100270905,1.1093999999999984,1.1052000000000015,1.1249500000000006,1.1242666666666679,1.1082845593636512,1.1210286837985204,-0.012744124434869164,-0.012886915647128773,0.0002855824245192179,57.77440916080055,58.05655525090836,57.21011698058493
900953,2017-02-07,1.104,1.099,1.11,1.091,1.098,246250,270174.0,0.0,,,-0.005434782608695858,1.1069999999999982,1.1059000000000019,1.1221000000000003,1.123766666666668,1.1053461138311793,1.1195429622631319,-0.014196848431952569,-0.01326118215707843,-0.001871332549748278,48.83373309132744,54.98228119771472,36.53663687855287
900953,2017-02-08,1.098,1.097,1.109,1.09,1.108,204450,224213.0,0.0,,,0.009107468123861576,1.1055999999999984,1.107200000000002,1.1196000000000004,1.123766666666668,1.106104367022271,1.1187982550203492,-0.012693887998078246,-0.013099098111649806,0.0008104202271431195,48.772038277101224,52.91220022417689,40.491714382949894
900953,2017-02-09,1.108,1.108,1.114,1.098,1.112,219300,243313.0,0.0,,,0.003610108303249301,1.1057999999999983,1.1092000000000015,1.1174500000000005,1.1234000000000013,1.1077888335873365,1.118359657922262,-0.010570824334925621,-0.012376734175442897,0.0036118196810345504,52.33451200455403,52.71963748430261,51.56426104505687
900953,2017-02-10,1.112,1.112,1.114,1.101,1.103,354400,392480.0,0.0,,,-0.008093525179856221,1.1049999999999982,1.1084000000000018,1.1152500000000003,1.123000000000001,1.106420595419526,1.1173687122498581,-0.010948116830332033,-0.011968557791125507,0.002040881921586947,47.63477270891826,51.024682559174494,40.8549530084058
900953,2017-02-13,1.103,1.108,1.125,1.107,1.122,499700,559338.0,0.0,,,0.017225747960108912,1.1085999999999985,1.1090000000000018,1.1134500000000005,1.1231666666666682,1.11087185387109,1.1176675050079317,-0.006795651136841663,-0.010490584461330124,0.007389866648976923,62.23270561546942,54.76069024460614,77.17673635719598
900953,2017-02-14,1.122,1.125,1.126,1.109,1.121,465200,520813.0,0.0,,,-0.0008912655971480498,1.1131999999999982,1.1101000000000019,1.1118500000000002,1.122866666666668,1.1137656099079214,1.117882504684839,-0.004116894776917679,-0.008669530265783711,0.009105270977732064,70.19217411401672,59.904518201076336,90.7674859398975
900953,2017-02-15,1.121,1.121,1.124,1.109,1.11,335742,374031.0,0.0,,,-0.009812667261373684,1.1135999999999981,1.1096000000000017,1.1097000000000004,1.122166666666668,1.112689721362801,1.1173739559954947,-0.004684234632693629,-0.007530874370615116,0.005693279475842973,65.31330126119646,61.707445887783045,72.5250120080233
900953,2017-02-16,1.11,1.114,1.114,1.054,1.075,1459621,1573746.0,0.0,,,-0.03153153153153165,1.106199999999998,1.1060000000000016,1.1060000000000003,1.1205000000000014,1.101921229544858,1.1146401523828822,-0.012718922838024227,-0.009013173932732006,-0.007411497810584443,53.26442306301984,58.89310494619531,42.0070592966689
900953,2017-02-17,1.075,1.067,1.088,1.067,1.074,488258,525631.0,0.0,,,-0.0009302325581394324,1.1003999999999985,1.1027000000000018,1.1028000000000002,1.1187333333333347,1.0939437353891843,1.1120182070678575,-0.018074471678673154,-0.011602116145858049,-0.01294471106563021,44.76887463460585,54.18502817566549,25.93656755248658
900953,2017-02-20,1.074,1.072,1.078,1.06,1.069,612324,654235.0,0.0,,,-0.004655493482309232,1.089799999999998,1.0992000000000022,1.1022000000000003,1.1163666666666678,1.0868169538494175,1.1092428388699311,-0.02242588502051368,-0.0146946215386168,-0.01546252696379376,36.790360867514984,48.38680573961532,13.597471123314321
900953,2017-02-21,1.069,1.067,1.078,1.06,1.077,395824,422607.0,0.0,,,0.00748362956033677,1.0809999999999982,1.0971000000000015,1.1015,1.113766666666668,1.084012109892441,1.1071626557170324,-0.02315054582459153,-0.01711059990603815,-0.012079891837106754,35.17505539315812,43.98288895746291,17.55938826454853
900953,2017-02-22,1.077,1.07,1.075,1.06,1.074,550125,585894.0,0.0,,,-0.002785515320334161,1.073799999999998,1.0937000000000017,1.1004500000000002,1.1109666666666678,1.0811515070660291,1.10502312954174,-0.023871622475710952,-0.01904232064023038,-0.009658603670961143,32.70929618803137,40.22502470098573,17.677839162122638
900953,2017-02-23,1.074,1.0659999999999998,1.072,1.051,1.057,505400,535571.0,0.0,,,-0.01582867783985114,1.0701999999999978,1.0882000000000018,1.0987000000000002,1.1077000000000012,1.0742510764757351,1.1019248631196923,-0.027673786643957143,-0.021508453784152316,-0.012330665719609654,24.47286412535425,34.97430450910857,3.4699833578456065
900953,2017-02-24,1.057,1.056,1.063,1.048,1.055,419071,441342.0,0.0,,,-0.001892147587511828,1.0663999999999978,1.0834000000000017,1.0959,1.104633333333335,1.0687507689112394,1.0988974525958413,-0.030146683684601827,-0.023976519469995034,-0.012340328429213586,19.30669574168912,29.75176825330209,-1.5834492815368222
900953,2017-02-27,1.055,1.05,1.065,1.037,1.048,478550,503240.0,0.0,,,-0.006635071090047295,1.0621999999999978,1.0760000000000018,1.0925,1.100966666666668,1.0628219777937424,1.0956137459767548,-0.032791768183012326,-0.026495161959428547,-0.01259321244716756,17.08568988143263,25.529742129345603,0.19758538560667915
900953,2017-02-28,1.048,1.042,1.054,1.04,1.044,318751,334014.0,0.0,,,-0.0038167938931297743,1.0555999999999979,1.0683000000000018,1.0892000000000002,1.0973333333333346,1.0574442698526731,1.09228382688148,-0.03483955702880692,-0.028879274836393798,-0.011920564384826249,14.42076295125816,21.826749069983123,-0.3912092861917671
900953,2017-03-01,1.044,1.05,1.111,1.047,1.097,2047245,2242954.0,0.0,,,0.05076628352490415,1.0601999999999978,1.0670000000000015,1.0883000000000005,1.095466666666668,1.0687459070376237,1.092588096114933,-0.023842189077309284,-0.027440107476655366,0.007195836798692165,36.64086899453247,26.764789044832906,56.39302889393159
900953,2017-03-02,1.097,1.093,1.099,1.084,1.086,316400,344478.0,0.0,,,-0.010027347310847878,1.0659999999999978,1.0681000000000018,1.08705,1.093366666666668,1.073675647884017,1.092163057655905,-0.018487409771887897,-0.024882193846721804,0.012789568149667814,46.4993180684271,33.342965386030976,72.81202343321935
900953,2017-03-03,1.086,1.096,1.109,1.089,1.093,724191,796832.0,0.0,,,0.0064456721915286536,1.073599999999998,1.0700000000000018,1.08635,1.0918666666666679,1.0791968913457264,1.092217053936169,-0.013020162590442697,-0.02149304205921349,0.016945758937541584,56.224770604176626,40.970233792079526,86.73384422837083
900953,2017-03-06,1.093,1.107,1.107,1.091,1.093,227295,248886.0,0.0,,,0.0,1.082599999999998,1.0724000000000018,1.0858000000000003,1.0922666666666676,1.083140636675519,1.0922675665854484,-0.009126929909929471,-0.017959867159418056,0.01766587449897717,62.70840562800964,48.216291070722896,91.69263474258314
900953,2017-03-07,1.093,1.091,1.099,1.086,1.091,259089,283332.0,0.0,,,-0.0018298261665141828,1.091999999999998,1.0738000000000016,1.0854500000000002,1.0922666666666676,1.085386169053942,1.0921857880960648,-0.006799619042122895,-0.014771224840190866,0.01594321159613594,66.12992807633076,54.18750340592552,90.01477741714122
900953,2017-03-08,1.091,1.095,1.098,1.086,1.088,218992,238955.0,0.0,,,-0.002749770852428865,1.0901999999999978,1.0752000000000022,1.0844500000000004,1.0920333333333343,1.0861329778956728,1.0919157372511574,-0.005782759355484668,-0.012203091844560523,0.01284066497815171,67.05959169052686,58.478199500792634,84.22237606999529
900953,2017-03-09,1.088,1.088,1.09,1.08,1.081,282089,306003.0,0.0,,,-0.006433823529411872,1.0891999999999975,1.0776000000000017,1.0829000000000004,1.091666666666668,1.0846664127826233,1.0912114961381796,-0.006545083355556258,-0.010586517990559305,0.008082869270006093,64.52621428017106,60.49420442725211,72.59023398600895
900953,2017-03-10,1.081,1.092,1.099,1.086,1.091,289600,316361.0,0.0,,,0.00925069380203516,1.0887999999999978,1.0812000000000015,1.0823000000000005,1.0910000000000013,1.0864760091304453,1.091197851226039,-0.004721842095593676,-0.008910896306283412,0.008378108421379472,66.96113815861167,62.64984900437196,75.58371646709111
900953,2017-03-13,1.091,1.082,1.096,1.082,1.091,231989,252827.0,0.0,,,0.0,1.0883999999999978,1.0855000000000017,1.0807500000000003,1.0901666666666678,1.0877685779503181,1.0911850866308106,-0.0034165086804924805,-0.007341071270343146,0.00784912517970133,67.55742543907445,64.28570781593946,74.10086068534443
900953,2017-03-14,1.091,1.096,1.096,1.083,1.087,213452,232290.0,0.0,,,-0.0036663611365719572,1.087599999999998,1.0898000000000017,1.0790500000000005,1.0894000000000017,1.0875489842502273,1.090915081041726,-0.003366096791498796,-0.0062053642763876165,0.005678534969777641,53.08426063754379,60.55189208980757,38.14899773301623
900953,2017-03-15,1.087,1.089,1.09,1.078,1.08,328010,355333.0,0.0,,,-0.006439742410303493,1.0859999999999979,1.0881000000000016,1.0775500000000005,1.0882333333333347,1.0853921316073052,1.0902108822648406,-0.004818750657535453,-0.0058091889567155695,0.0019808765983602324,37.540044726104476,52.881276301906546,6.857581574500344
900953,2017-03-16,1.08,1.097,1.097,1.084,1.089,491100,535865.0,0.0,,,0.008333333333333238,1.087599999999998,1.0884000000000016,1.0782500000000004,1.0875000000000017,1.0864229511480752,1.0901327608283993,-0.003709809680324083,-0.005209366306318002,0.002999113251987838,37.67037464498912,47.810975749600736,17.38917243576587
900953,2017-03-17,1.089,1.095,1.099,1.08,1.092,403700,438903.0,0.0,,,0.002754820936639223,1.087799999999998,1.0883000000000016,1.0791500000000005,1.0870000000000013,1.0880163936771965,1.0902532278717283,-0.0022368341945318004,-0.00436007141723623,0.004246474445408859,47.33580531888175,47.65258560602774,46.70224474458976
900953,2017-03-20,1.092,1.085,1.095,1.085,1.093,180000,196097.0,0.0,,,0.0009157509157508148,1.0881999999999978,1.0883000000000016,1.0803500000000004,1.086633333333335,1.0894402811979975,1.0904304389767778,-0.0009901577787803095,-0.003397238949105967,0.004814162340651315,55.366727355444915,50.223966189166795,65.65224968800116
900953,2017-03-21,1.093,1.093,1.096,1.086,1.095,170500,186124.0,0.0,,,0.0018298261665141828,1.089799999999998,1.0887000000000018,1.0812500000000005,1.086533333333335,1.0910287722842837,1.0907252493653727,0.00030352291891100336,-0.0023398784153868327,0.005286802668595672,63.895278554423555,54.78107031091904,82.12369504143258
900953,2017-03-22,1.095,1.095,1.095,1.07,1.077,436200,470711.0,0.0,,,-0.016438356164383574,1.089199999999998,1.087600000000002,1.0814,1.0855000000000017,1.0870205516316311,1.0898397494063163,-0.0028191977746852004,-0.0024768268037577952,-0.0006847419418548103,50.64282938110986,53.40165666764932,45.12517480803095
900953,2017-03-23,1.077,1.0759999999999998,1.077,0.999,1.029,3119481,3189005.0,0.0,,,-0.044568245125348016,1.0771999999999982,1.082400000000002,1.0800000000000003,1.0827333333333349,1.0704432511654507,1.0859146042833283,-0.015471353117877618,-0.006189548607792031,-0.018563609020171172,43.76188625407321,50.18839986312395,30.908859035971744
900953,2017-03-24,1.029,1.039,1.039,1.016,1.031,740600,758431.0,0.0,,,0.0019436345966956066,1.0649999999999982,1.076400000000002,1.0788000000000002,1.080333333333335,1.0591737508324648,1.0823717265876298,-0.023197975755165023,-0.011049099221327172,-0.024297753067675704,39.84125750271545,46.73935240965445,26.04506768883745
900953,2017-03-27,1.031,1.039,1.044,1.025,1.03,340098,352381.0,0.0,,,-0.0009699321047525603,1.0523999999999982,1.070300000000002,1.0779000000000003,1.077266666666668,1.0508383934517604,1.07899290551746,-0.028154512065699633,-0.015936360034005018,-0.02443630406338923,36.89417166847698,43.457625495928625,23.76726401357368
900953,2017-03-28,1.03,1.038,1.038,1.027,1.031,151386,155944.0,0.0,,,0.0009708737864076599,1.039599999999998,1.0647000000000022,1.0772500000000005,1.0742666666666678,1.0451702810369716,1.0758965890324625,-0.03072630799549092,-0.020162059451572418,-0.021128497087837005,35.26278111231796,40.726010701391736,24.336321934170414
900953,2017-03-29,1.031,1.022,1.037,0.99,1.0,1219657,1226551.0,0.0,,,-0.030067895247332607,1.0241999999999982,1.0567000000000022,1.0724000000000002,1.0706000000000016,1.0322644864549797,1.071000034901336,-0.038735548446356294,-0.025468770592939238,-0.026533555706834112,26.566624717080476,36.00621537328798,7.687443404665473
900953,2017-03-30,1.0,0.999,1.009,0.978,1.007,1171513,1158526.0,0.0,,,0.007000000000000117,1.0197999999999978,1.048500000000002,1.0684500000000003,1.0683333333333347,1.025046061753557,1.0668710003915725,-0.041824938638015396,-0.030141961462960998,-0.023365954350108797,25.903173540200513,32.63853476225882,12.432451096083895
900953,2017-03-31,1.007,1.007,1.008,0.995,1.004,331300,331446.0,0.0,,,-0.0029791459781530424,1.0143999999999982,1.039700000000002,1.0640000000000005,1.0660000000000012,1.0190329012525408,1.0628148068179228,-0.043781905565382084,-0.034039088349367023,-0.01948563443203012,24.61341512849526,29.963494884337635,13.913255616810503
900953,2017-04-05,1.004,1.004,1.075,1.002,1.06,1804200,1902413.0,0.0,,,0.05577689243027893,1.0203999999999982,1.036400000000002,1.0623500000000003,1.0657000000000012,1.0307377866089575,1.0626332063780568,-0.031895419769099265,-0.03342661161214767,0.0030623836860968062,39.770766780820225,33.232585516498496,52.84712930946368
900953,2017-04-06,1.06,1.045,1.0590000000000002,1.035,1.04,727515,759872.0,0.0,,,-0.018867924528301903,1.0221999999999982,1.0309000000000021,1.0598000000000003,1.064466666666668,1.0333841332921125,1.0611729995149564,-0.027788866222843822,-0.031815827215203714,0.008053921984719783,47.38926539596772,37.9514788096549,66.26483856859335
900953,2017-04-07,1.04,1.04,1.047,1.032,1.042,278501,288820.0,0.0,,,0.0019230769230769247,1.0305999999999982,1.027400000000002,1.0575000000000003,1.0634000000000012,1.035845809494366,1.059936031804314,-0.02409022230994795,-0.02960851152798778,0.011036578436079657,53.58597074507816,43.162976121462655,74.43195999230916
900953,2017-04-10,1.042,1.05,1.05,1.028,1.03,344200,355623.0,0.0,,,-0.011516314779270644,1.0351999999999983,1.027500000000002,1.0549500000000005,1.062500000000001,1.0341755782102615,1.058004674913713,-0.02382909670345157,-0.027957250149548862,0.008256306892194587,53.59339630427893,46.63978284906808,67.50062321470064
900953,2017-04-11,1.03,1.038,1.039,1.01,1.027,249000,254764.0,0.0,,,-0.002912621359223196,1.0397999999999985,1.027100000000002,1.0517500000000004,1.0615666666666679,1.0321254130073296,1.0560043733063769,-0.023878960299047236,-0.026792024477976968,0.005826128357859464,52.567418842027855,48.615661513388005,60.47093349930756
900953,2017-04-12,1.027,1.033,1.038,1.018,1.025,193330,198298.0,0.0,,,-0.0019474196689388734,1.0327999999999982,1.0266000000000022,1.0484500000000003,1.060800000000001,1.0300895807195212,1.0540040911575783,-0.023914510438057146,-0.025969877609428448,0.004110734342742603,51.19614864382611,49.47582389020071,54.63679815107692
900953,2017-04-13,1.025,1.025,1.025,1.015,1.017,293100,298495.0,0.0,,,-0.00780487804878028,1.028199999999998,1.025200000000002,1.0449500000000005,1.0599000000000012,1.0263497005139437,1.0516167304377346,-0.02526702992379093,-0.025769063984960587,0.001004068122339316,47.532827618220814,48.82815846620741,44.942165922247625
900953,2017-04-14,1.017,1.015,1.015,0.995,0.999,572825,573809.0,0.0,,,-0.0176991150442478,1.0195999999999978,1.025100000000002,1.0409000000000002,1.0566333333333344,1.0185355003671026,1.0482221026675582,-0.02968660230045561,-0.026888360646530593,-0.0055964833078500364,33.35521841214722,43.67051178152068,12.724631673400282
900953,2017-04-17,0.999,0.997,1.01,0.992,1.001,299783,299211.0,0.0,,,0.002002002002001781,1.0137999999999978,1.0245000000000022,1.0365000000000004,1.0538000000000012,1.0135253574050733,1.0451755153986835,-0.03165015799361015,-0.02824887417426761,-0.0068025676386850795,25.851270106090073,37.730764556377146,2.092281205515931
900953,2017-04-18,1.001,0.997,1.022,0.992,1.011,424981,430253.0,0.0,,,0.00999000999001,1.010599999999998,1.025200000000002,1.0324500000000003,1.051066666666668,1.0128038267179094,1.0429706434374781,-0.03016681671956878,-0.028796857758639376,-0.002739917921858806,26.686916389134606,34.049481833962965,11.961785499477884
900953,2017-04-19,1.011,0.995,1.01,0.992,1.008,336100,336220.0,0.0,,,-0.002967359050444997,1.0071999999999979,1.0200000000000018,1.0282000000000004,1.0482333333333345,1.0114313047985066,1.0407144728931246,-0.02928316809461795,-0.02893580356891897,-0.0006947290513979604,26.98667989160698,31.695214519844303,17.569610635132328
900953,2017-04-20,1.008,1.0,1.01,0.998,1.008,164300,164623.0,0.0,,,0.0,1.0053999999999976,1.0168000000000021,1.0238500000000004,1.0454666666666677,1.0104509319989332,1.0386038617387294,-0.028152929739796217,-0.028712125332026755,0.0011183911844610747,27.18652222658856,30.192317088759054,21.17493250224757
900953,2017-04-21,1.008,1.012,1.013,0.999,1.007,81800,82033.0,0.0,,,-0.0009920634920633827,1.0069999999999977,1.013300000000002,1.0203500000000003,1.0427666666666675,1.0094649514278093,1.036564902916876,-0.02709995148906663,-0.028251504234038147,0.0023031054899430303,28.762646023399412,29.715760066972507,26.856417936253223
900953,2017-04-24,1.007,1.007,1.007,0.991,0.992,314100,313034.0,0.0,,,-0.01489572989076477,1.0051999999999979,1.0095000000000025,1.0185000000000006,1.039800000000001,1.004474965305578,1.0336897478899807,-0.029214782584402688,-0.02852672661985659,-0.0013761119290921983,19.88431720708897,26.438612447011327,6.775726727244255
900953,2017-04-25,0.992,1.007,1.018,0.993,1.009,337600,340812.0,0.0,,,0.017137096774193675,1.004799999999998,1.0077000000000025,1.0174000000000007,1.0370666666666677,1.005767832361127,1.0320968609293368,-0.026329028568209845,-0.027898812890814664,0.003139568645209638,30.90327029492201,27.926831729648217,36.856147425469594
900953,2017-04-26,1.009,1.013,1.028,1.004,1.024,518751,527487.0,0.0,,,0.014866204162537066,1.0079999999999978,1.0076000000000025,1.0171000000000006,1.0348333333333342,1.0109770231150907,1.0315744828048634,-0.020597459689772668,-0.025812711976231233,0.01043050457291713,50.3319099263444,35.39519112854695,80.20534752193932
900953,2017-04-27,1.024,1.015,1.026,1.006,1.022,323200,329193.0,0.0,,,-0.0019531250000000017,1.010799999999998,1.0081000000000024,1.0166500000000007,1.0326666666666673,1.0141264450822076,1.0309567742368078,-0.016830329154600143,-0.023246316884336635,0.012831975459472983,61.482534545490864,44.09097226752825,96.26565910141609
900953,2017-04-28,1.022,1.024,1.024,1.012,1.014,267030,271025.0,0.0,,,-0.007827788649706464,1.012199999999998,1.0096000000000025,1.0173500000000006,1.0304666666666675,1.0140903179158627,1.029862788802175,-0.015772470886312284,-0.021110932313472535,0.010676922854320502,61.7090770843813,49.96367387314593,85.19988350685203
900953,2017-05-02,1.014,1.02,1.02,1.002,1.009,121600,122472.0,0.0,,,-0.004930966469427903,1.0155999999999978,1.0104000000000024,1.0174500000000006,1.0278000000000007,1.0126359413684733,1.028516802427841,-0.0158808610593677,-0.019616626240871154,0.007471530363006906,57.355600939136984,52.42764956180961,67.21150369379173
900953,2017-05-03,1.009,1.011,1.011,0.997,1.005,131100,131161.0,0.0,,,-0.003964321110010135,1.014799999999998,1.0098000000000025,1.0175000000000003,1.0249000000000008,1.0104542438346238,1.0269995893679804,-0.016545345533356626,-0.018739117467295573,0.004387543867877895,50.8496799053705,51.901659676329906,48.745720363451696
900953,2017-05-04,1.005,1.005,1.026,0.995,1.019,427400,434412.0,0.0,,,0.013930348258706702,1.0137999999999978,1.0109000000000024,1.0154500000000004,1.0224333333333342,1.0128958884533028,1.0264834868281107,-0.013587598374807941,-0.017267254869441966,0.007359312989268049,59.12501182880546,54.30944372715509,68.7561480321062
900953,2017-05-05,1.019,1.01,1.017,0.98,0.99,547000,547344.0,0.0,,,-0.02845927379784115,1.0073999999999979,1.0091000000000023,1.0129500000000005,1.0189333333333341,1.0063542060380732,1.0241297134843617,-0.01777550744628842,-0.017412469891398094,-0.0007260751097806495,46.36111899698142,51.660002150430536,35.76335269008318
900953,2017-05-08,0.99,0.986,0.999,0.98,0.993,369331,364642.0,0.0,,,0.003030303030303033,1.0031999999999979,1.0077000000000025,1.0105000000000002,1.0161333333333342,1.0025387185986236,1.0221213448724675,-0.019582626273843884,-0.01803251457209689,-0.0031002234034939874,39.93519044243205,47.75173158109771,24.302108165100734
900953,2017-05-09,0.993,0.99,0.992,0.97,0.985,387300,379566.0,0.0,,,-0.008056394763343409,0.998399999999998,1.0070000000000021,1.00825,1.0146666666666675,0.997527656141874,1.0197264193968243,-0.022198763254950293,-0.019222871338626435,-0.005951783832647717,35.24414995012712,43.582537704107516,18.567374442166326
900953,2017-05-10,0.985,0.975,0.989,0.975,0.986,218400,214562.0,0.0,,,0.00101522842639594,0.994599999999998,1.0047000000000021,1.0062000000000002,1.0131666666666674,0.9942340401013385,1.0175505213712228,-0.02331648126988428,-0.02039247417612868,-0.0058480141875112066,33.019909490560934,40.06166163292532,18.93640520583216
900953,2017-05-11,0.986,0.975,0.989,0.969,0.988,422700,413091.0,0.0,,,0.0020283975659229226,0.988399999999998,1.001100000000002,1.00435,1.0117666666666674,0.9924528857866705,1.0156440361214665,-0.023191150334796018,-0.021192095935747918,-0.0039981087980962005,33.1243841048184,37.74923579022302,23.874680734009146
900953,2017-05-12,0.988,0.988,0.992,0.979,0.987,118751,117098.0,0.0,,,-0.0010121457489878553,0.9877999999999979,0.997600000000002,1.00285,1.0103000000000006,0.9908949184190503,1.0137960337910494,-0.022901115371999126,-0.02168038720324826,-0.0024414563375017295,32.60923852601928,36.03590336882177,25.755908840414307
900953,2017-05-15,0.987,0.995,0.995,0.973,0.988,88600,87358.0,0.0,,,0.0010131712259371843,0.9867999999999976,0.9950000000000021,1.0023000000000002,1.0099000000000011,0.9900677988707501,1.0121317735464657,-0.022063974675715525,-0.021789983623953194,-0.0005479821035246635,32.850603461790634,34.974136733144725,28.603536919082458
900953,2017-05-16,0.988,0.976,1.01,0.975,1.002,413320,411800.0,0.0,,,0.014170040485829972,0.9901999999999976,0.9943000000000021,1.00235,1.0097333333333345,0.9934769991933929,1.0114781107370163,-0.018001111543623383,-0.020707448743858964,0.0054126744004711624,41.198647921895514,37.04897379606165,49.49799617356324
900953,2017-05-17,1.002,0.997,1.01,0.997,1.0,328653,330289.0,0.0,,,-0.0019960079840319377,0.9929999999999976,0.993800000000002,1.0018,1.0096000000000005,0.9953407137095664,1.0107375874636604,-0.015396873754093932,-0.019190141603926097,0.007586535699664332,48.99354305904151,41.030496883721604,64.9196354096813
900953,2017-05-18,1.0,0.997,1.004,0.99,0.992,75500,75163.0,0.0,,,-0.008000000000000007,0.9937999999999978,0.9911000000000021,1.001,1.007333333333334,0.9943862240782618,1.0095287108531017,-0.01514248677483987,-0.018033668795615746,0.005782364041551753,51.36154903123093,44.47418093289138,65.13628522791002
900953,2017-05-19,0.992,0.991,1.0,0.991,0.999,109070,108342.0,0.0,,,0.007056451612903344,0.9961999999999976,0.9920000000000021,1.00055,1.0059666666666671,0.995704445770187,1.0088494391851597,-0.013144993414972661,-0.016636904401146294,0.006983821972347266,58.63127658992631,49.19321281856969,77.50740413263955
900953,2017-05-22,0.999,0.999,1.004,0.985,0.986,105100,104418.0,0.0,,,-0.013013013013013134,0.9957999999999976,0.9913000000000022,0.9995,1.0041000000000009,0.992931746978705,1.0073752818183752,-0.014443534839670202,-0.016010227383581696,0.0031333850878229874,52.90865593799965,50.431693858379674,57.8625800972396
900953,2017-05-23,0.986,0.985,0.985,0.945,0.948,464100,446334.0,0.0,,,-0.03853955375253553,0.9849999999999979,0.9876000000000024,0.9973,1.0013666666666672,0.9800941049847892,1.0035446184752543,-0.02345051349046512,-0.018136023414119816,-0.010628980152690606,36.810898830461305,45.89142884907355,18.649838793236825
900953,2017-05-24,0.948,0.94,0.958,0.929,0.95,241523,228519.0,0.0,,,0.002109704641350213,0.9749999999999979,0.9840000000000021,0.99435,0.9988000000000006,0.9714957892748494,1.0000901269607219,-0.028594337685872495,-0.021124113206049153,-0.014940448959646684,33.18257452894948,41.655144075698864,16.237435435450706
900953,2017-05-25,0.95,0.937,0.968,0.933,0.959,342083,324704.0,0.0,,,0.009473684210526441,0.9683999999999978,0.9811000000000021,0.9911,0.9966000000000006,0.9679255637677496,0.997439151027772,-0.0295135872600224,-0.023521105792898653,-0.011984962934247494,34.467395364978636,39.25922783879212,24.883730417351657
900953,2017-05-26,0.959,0.936,0.968,0.936,0.962,122351,117236.0,0.0,,,0.00312825860271116,0.960999999999998,0.9786000000000021,0.9881,0.9947666666666672,0.9662325455483927,0.9951527541872706,-0.028920208638877898,-0.02506370660603558,-0.007713004065684634,36.55851049023264,38.35898872260563,32.95755402548667
900953,2017-05-31,0.962,0.973,0.975,0.962,0.969,251300,243647.0,0.0,,,0.007276507276507281,0.9575999999999979,0.9767000000000021,0.98585,0.9937666666666674,0.9670232468202805,0.9934654797235757,-0.02644223290329517,-0.02545757126239546,-0.001969323281799419,40.833245676615974,39.18374104060908,44.132254948629765
900953,2017-06-01,0.969,0.962,0.962,0.92,0.925,459300,429084.0,0.0,,,-0.045407636738906125,0.952999999999998,0.9690000000000021,0.98165,0.9912333333333342,0.955016604871629,0.9890483519994742,-0.03403174712784518,-0.027907335795381096,-0.012248822664928168,29.206290768537638,35.85792428325193,15.903023739109045
900953,2017-06-02,0.925,0.931,0.936,0.922,0.929,200000,185588.0,0.0,,,0.004324324324324328,0.948799999999998,0.9619000000000021,0.97785,0.9885000000000006,0.9475832891940208,0.9851742647737016,-0.03759097557968083,-0.03067409001946673,-0.013833771120428197,23.042289083787,31.586045883430288,5.954775484500431
900953,2017-06-05,0.929,0.933,0.942,0.93,0.938,42500,39769.0,0.0,,,0.009687836383207641,0.944599999999998,0.9565000000000022,0.9738,0.9861666666666672,0.9448452065671578,0.9821307638205596,-0.03728555725340188,-0.03256308065773392,-0.009444953191335925,22.504383198715107,28.558824988525227,10.39549961909487
900953,2017-06-06,0.938,0.931,0.94,0.931,0.935,54100,50548.0,0.0,,,-0.003198294243070247,0.9391999999999979,0.9501000000000024,0.9710500000000002,0.9837333333333341,0.9420322904051127,0.9790900693805236,-0.03705777897541085,-0.033847280177070185,-0.006420997596681327,22.695229824784445,26.604293267278297,14.877102939796735
900953,2017-06-07,0.935,0.935,0.957,0.935,0.951,305632,290062.0,0.0,,,0.017112299465240538,0.935599999999998,0.9466000000000022,0.9689500000000002,0.9818666666666672,0.9445944931465091,0.9772778068398447,-0.03268331369333555,-0.033514718324574574,0.0016628092624780544,33.91803200440172,29.04220617965277,43.66968365389962
900953,2017-06-08,0.951,0.946,0.953,0.945,0.946,92400,87629.0,0.0,,,-0.005257623554153527,0.939799999999998,0.9464000000000021,0.9670000000000004,0.9803333333333342,0.9449960665332207,0.9752598838179192,-0.030263817284698513,-0.032585889456038554,0.004644144342680082,38.36959709384353,32.15133648438302,50.80611831276454
900953,2017-06-09,0.946,0.95,0.952,0.945,0.952,135900,128785.0,0.0,,,0.006342494714587861,0.9443999999999979,0.9466000000000022,0.9653000000000004,0.9784333333333338,0.9469971903808718,0.973759246152247,-0.026762055771375137,-0.03092193697470615,0.008319762406662025,44.97367078983505,36.425447919533696,62.07011653043776
900953,2017-06-12,0.952,0.944,0.952,0.93,0.931,189100,176844.0,0.0,,,-0.022058823529411898,0.942999999999998,0.9438000000000024,0.9624500000000004,0.9753333333333338,0.9424265645577655,0.9710005851101665,-0.02857402055240099,-0.03025110371119039,0.0033541663175787953,36.64911385989004,36.50000323298581,36.947335113698514
900953,2017-06-13,0.931,0.936,0.938,0.933,0.938,93000,86991.0,0.0,,,0.0075187969924812095,0.9435999999999979,0.9414000000000023,0.9600000000000004,0.9725333333333341,0.9411618318269754,0.9688715151030591,-0.027709683276083696,-0.029524983586874193,0.0036306006215809927,38.718456858974264,37.23948777498196,41.67639502695887
900953,2017-06-14,0.938,0.944,0.944,0.93,0.933,168900,157389.0,0.0,,,-0.005330490405117276,0.939999999999998,0.9378000000000024,0.9572500000000004,0.9698333333333342,0.938829879876411,0.9665572238060876,-0.027727343929676573,-0.029011372256246303,0.0025680566531394583,36.28849504884002,36.92249019960131,35.02050474731743
900953,2017-06-15,0.933,0.942,0.942,0.93,0.937,220000,205880.0,0.0,,,0.004287245444801838,0.938199999999998,0.9390000000000024,0.9540000000000006,0.9674333333333341,0.9383070570545794,0.9646503061411786,-0.02634324908659924,-0.028249051350632857,0.003811604528067232,32.834305341202025,35.559761913468215,27.383392196669647
900953,2017-06-16,0.937,0.938,0.938,0.928,0.929,103200,96146.0,0.0,,,-0.00853788687299894,0.9335999999999979,0.9390000000000024,0.9504500000000006,0.9649000000000004,0.935647897896128,0.9623502863901349,-0.026702388494006857,-0.027807147677311142,0.0022095183666085705,23.038962181491012,31.386162002809147,6.344562538854738
900953,2017-06-19,0.929,0.929,0.937,0.924,0.93,94400,87761.0,0.0,,,0.001076426264800862,0.933399999999998,0.9382000000000024,0.9473500000000004,0.9619333333333342,0.9340342127829486,0.9602631711391584,-0.026228958356209753,-0.027356236442710746,0.0022545561730019856,21.41991418160009,28.06407939573946,8.131583753321358
900953,2017-06-20,0.93,0.936,0.938,0.929,0.936,58600,54719.0,0.0,,,0.006451612903225693,0.932999999999998,0.9383000000000022,0.9442000000000006,0.9601333333333342,0.9345958662735347,0.9586978052592127,-0.024101938985677918,-0.026426437169272794,0.004648996367189753,28.073046236009308,28.067068342496075,28.085002023035777
900953,2017-06-21,0.936,0.944,0.944,0.928,0.933,44200,41255.0,0.0,,,-0.0032051282051282076,0.932999999999998,0.9365000000000021,0.9415500000000006,0.9581333333333342,0.9341399044810962,0.9570398823392634,-0.02289997785816722,-0.02541887736609977,0.005037799015865103,29.429649871625298,28.521262185539147,31.246425243797596
900953,2017-06-22,0.933,0.937,0.939,0.928,0.929,125100,116600.0,0.0,,,-0.0042872454448016,0.931399999999998,0.9348000000000022,0.9406000000000004,0.9562666666666674,0.9326713603436402,0.9552308576722142,-0.022559497328573985,-0.024601911641092405,0.00408482862503684,25.572147533464506,27.538223968180933,21.639994664031654
900953,2017-06-23,0.929,0.925,0.925,0.9,0.911,762900,692538.0,0.0,,,-0.01937567276641564,0.927799999999998,0.9307000000000022,0.9386500000000004,0.9537666666666672,0.9264795431026001,0.9523772539514261,-0.025897710848826083,-0.02497213998615917,-0.0018511417253338283,25.38143168897636,26.819293208446073,22.50570865003693
900953,2017-06-26,0.911,0.911,0.939,0.9,0.928,642251,588756.0,0.0,,,0.01866081229418224,0.9273999999999979,0.9304000000000024,0.9371000000000006,0.9517666666666674,0.926913959359,0.9508045278900438,-0.023890568531043765,-0.02466311957041191,0.001545102078736288,38.13307567143884,30.590554029443663,53.2181189554292
900953,2017-06-27,0.928,0.927,0.932,0.917,0.92,233600,215359.0,0.0,,,-0.008620689655172303,0.9241999999999979,0.9286000000000024,0.9350000000000008,0.9495333333333342,0.9249385423992856,0.948817138993912,-0.023878596594626322,-0.024438970148758885,0.0011207471082651244,40.573565599141084,33.918224552676136,53.88424769207097
900953,2017-06-28,0.92,0.914,0.918,0.909,0.912,180758,164780.0,0.0,,,-0.00869565217391305,0.9199999999999982,0.9265000000000024,0.9321500000000006,0.9470000000000008,0.9212418159994897,0.9464418397039822,-0.02520002370449248,-0.024656414021825623,-0.001087219365333715,36.13995282366984,34.65880064300737,39.102257184994784
900953,2017-06-29,0.912,0.914,0.931,0.9,0.924,795319,729006.0,0.0,,,0.013157894736842115,0.9189999999999982,0.9252000000000024,0.9321000000000004,0.9444000000000008,0.9220298685710641,0.9449939790779188,-0.022964110506854762,-0.02417289873183395,0.002417576449958374,42.27512006426479,37.19757378342651,52.43021262594134
900953,2017-06-30,0.924,0.924,0.979,0.924,0.972,2022216,1932182.0,0.0,,,0.05194805194805187,0.9311999999999984,0.9295000000000024,0.9342500000000008,0.9434666666666676,0.9363070489793314,0.9467363030083756,-0.010429254029044266,-0.020246143102465468,0.019633778146842404,58.56316021161956,44.31943592615753,87.05060878254362
900953,2017-07-03,0.972,0.972,0.975,0.951,0.961,393700,378073.0,0.0,,,-0.01131687242798355,0.9377999999999984,0.9326000000000024,0.9354000000000008,0.9424333333333341,0.9433621778423795,0.9476565415239644,-0.004294363681584867,-0.015688491839356725,0.022788256315543716,64.78050343221894,51.13979176151133,92.06192677363413
900953,2017-07-04,0.961,0.965,1.005,0.961,0.995,1490713,1483763.0,0.0,,,0.035379812695109286,0.9527999999999984,0.9385000000000024,0.9384000000000008,0.9423000000000008,0.9581158413159854,0.9507109581998376,0.007404883116147731,-0.009090384709212593,0.032990535650720645,73.34573244687614,58.541771989966264,102.95365336069591
900953,2017-07-05,0.995,0.995,0.999,0.988,0.996,477110,474281.0,0.0,,,0.0010050251256281417,0.9695999999999986,0.9448000000000024,0.9406500000000008,0.9426333333333342,0.9689398866542752,0.9536328318643643,0.015307054789910901,-0.0021196877094630225,0.034853484998747845,79.3733454407746,65.48562980690237,107.14877670851908
900953,2017-07-06,0.996,0.998,1.029,0.998,1.018,1428011,1457432.0,0.0,,,0.02208835341365464,0.9883999999999984,0.9537000000000024,0.9442500000000006,0.9449666666666676,0.982957061895911,0.957785552389244,0.025171509506667022,0.005677797209431277,0.03898742459447149,83.40651969953451,71.45925977111308,107.30103955637739
900953,2017-07-07,1.018,1.012,1.021,1.003,1.018,410160,415388.0,0.0,,,0.0,0.9975999999999984,0.9644000000000024,0.9475500000000008,0.9472333333333344,0.9929693299256508,0.9616703554609057,0.031298974464745055,0.012998133568092358,0.03660168179330539,86.0953025387078,76.33794069364465,105.61002622883407
900953,2017-07-10,1.018,1.015,1.016,1.003,1.007,596383,601078.0,0.0,,,-0.010805500982318172,1.0067999999999984,0.9723000000000024,0.9513500000000008,0.9488333333333344,0.9969780928040362,0.9645948486569763,0.03238324414705984,0.0185367365906545,0.027693015112810686,85.04544717050804,79.24044285259912,96.65545580632588
900953,2017-07-11,1.007,1.007,1.007,0.982,0.983,629700,624393.0,0.0,,,-0.02383316782522356,1.0043999999999982,0.9786000000000024,0.9536000000000008,0.9495333333333345,0.9929843520028829,0.9657822777758811,0.027202074227001827,0.02101254734389659,0.012379053766210471,78.14399320411131,78.87495963643651,76.68206033946089
900953,2017-07-12,0.983,0.983,0.992,0.979,0.991,356482,351582.0,0.0,,,0.008138351983723303,1.0033999999999978,0.9865000000000024,0.9565000000000008,0.9502666666666676,0.9924173942877735,0.967409227596792,0.025008166690981493,0.022154152871635135,0.005708027638692714,73.36583673924882,77.03858533737395,66.02033954299856
900953,2017-07-13,0.991,0.992,1.006,0.99,0.992,279286,278929.0,0.0,,,0.001009081735620586,0.9981999999999982,0.9933000000000024,0.9592500000000008,0.9525000000000008,0.992298138776981,0.9689957290421604,0.023302409734820673,0.02248222626111672,0.0016403669474079063,66.43192534753342,73.50303200742711,52.28971202774605
900953,2017-07-14,0.992,0.99,0.997,0.985,0.988,158662,156812.0,0.0,,,-0.004032258064516132,0.9921999999999979,0.9949000000000024,0.9622000000000008,0.9544666666666676,0.9910700991264151,0.9702218110394403,0.02084828808697481,0.02201538678279046,-0.0023341973916313,57.52324434933603,68.17643612139675,36.216860805214594
900953,2017-07-17,0.988,0.985,0.993,0.951,0.964,700010,677593.0,0.0,,,-0.02429149797570841,0.983599999999998,0.9952000000000024,0.9639000000000008,0.9553333333333344,0.9833357850902964,0.9698204038756054,0.01351538121469098,0.019586813763333467,-0.012142865097284974,43.90438512177959,60.0857524548577,11.541650455623369
900953,2017-07-18,0.964,0.966,0.982,0.962,0.977,336400,327218.0,0.0,,,0.013485477178423131,0.9823999999999982,0.9934000000000026,0.9659500000000008,0.9567333333333344,0.9815255607787831,0.9702836036255664,0.01124195715321663,0.0172025690175858,-0.011921223728738335,40.38070119229752,53.517402034004306,14.107299508883955
900953,2017-07-19,0.977,0.972,0.995,0.965,0.992,472789,465155.0,0.0,,,0.015353121801432971,0.9825999999999984,0.9930000000000028,0.9689000000000008,0.9581000000000012,0.9845182576991308,0.971684661456175,0.01283359624295577,0.01595429108197722,-0.0062413896780429,46.44427698534124,51.159693684449955,37.0134435871238
900953,2017-07-20,0.992,0.982,0.998,0.982,0.987,259500,257174.0,0.0,,,-0.0050403225806451655,0.9815999999999984,0.9899000000000026,0.9718000000000008,0.9594666666666676,0.9852273269279506,0.9726727478138412,0.012554579114109399,0.014982944805443555,-0.004856731382668313,49.42438978509929,50.58125905133306,47.110651252631726
900953,2017-07-21,0.987,0.982,0.991,0.979,0.985,272200,267793.0,0.0,,,-0.0020263424518743686,0.9809999999999984,0.9866000000000024,0.9755000000000008,0.9605666666666676,0.9851623763771075,0.9734680544064965,0.011694321970610932,0.014043338281205662,-0.004698032621189459,53.187688428161465,51.450068843609195,56.662927597266005
900953,2017-07-24,0.985,0.981,1.022,0.98,1.022,1306741,1323805.0,0.0,,,0.037563451776649784,0.9925999999999984,0.9881000000000024,0.9802000000000006,0.9636000000000008,0.995687411697934,0.9765991476705935,0.01908826402734043,0.015484745637244167,0.007207036780192525,68.79179228544098,57.230643324219784,91.91409020788336
900953,2017-07-25,1.022,1.022,1.022,1.011,1.014,516100,523561.0,0.0,,,-0.007827788649706464,0.9999999999999984,0.9912000000000024,0.9849000000000006,0.9661333333333342,1.0009195797842385,0.979012105885394,0.02190747389884451,0.017319810854844263,0.009175326088000493,75.43865964569305,63.29998209804421,99.71601474099072
900953,2017-07-26,1.014,1.012,1.02,1.01,1.015,272628,276282.0,0.0,,,0.000986193293885493,1.0045999999999984,0.9936000000000024,0.9900500000000008,0.9688666666666677,1.0049425569887418,0.9813339055056912,0.02360865148305058,0.01911662246290321,0.008984058040294743,80.33938812060283,68.97978410556375,103.05859615068098
900953,2017-07-27,1.015,1.018,1.046,1.017,1.041,1535229,1595048.0,0.0,,,0.025615763546798054,1.0153999999999983,0.9985000000000024,0.9959000000000008,0.9723333333333344,1.015244683563387,0.9851833309569369,0.030061352606450154,0.022243688218202336,0.015635328776495636,85.1385394488229,74.36603588665014,106.68354657316843
900953,2017-07-28,1.041,1.044,1.073,1.042,1.057,1905286,2027567.0,0.0,,,0.015369836695485126,1.0297999999999985,1.0054000000000023,1.0001500000000003,0.9766000000000008,1.027174773973848,0.9898166644435862,0.03735810953026175,0.02656209430736217,0.021592030445799167,85.28755482774379,78.00654220034802,99.84958008253531
900953,2017-07-31,1.057,1.057,1.057,1.037,1.052,779966,818128.0,0.0,,,-0.004730368968779464,1.0357999999999985,1.0142000000000024,1.0047000000000006,0.9806666666666676,1.0342676956956056,0.993828492544,0.04043920315160565,0.030526982548574593,0.019824441206062117,83.71022173701441,79.90776871257015,91.31512778590292
900953,2017-08-01,1.052,1.047,1.064,1.045,1.058,815110,859713.0,0.0,,,0.005703422053231944,1.0445999999999982,1.0223000000000024,1.0078500000000006,0.9847333333333342,1.0410483540682898,0.9979685897992258,0.043079764269064014,0.034113491611571574,0.01793254531498488,83.8209988885061,81.21217877121546,89.03863912308736
900953,2017-08-02,1.058,1.0590000000000002,1.0590000000000002,1.03,1.039,719130,747766.0,0.0,,,-0.017958412098298588,1.049399999999998,1.0270000000000024,1.0100000000000011,0.9882666666666676,1.0404631100487785,1.0006157775541145,0.03984733249466399,0.035751731863883696,0.008191201261560588,77.15726167035156,79.86053973759415,71.75070553586639
900953,2017-08-03,1.039,1.045,1.045,1.034,1.038,268100,278351.0,0.0,,,-0.0009624639076035725,1.0487999999999982,1.0321000000000025,1.0110000000000006,0.991900000000001,1.0397593643205558,1.0030276628732038,0.03673170144735205,0.036031723173446085,0.0013999565478119286,72.22670491285089,77.3159281293464,62.04825847985987
900953,2017-08-04,1.038,1.031,1.042,1.02,1.024,719400,740079.0,0.0,,,-0.013487475915221592,1.0421999999999982,1.0360000000000025,1.0113000000000008,0.9956666666666676,1.0352566888003971,1.0043807168813843,0.030875971919012812,0.03455865138646515,-0.00736535893490467,55.55854401597468,70.0634667582225,26.548698531479033
900953,2017-08-07,1.024,1.015,1.034,1.015,1.029,377101,388144.0,0.0,,,0.0048828125000001145,1.0375999999999983,1.0367000000000024,1.0124000000000006,0.9990333333333344,1.033469063428855,1.0059690577277467,0.027500005701108332,0.0325418954763632,-0.010083779550509736,47.09193939689313,62.40629097111272,16.463236248453953
900953,2017-08-08,1.029,1.029,1.032,1.022,1.03,216300,222064.0,0.0,,,0.0009718172983478033,1.0319999999999985,1.0383000000000024,1.0147500000000007,1.002700000000001,1.0324779024491824,1.00751944110015,0.024958461349032346,0.030375200011411526,-0.01083347732475836,40.01531591976789,54.94263262066445,10.160682517974791
900953,2017-08-09,1.03,1.03,1.044,1.019,1.042,501229,518340.0,0.0,,,0.011650485436893216,1.0325999999999984,1.0410000000000024,1.0173000000000008,1.0070333333333343,1.0351985017494159,1.009743993287237,0.025454508462178893,0.0289692881402022,-0.0070295593560466135,42.19411865915567,50.69312796682819,25.19610004381063
900953,2017-08-10,1.042,1.031,1.04,1.026,1.03,239149,246729.0,0.0,,,-0.011516314779270644,1.0309999999999984,1.0399000000000025,1.0192000000000008,1.0105666666666675,1.033713215535297,1.0110508324299958,0.02266238310530122,0.027167315273087633,-0.009009864335572826,38.333494072090225,46.57325000191554,21.853982212439604
900953,2017-08-11,1.03,1.03,1.04,1.024,1.028,495400,510564.0,0.0,,,-0.0019417475728155359,1.0317999999999985,1.0370000000000021,1.0212000000000008,1.0124333333333344,1.032080868239498,1.0121443271119317,0.019936541127566265,0.02510137980293867,-0.01032967735074481,34.39920012969286,42.51523337784131,18.16713363339595
900953,2017-08-14,1.028,1.038,1.05,1.026,1.05,600030,625493.0,0.0,,,0.02140077821011675,1.0359999999999985,1.0368000000000024,1.0255000000000007,1.015400000000001,1.03720062017107,1.0145866285885812,0.02261399158248878,0.0243906974542387,-0.0035534117434998444,49.44795160161337,44.826139452431995,58.691575899976115
900953,2017-08-15,1.05,1.047,1.054,1.043,1.043,253600,265737.0,0.0,,,-0.006666666666666778,1.0385999999999984,1.0353000000000023,1.0288000000000008,1.017000000000001,1.0388575858364786,1.0164197493248017,0.022437836511676856,0.023832737184935317,-0.002789801346516921,56.896924999366114,48.84973463474336,72.99130572861161
900953,2017-08-16,1.043,1.037,1.048,1.033,1.041,243980,254011.0,0.0,,,-0.0019175455417066167,1.0383999999999989,1.0355000000000023,1.0312500000000009,1.018500000000001,1.0394697041689132,1.0180055719490082,0.021464132219904952,0.02315599290921236,-0.0033837213786148124,60.1535055551329,52.61765827487321,75.22520011565229
900953,2017-08-17,1.041,1.046,1.052,1.042,1.044,235100,245819.0,0.0,,,0.002881844380403568,1.0411999999999986,1.0361000000000025,1.0341000000000011,1.0193666666666676,1.0407640744063664,1.019682631823266,0.021081442583100518,0.022563264244608975,-0.0029636433230169137,64.88866182308008,56.70799279094217,81.2499998873559
900953,2017-08-18,1.044,1.039,1.046,1.037,1.044,180400,187918.0,0.0,,,0.0,1.0443999999999984,1.0381000000000025,1.0370500000000011,1.0202333333333344,1.041688624575976,1.021251494286281,0.02043713028969507,0.02195579740034786,-0.0030373342213055807,67.06863169157724,60.16153909115386,80.88281689242397
900953,2017-08-21,1.044,1.046,1.048,1.037,1.039,222600,231572.0,0.0,,,-0.004789272030651239,1.0421999999999985,1.0391000000000026,1.037900000000001,1.021300000000001,1.0409204461256971,1.022396559171037,0.01852388695466023,0.020975251558722822,-0.004902729208125185,63.760040175337146,61.36103945254829,68.55804162091486
900953,2017-08-22,1.039,1.037,1.042,1.029,1.03,336510,347239.0,0.0,,,-0.008662175168431298,1.0395999999999983,1.0391000000000026,1.038700000000001,1.0228666666666677,1.0378003186612124,1.0228871037406475,0.014913214920564855,0.01924324109067769,-0.008660052340225668,49.17336011689142,57.298479673996006,32.923121002682265
900953,2017-08-23,1.03,1.028,1.031,1.018,1.018,451500,461437.0,0.0,,,-0.011650485436893216,1.0349999999999984,1.0367000000000026,1.0388500000000012,1.0237666666666678,1.0321430847580089,1.022571806725122,0.009571278032886932,0.016479823074166042,-0.013817090082558221,32.78224007792762,49.12639980863988,0.09392061650309813
900953,2017-08-24,1.018,1.018,1.026,1.009,1.015,522700,532070.0,0.0,,,-0.00294695481335964,1.0291999999999983,1.0352000000000028,1.037550000000001,1.0245333333333344,1.027245060541435,1.0220833030654368,0.005161757475998119,0.013246090046118063,-0.016168665140239888,26.299271163062844,41.51735692678087,-4.136900364373204
900953,2017-08-25,1.015,1.011,1.038,1.01,1.03,541500,554877.0,0.0,,,0.014778325123152834,1.0263999999999984,1.0354000000000023,1.0362000000000011,1.0259333333333345,1.0280321861010249,1.0225940577063763,0.005438128394648523,0.01101524385998391,-0.011154230930670774,33.08840299759749,38.70770561705308,21.84979775868632
900953,2017-08-28,1.03,1.035,1.0490000000000002,1.03,1.046,677500,706262.0,0.0,,,0.015533980582524285,1.0277999999999987,1.0350000000000024,1.0359000000000012,1.0286666666666675,1.0331658472150178,1.0241041184995134,0.009061728715504369,0.010457096675846898,-0.0027907359206850585,50.74110587436733,42.718839036157824,66.78563955078634
900953,2017-08-29,1.046,1.05,1.05,1.037,1.039,234800,244411.0,0.0,,,-0.006692160611854584,1.0295999999999983,1.0346000000000024,1.0349500000000014,1.0307333333333346,1.034832748010727,1.025065143112448,0.009767604898279103,0.010260099025113243,-0.00098498825366828,57.0832178697332,47.50696531401628,76.23572298116703
900953,2017-08-30,1.039,1.038,1.0490000000000002,1.028,1.029,1152700,1192728.0,0.0,,,-0.009624639076034657,1.0317999999999985,1.0334000000000023,1.0344500000000012,1.0319666666666678,1.0331662485790907,1.0253190048471288,0.007847243731961884,0.009570711798498568,-0.0034469361330733694,54.31564118144811,49.776523936493554,63.39387567135721
900953,2017-08-31,1.029,1.026,1.035,1.02,1.031,673701,690477.0,0.0,,,0.0019436345966956066,1.0349999999999986,1.0321000000000025,1.0341000000000011,1.0334333333333343,1.032547320413636,1.025685520663443,0.006861799750192965,0.008796736927554111,-0.003869874354722292,54.09660631608731,51.21655139635814,59.856716155545655
900953,2017-09-01,1.031,1.028,1.029,1.02,1.023,461200,471851.0,0.0,,,-0.0077594568380213455,1.0335999999999983,1.0300000000000025,1.034050000000001,1.0347000000000013,1.0298195145811684,1.0255122612658014,0.004307253315366966,0.007514027324072069,-0.006413548017410207,47.44651803186306,49.959873608193114,42.41980687920294
900953,2017-09-04,1.023,1.02,1.024,1.016,1.018,402219,410036.0,0.0,,,-0.004887585532746719,1.0279999999999982,1.0279000000000025,1.0335000000000012,1.034566666666668,1.0264425104151202,1.025027599248653,0.001414911166467192,0.005771422707613532,-0.00871302308229268,38.94808519197382,46.289277469453346,24.26570063701476
900953,2017-09-05,1.018,1.028,1.028,1.017,1.028,258120,264154.0,0.0,,,0.009823182711198437,1.0257999999999985,1.0277000000000025,1.033400000000001,1.0350333333333348,1.0268875074393715,1.0252193670390626,0.0016681404003089373,0.004599056334097934,-0.0058618318675779935,41.41254459952731,44.663699846144674,34.91023410629258
900953,2017-09-06,1.028,1.028,1.033,1.019,1.022,249612,255030.0,0.0,,,-0.005836575875486387,1.0243999999999986,1.0281000000000025,1.0324000000000009,1.035266666666668,1.0254910767424081,1.0250116659397681,0.00047941080264002345,0.0034220147536813883,-0.00588520790208273,37.60836306635154,42.311920919546964,28.20124735996069
900953,2017-09-07,1.022,1.03,1.073,1.03,1.065,3237017,3431827.0,0.0,,,0.04207436399217214,1.0311999999999986,1.0331000000000023,1.0341500000000008,1.0360666666666678,1.0367793405302914,1.027591558459783,0.00918778207050841,0.005069376844203395,0.00823681045261003,53.72721280446827,46.11701821452073,68.94760198436335
900953,2017-09-08,1.065,1.065,1.17,1.064,1.132,5625076,6319655.0,0.0,,,0.06291079812206589,1.0529999999999986,1.0433000000000026,1.039350000000001,1.0385666666666682,1.0639852432359223,1.0343275869462487,0.02965765628967354,0.012094599542909151,0.035126113493528774,60.92636697787062,51.05346780230403,80.6721653290038
900953,2017-09-11,1.132,1.126,1.138,1.112,1.13,1839368,2068875.0,0.0,,,-0.001766784452297017,1.0753999999999986,1.0517000000000023,1.0433500000000009,1.041166666666668,1.082846602311373,1.040500000691652,0.042346601619720925,0.020738028707712512,0.043217145824016825,65.29290266057174,55.79994608839326,84.2788158049287
900953,2017-09-12,1.13,1.132,1.135,1.106,1.11,1384400,1541678.0,0.0,,,-0.01769911504424761,1.0917999999999983,1.0588000000000024,1.0467000000000009,1.0429000000000015,1.090604715936695,1.0449838716147712,0.045620844321923704,0.02784740459748714,0.03554687944887313,63.874922120034874,58.49160476560713,74.64155682889036
900953,2017-09-13,1.11,1.11,1.16,1.11,1.143,2773314,3166815.0,0.0,,,0.02972972972972965,1.1159999999999983,1.0702000000000025,1.051800000000001,1.046366666666668,1.1055747970976393,1.051307492800915,0.05426730429672433,0.035395947368697764,0.03774271385605313,70.07245890253408,62.35188947791611,85.51359775177
900953,2017-09-14,1.143,1.141,1.156,1.12,1.125,1912293,2175674.0,0.0,,,-0.015748031496063006,1.1279999999999983,1.0796000000000023,1.0558500000000008,1.049266666666668,1.1111248550697423,1.0560618481040818,0.05506300696566058,0.04101510725354428,0.028095799424232598,70.308046194763,65.00394171686507,80.91625515055884
900953,2017-09-15,1.125,1.134,1.134,1.098,1.108,1222401,1357486.0,0.0,,,-0.015111111111111224,1.1231999999999984,1.0881000000000025,1.059050000000001,1.0520666666666678,1.1102320393355303,1.059412696613496,0.050819342722034255,0.04381631738739856,0.014006050669271394,66.69773885751088,65.56854076374701,68.95613504503862
900953,2017-09-18,1.108,1.118,1.122,1.099,1.108,742117,818449.0,0.0,,,0.0,1.118799999999999,1.0971000000000024,1.0625000000000009,1.0547000000000013,1.109594313811093,1.0625473613481091,0.04704695246298396,0.04473935598042296,0.004615192965122,64.11195835533842,65.08301329427748,62.169848477460306
900953,2017-09-19,1.108,1.104,1.116,1.096,1.099,564209,623648.0,0.0,,,-0.008122743682310377,1.1165999999999987,1.1042000000000023,1.0659500000000008,1.0570000000000013,1.1065673670079237,1.064899144486941,0.04166822252098279,0.043861889277725774,-0.004387333513485969,59.16987699879704,63.11196786245066,51.285695271489786
900953,2017-09-20,1.099,1.091,1.103,1.08,1.101,732179,799852.0,0.0,,,0.001819836214740675,1.1081999999999987,1.1121000000000023,1.0701000000000007,1.0589666666666675,1.1049766907199454,1.0672282319393962,0.03774845878054922,0.04211519484996104,-0.00873347213882364,51.081804791650846,59.10191350551739,35.041587363917756
900953,2017-09-21,1.101,1.092,1.117,1.092,1.1,627708,695532.0,0.0,,,-0.0009082652134422252,1.1031999999999986,1.1156000000000026,1.0743500000000008,1.0613000000000012,1.1035547790856752,1.0693425395562095,0.03421223952946573,0.03985720761553381,-0.011289936172136167,42.38786986110059,53.530565624045124,20.102478335211515
900953,2017-09-22,1.1,1.089,1.106,1.089,1.098,244483,267925.0,0.0,,,-0.0018181818181820216,1.1011999999999986,1.1122000000000027,1.0777500000000009,1.0636333333333343,1.1019676993469107,1.071191407971938,0.03077629137497273,0.03726266011823064,-0.012972737486515812,35.75857990740041,47.60657038516356,12.062598951874108
900953,2017-09-25,1.098,1.096,1.109,1.072,1.081,775800,842709.0,0.0,,,-0.015482695810564575,1.0957999999999983,1.1073000000000026,1.0795000000000008,1.064666666666668,1.095976928104936,1.0718242203608452,0.02415270774409084,0.03351695943990498,-0.01872850339162828,27.248144180691146,40.82042831700608,0.10357590806127348
900953,2017-09-26,1.081,1.095,1.115,1.095,1.11,983000,1088236.0,0.0,,,0.02682701202590207,1.0979999999999983,1.1073000000000026,1.0830500000000003,1.0669000000000013,1.0999835200749544,1.0742871738859519,0.025696346189002517,0.03128249851107571,-0.011172304644146383,33.244794533159215,38.29521705572379,23.14394948803006
900953,2017-09-27,1.11,1.112,1.125,1.05,1.117,968300,1070669.0,0.0,,,0.0063063063063062115,1.1011999999999984,1.1047000000000025,1.0874500000000007,1.0694333333333348,1.1048453714821103,1.0770428400868584,0.027802531395251906,0.030288222192268906,-0.0049713815940339995,48.750497942741085,41.78031068472956,62.69087245876415
900953,2017-09-28,1.117,1.115,1.135,1.08,1.119,789157,879361.0,0.0,,,0.0017905102954342005,1.1049999999999982,1.1041000000000023,1.0918500000000009,1.0719333333333347,1.10888955105865,1.0797497536296417,0.029139797429008407,0.029960100831337332,-0.00164060680465785,59.55915549123915,47.70659228689942,83.26428189991861
900953,2017-09-29,1.119,1.12,1.131,1.11,1.127,857551,964050.0,0.0,,,0.007149240393208228,1.1107999999999982,1.1060000000000023,1.0970500000000007,1.0747000000000015,1.1140639650418929,1.0827981566212777,0.031265808420615215,0.030333160142559584,0.0018652965561112636,69.90218209219864,55.10512222199916,99.49630183259761
900953,2017-10-09,1.127,1.132,1.144,1.121,1.122,691596,778664.0,0.0,,,-0.004436557231588193,1.1189999999999984,1.1074000000000024,1.1022500000000006,1.0774666666666683,1.1163314036013519,1.0853273078070016,0.03100409579435026,0.030524856043071206,0.0009584795025581114,72.13336962174951,60.78120468858261,94.83769948808329
900953,2017-10-10,1.122,1.124,1.133,1.114,1.124,492361,551719.0,0.0,,,0.0017825311942959016,1.1217999999999984,1.1099000000000026,1.1070500000000003,1.0806000000000016,1.1185224311438229,1.0878223202065498,0.030700110937273095,0.030574928869986032,0.0002503641345741256,74.33004783293946,65.29748573670156,92.39517202541526
900953,2017-10-11,1.124,1.122,1.124,1.113,1.116,415500,464318.0,0.0,,,-0.007117437722420131,1.1215999999999986,1.1114000000000026,1.1117500000000011,1.0838666666666683,1.117801736531302,1.0896402350319339,0.028161501499368136,0.029885378192666633,-0.0034477533865969953,72.95762054110862,67.85086400483725,83.17113361365139
900953,2017-10-12,1.116,1.115,1.118,1.078,1.086,1337668,1457068.0,0.0,,,-0.026881720430107555,1.1149999999999989,1.1100000000000023,1.1128000000000005,1.086233333333335,1.108715526093787,1.0894053811589057,0.019310144934881368,0.026863882976156557,-0.015107476082550378,61.404371140880954,65.70203305018515,52.80904732227256
900953,2017-10-13,1.086,1.082,1.102,1.081,1.095,269896,294396.0,0.0,,,0.008287292817679669,1.1085999999999987,1.1097000000000026,1.1109500000000003,1.0884000000000014,1.104796804352705,1.089766324309944,0.015030480042760974,0.023482910709472102,-0.016904861333422255,56.893694235764606,62.76592011204497,45.14924248320389
900953,2017-10-16,1.095,1.093,1.097,1.067,1.07,495600,534327.0,0.0,,,-0.02283105022831041,1.0981999999999987,1.1086000000000027,1.1079500000000004,1.0892000000000015,1.0948548602519321,1.0884910775802703,0.006363782671661822,0.018591731270097733,-0.02445589719687182,45.02132807207004,56.851056098719994,21.36187201877013
900953,2017-10-17,1.07,1.075,1.075,1.064,1.067,517063,552914.0,0.0,,,-0.002803738317757116,1.0867999999999989,1.1043000000000027,1.1058000000000006,1.0901333333333347,1.08689632875138,1.0871045564460593,-0.00020822769467931934,0.013220314423018575,-0.02685708423539579,31.26421871471332,48.3221103040511,-2.851564463962248
900953,2017-10-18,1.067,1.065,1.082,1.065,1.067,472700,507083.0,0.0,,,0.0,1.0769999999999988,1.0993000000000026,1.1020000000000003,1.0914000000000017,1.081211663393843,1.085807488288249,-0.00459582489440602,0.008129988903754404,-0.025451627596320848,22.0928124764755,39.57901102819257,-12.879584626958632
900953,2017-10-19,1.067,1.063,1.07,1.062,1.068,199262,212170.0,0.0,,,0.0009372071227742381,1.0733999999999988,1.0942000000000027,1.0991500000000003,1.092633333333335,1.0774369024241734,1.084658618076104,-0.007221715651930527,0.003743787602130137,-0.02193100650812133,17.167566041227577,32.1085293658709,-12.714360608059067
900953,2017-10-20,1.068,1.062,1.085,1.058,1.0759999999999998,324462,348952.0,0.0,,,0.007490636704119648,1.0695999999999988,1.0891000000000026,1.0975500000000005,1.0944000000000014,1.0770263588744096,1.084099997555065,-0.007073638680655359,0.000653094378477138,-0.015453466118264994,19.445044027484965,27.887367586408924,2.560396909637042
900953,2017-10-23,1.0759999999999998,1.088,1.088,1.075,1.077,180600,194863.0,0.0,,,0.0009293680297398812,1.0709999999999986,1.084600000000003,1.0960000000000003,1.0963666666666678,1.0770188277674353,1.0836419331966738,-0.006623105429238496,-0.0014258198522987579,-0.010394571153879477,22.559322280949516,26.111352484589123,15.455261873670302
900953,2017-10-24,1.077,1.075,1.078,1.065,1.069,231762,247896.0,0.0,,,-0.007428040854224704,1.0713999999999986,1.0791000000000026,1.0945000000000005,1.0977333333333348,1.0747277341195967,1.0826972923452753,-0.007969558225678686,-0.003295459387550166,-0.009348197676257039,21.150659298410726,24.457788089196324,14.536401716839528
900953,2017-10-25,1.069,1.075,1.085,1.065,1.084,213400,229192.0,0.0,,,0.014031805425631549,1.0747999999999986,1.0759000000000027,1.0936500000000011,1.0998000000000017,1.077376952942569,1.0827813380004188,-0.005404385057849792,-0.003898009579064345,-0.003012750957570894,33.79740922924352,27.57099513587872,46.25023741597311
900953,2017-10-26,1.084,1.0759999999999998,1.098,1.07,1.088,411675,446697.0,0.0,,,0.003690036900369007,1.0787999999999986,1.0761000000000025,1.0930500000000003,1.1005666666666685,1.080412109244692,1.0831180258713595,-0.002705916626667415,-0.0035574115926652224,0.0017029899319956146,47.53160615282902,34.22453214152882,74.14575417542942
900953,2017-10-27,1.088,1.089,1.09,1.075,1.079,276600,298806.0,0.0,,,-0.008272058823529521,1.0793999999999986,1.074500000000003,1.0921000000000007,1.0988000000000018,1.0800086494604944,1.0828523467828848,-0.002843697322390426,-0.003353493229729566,0.00101959181467828,49.187737435219255,39.212267239425636,69.1386778268065
900953,2017-10-30,1.079,1.073,1.075,1.047,1.056,712954,752978.0,0.0,,,-0.021316033364226054,1.0751999999999986,1.0731000000000026,1.0908500000000008,1.096333333333335,1.0731490353289246,1.0811199373130211,-0.007970901984096557,-0.00467275287383442,-0.006596298220524273,38.67417789798937,39.03290412561355,37.956725442741
900953,2017-10-31,1.056,1.051,1.0590000000000002,1.051,1.056,201000,212135.0,0.0,,,0.0,1.0725999999999989,1.0720000000000027,1.0881500000000008,1.094533333333335,1.068249310949232,1.0794992961960521,-0.011249985246820193,-0.006551962123258927,-0.009396046247122532,31.665138206502775,36.576982152576626,21.841450314355072
900953,2017-11-01,1.056,1.058,1.078,1.048,1.0659999999999998,500510,534116.0,0.0,,,0.009469696969696769,1.0689999999999986,1.0719000000000023,1.0856000000000008,1.0919666666666683,1.0676066506780226,1.0786283738608229,-0.011021723182800258,-0.007829036711699306,-0.006385372942201904,33.528392791263194,35.56078569880548,29.46360697617861
900953,2017-11-02,1.0659999999999998,1.0659999999999998,1.07,1.055,1.057,178233,188707.0,0.0,,,-0.008442776735459567,1.0627999999999989,1.0708000000000026,1.0825000000000011,1.0897000000000017,1.0645761790557304,1.07723299490206,-0.012656815846329605,-0.009208402178736535,-0.0068968273351861405,28.888209573260415,33.33659365695713,19.991441405866993
900953,2017-11-03,1.057,1.063,1.063,1.03,1.043,388350,404713.0,0.0,,,-0.013245033112582794,1.0555999999999988,1.0675000000000026,1.0783000000000007,1.0875333333333352,1.058411556468379,1.0750244145857981,-0.016612858117419194,-0.011323961018360154,-0.010577794198118079,25.631355401781395,30.768180905231883,15.357704394880422
900953,2017-11-06,1.043,1.043,1.044,1.032,1.042,369500,383264.0,0.0,,,-0.0009587727708532023,1.0527999999999988,1.0640000000000025,1.0743000000000007,1.0853333333333353,1.0537225403345565,1.0728938071931662,-0.019171266858609703,-0.013566048401288597,-0.011210436914642213,22.969923209030735,28.168761673164834,12.572246280762535
900953,2017-11-07,1.042,1.044,1.0490000000000002,1.035,1.046,310101,323075.0,0.0,,,0.003838771593090215,1.0507999999999988,1.0617000000000023,1.0704000000000011,1.0835666666666688,1.051516100238969,1.0711587228581232,-0.01964262261915417,-0.015302212463535903,-0.008680820311236535,23.15641939425578,26.497980913528483,16.47329635571038
900953,2017-11-08,1.046,1.045,1.048,1.038,1.043,270000,281706.0,0.0,,,-0.002868068833652116,1.046199999999999,1.0576000000000023,1.0667500000000008,1.0816333333333354,1.0490829287421206,1.069342031060825,-0.020259102318704425,-0.016718466707869768,-0.007081271221669315,22.659835151726014,25.218598992927657,17.54230746932273
900953,2017-11-09,1.043,1.034,1.048,1.034,1.041,355500,370333.0,0.0,,,-0.0019175455417066167,1.0429999999999988,1.0529000000000024,1.0645000000000011,1.0796666666666686,1.046773520530086,1.0675135129278686,-0.02073999239778246,-0.01786747404784482,-0.005745036699875278,22.745445656706153,24.394214547520487,19.447907875077483
900953,2017-11-10,1.041,1.038,1.045,1.037,1.041,352600,366626.0,0.0,,,0.0,1.0425999999999989,1.0491000000000024,1.061800000000001,1.0777666666666683,1.0451239432357757,1.0658029637067157,-0.020679020470939946,-0.018670773025872,-0.004016494890135891,22.802519326692913,23.863649473911295,20.680259032256146
900953,2017-11-13,1.041,1.039,1.044,1.03,1.035,492500,509376.0,0.0,,,-0.005763688760806922,1.041199999999999,1.0470000000000024,1.0600500000000008,1.076233333333335,1.0422313880255543,1.0638156757256372,-0.021584287700082916,-0.019503205789932265,-0.0041621638203013026,18.673901773350753,22.133733573724445,11.754238172603372
900953,2017-11-14,1.035,1.034,1.037,1.002,1.011,930690,951419.0,0.0,,,-0.02318840579710147,1.034199999999999,1.0425000000000022,1.0572500000000011,1.0729333333333348,1.0333081343039674,1.060408212775596,-0.027100078471628652,-0.02167374084184552,-0.010852675259566263,16.8610325547828,20.376166567410564,9.830764529527272
900953,2017-11-15,1.011,1.017,1.021,1.003,1.004,386300,389451.0,0.0,,,-0.006923837784371807,1.0263999999999989,1.036300000000002,1.0541000000000011,1.0691666666666684,1.0249343816456908,1.0567689732416867,-0.03183459159599589,-0.024576841057317056,-0.014515501077357662,12.33358454471859,17.695305893179906,1.6101418477959584
900953,2017-11-16,1.004,1.003,1.01,0.995,1.001,442800,443665.0,0.0,,,-0.002988047808765053,1.0183999999999989,1.0307000000000022,1.050750000000001,1.065233333333335,1.0180959868897792,1.0531709749680294,-0.03507498807825016,-0.027576311634726514,-0.014997352887047288,11.926093400182689,15.772235062180833,4.233810076186401
900953,2017-11-17,1.001,1.003,1.006,0.965,0.973,722710,711270.0,0.0,,,-0.027972027972027892,1.004799999999999,1.023700000000002,1.0456000000000008,1.0601000000000016,1.0052114192069852,1.04799865400235,-0.04278723479536484,-0.031922289680623175,-0.021729890229483323,11.125332108058297,14.223267410806654,4.929461502561583
900953,2017-11-20,0.973,0.967,0.987,0.961,0.977,404300,391494.0,0.0,,,0.004110996916752316,0.9931999999999992,1.017200000000002,1.0406000000000009,1.0552666666666684,0.9971510137192751,1.0434180956796177,-0.04626708196034268,-0.03602080176054303,-0.020492560399599305,13.547156271272579,13.997897030961964,12.64567475189381
900953,2017-11-21,0.977,0.977,0.984,0.973,0.98,226600,221780.0,0.0,,,0.0030706243602865945,0.9869999999999992,1.0106000000000024,1.036150000000001,1.0504666666666682,0.9922507240851964,1.0393266056357715,-0.04707588155057507,-0.03917939598626648,-0.01579297112861719,16.311131000771756,14.76897502089856,19.39544296051815
900953,2017-11-22,0.98,0.973,0.986,0.952,0.979,238700,233736.0,0.0,,,-0.0010204081632651935,0.9819999999999992,1.0042000000000022,1.030900000000001,1.0459000000000018,0.9884648029179974,1.0354345665624958,-0.04696976364449834,-0.04140521531718987,-0.011129096654616949,20.55150668868656,16.696485576827893,28.26154891240389
900953,2017-11-23,0.979,0.987,0.987,0.96,0.979,211000,205990.0,0.0,,,0.0,0.9775999999999992,0.9980000000000022,1.0254500000000009,1.0423333333333349,0.9857605735128553,1.0317936267842702,-0.046033053271414937,-0.042727454732682746,-0.006611197077464381,23.48361315477655,18.95886143614411,32.533116592041424
900953,2017-11-24,0.979,0.975,0.984,0.971,0.977,138300,134923.0,0.0,,,-0.002042900919305529,0.9783999999999994,0.991600000000002,1.020350000000001,1.0384000000000018,0.9832575525091823,1.028258554088511,-0.045001001579328626,-0.04337703954601014,-0.003247924066636973,25.45966367181183,21.125795514700016,34.127399986035456
900953,2017-11-27,0.977,0.987,0.987,0.962,0.969,151200,147090.0,0.0,,,-0.008188331627430805,0.9767999999999992,0.9850000000000021,1.0160000000000011,1.035033333333335,0.9791839660779873,1.0244354215666716,-0.045251455488684256,-0.04391258695820274,-0.0026777370609630258,25.18566950101466,22.479086843471563,30.59883481610086
900953,2017-11-28,0.969,0.969,0.977,0.962,0.976,205600,199097.0,0.0,,,0.007223942208462224,0.9759999999999994,0.9815000000000024,1.0120000000000011,1.0320000000000016,0.9782742614842767,1.0213105556591442,-0.04303629417486754,-0.043662217591535546,0.0012518468333360122,30.583549782285633,25.18057448974292,41.38950036737106
900953,2017-11-29,0.976,0.98,0.981,0.973,0.977,68400,66736.0,0.0,,,0.0010245901639344274,0.9755999999999996,0.9788000000000024,1.0075500000000008,1.0290000000000017,0.9779101867744833,1.0184518101327478,-0.0405416233582645,-0.04277061923917239,0.0044579917618157855,35.82113195362252,28.727426977702788,50.00854190546199
900953,2017-11-30,0.977,0.965,0.98,0.965,0.976,109438,106602.0,0.0,,,-0.0010235414534288648,0.9749999999999994,0.9763000000000024,1.003500000000001,1.025933333333335,0.9773644191246309,1.0157129836725705,-0.038348564547939556,-0.041507175041677294,0.006317220987475475,46.7378974928912,34.73091714943226,70.75185817980909
900953,2017-12-01,0.976,0.97,0.988,0.97,0.986,218608,215397.0,0.0,,,0.010245901639344272,0.9767999999999992,0.9776000000000024,1.0006500000000011,1.022933333333335,0.9798317279461649,1.0137960169840177,-0.03396428903785276,-0.03935206475487028,0.010775551434035052,62.64007981007561,44.03397136964671,99.85229669093343
900953,2017-12-04,0.986,0.978,0.986,0.97,0.976,169400,165221.0,0.0,,,-0.010141987829614613,0.9781999999999992,0.9775000000000024,0.9973500000000008,1.0195666666666685,0.978736948532975,1.0113575642753714,-0.032620615742396386,-0.03742879360844917,0.009616355732105564,63.982275428939296,50.683406056077565,90.58001417466276
900953,2017-12-05,0.976,0.971,0.98,0.922,0.935,411100,392196.0,0.0,,,-0.0420081967213114,0.9699999999999994,0.9730000000000024,0.9918000000000008,1.0151000000000014,0.9662406775235536,1.0064312698059925,-0.04019059228243893,-0.038217878943874815,-0.00394542667712823,49.22050685161611,50.19577298792374,47.269974579000845
900953,2017-12-06,0.935,0.935,0.949,0.925,0.942,287390,268955.0,0.0,,,0.007486631016042786,0.9629999999999994,0.9693000000000024,0.9867500000000008,1.0103666666666682,0.959314769659681,1.0022744136894768,-0.042959644029795796,-0.039572668968423666,-0.00677395012274426,42.9146813354208,47.76874243708943,33.206559132083555
900953,2017-12-07,0.942,0.942,0.942,0.935,0.937,59930,56212.0,0.0,,,-0.005307855626326968,0.9551999999999994,0.9651000000000024,0.9815500000000008,1.005333333333335,0.9529391211854865,0.9980631611933815,-0.04512404000789494,-0.041158774979701176,-0.007930530056387525,36.18554513270479,43.907676668961216,20.741282060191935
900953,2017-12-08,0.937,0.945,0.956,0.933,0.952,267100,253086.0,0.0,,,0.016008537886873012,0.9483999999999996,0.9626000000000025,0.9771000000000012,1.0011000000000014,0.952670800846776,0.9950913443421956,-0.04242054349541957,-0.041519280269906436,-0.0018025264510262706,39.27521190665164,42.36352174819135,33.098592223572226
900953,2017-12-11,0.952,0.952,0.956,0.948,0.954,207700,197850.0,0.0,,,0.0021008403361344554,0.9439999999999994,0.9611000000000024,0.9730500000000012,0.9977000000000016,0.9530505720334116,0.9924402898685055,-0.03938971783509393,-0.04091083385996001,0.0030422320497321548,42.34509076605056,42.357378087477755,42.32051612319617
900953,2017-12-12,0.954,0.942,0.954,0.942,0.951,191700,181347.0,0.0,,,-0.0031446540880504326,0.9471999999999994,0.9586000000000028,0.9700500000000012,0.9942000000000014,0.9524646943095797,0.9897667227802148,-0.03730202847063513,-0.03987974660586718,0.005155436270464109,42.87652515716499,42.53042711070683,43.56872125008131
900953,2017-12-13,0.951,0.94,0.952,0.94,0.951,142800,135050.0,0.0,,,0.0,0.9489999999999992,0.9560000000000028,0.967400000000001,0.9903666666666682,0.9520462102211285,0.9872656438911688,-0.03521943367004032,-0.03854822862420236,0.006657589908324074,43.230814751241276,42.76388965755165,44.16466493862053
900953,2017-12-14,0.951,0.958,0.958,0.941,0.949,44100,41853.0,0.0,,,-0.002103049421661294,0.9513999999999992,0.9533000000000026,0.964800000000001,0.9867666666666682,0.9511758644436632,0.9847968926723837,-0.033621028228720484,-0.03714045708263611,0.0070388577078312475,42.88304316749415,42.80360749419915,43.041914514084155
900953,2017-12-15,0.949,0.941,0.948,0.937,0.946,117355,110311.0,0.0,,,-0.003161222339304651,0.9501999999999992,0.9493000000000024,0.9634500000000012,0.9835333333333348,0.9496970460311881,0.9822938673386815,-0.03259682130749342,-0.03584227543259534,0.006490908250203847,42.38179889327193,42.66300462722341,41.81938742536896
900953,2017-12-18,0.946,0.935,0.953,0.934,0.947,78800,74529.0,0.0,,,0.001057082452431408,0.9487999999999992,0.9464000000000024,0.9619500000000012,0.9803666666666684,0.9489264614508486,0.9800168436394117,-0.03109038218856308,-0.034484591648586124,0.006788418920046085,50.476754817736804,45.267588024061205,60.895088405088
900953,2017-12-19,0.947,0.936,0.952,0.936,0.951,88800,84205.0,0.0,,,0.004223864836325125,0.9487999999999992,0.9480000000000024,0.9605000000000012,0.9772000000000016,0.9495189010363204,0.9781447892110625,-0.028625888174742098,-0.032810676370344974,0.008369576391205752,57.65116987849117,49.39544864220452,74.16261235106445
900953,2017-12-20,0.951,0.946,0.949,0.94,0.948,115700,109163.0,0.0,,,-0.0031545741324921165,0.9481999999999994,0.9486000000000024,0.9589500000000012,0.974033333333335,0.9490849293116573,0.9761999641006714,-0.027115034789014114,-0.03118335020425044,0.008136630830472655,58.434113252327386,52.40833684557881,70.48566606582453
900953,2017-12-21,0.948,0.943,0.952,0.943,0.948,88924,84402.0,0.0,,,0.0,0.9479999999999992,0.9497000000000024,0.9574000000000013,0.9709333333333348,0.9487749495083266,0.9743806115780476,-0.025605662069720925,-0.029589725022956294,0.007968125906470738,58.40051994599597,54.405731212384524,66.39009741321885
900953,2017-12-22,0.948,0.944,0.955,0.943,0.951,151810,144511.0,0.0,,,0.0031645569620253194,0.9489999999999992,0.9496000000000026,0.9561000000000012,0.967933333333335,0.9494106782202333,0.9728721850246251,-0.023461506804391852,-0.02783880553193788,0.008754597455092057,62.54479107510838,57.118751166625806,73.39687089207352
900953,2017-12-25,0.951,0.952,0.954,0.942,0.943,144400,136392.0,0.0,,,-0.008412197686645645,0.9481999999999992,0.9485000000000025,0.9548000000000012,0.9648666666666684,0.9475790558715953,0.9709449472811009,-0.023365891409505624,-0.026560830068385808,0.006389877317760369,54.19652738340549,56.14467657221903,50.300229005778405
900953,2017-12-26,0.943,0.949,0.949,0.938,0.949,93600,88429.0,0.0,,,0.006362672322375521,0.9477999999999992,0.9483000000000024,0.9534500000000014,0.9628000000000018,0.9479850399082823,0.9695291442307074,-0.02154410432242504,-0.02512747985525416,0.007166751065658242,56.96435158893693,56.41790157779167,58.05725161122746
900953,2017-12-27,0.949,0.952,0.953,0.943,0.948,108751,103176.0,0.0,,,-0.001053740779768295,0.9477999999999992,0.9480000000000024,0.9520000000000014,0.9609333333333352,0.9479893142202016,0.968140167183565,-0.020150852963363386,-0.02370558645757108,0.007109466988415386,60.19845661484678,57.67808659014337,65.23919666425361
900953,2017-12-28,0.948,0.95,0.985,0.945,0.978,457900,444464.0,0.0,,,0.031645569620253194,0.953799999999999,0.9509000000000024,0.9521000000000016,0.9601666666666684,0.9565637958715726,0.9687762854297866,-0.012212489558213968,-0.020421844486326186,0.016418709856224435,68.89047434453836,61.4155491749417,83.8403246837317
900953,2017-12-29,0.978,0.975,0.987,0.968,0.978,380700,371951.0,0.0,,,0.0,0.9591999999999988,0.9541000000000024,0.9517000000000015,0.9603333333333351,0.962688425622552,0.9693713637891551,-0.006682938166603147,-0.01649644268069103,0.019627009028175768,73.37796328851576,65.40302054613305,89.32784877328118
900953,2018-01-02,0.978,0.984,0.985,0.977,0.981,262800,257798.0,0.0,,,0.00306748466257669,0.966799999999999,0.9575000000000023,0.9519500000000016,0.9604666666666686,0.9679203040161085,0.9701215983834032,-0.0022012943672946594,-0.01241211459114921,0.0204216404477091,78.17034287261595,69.65879465496069,95.19343930792647
900953,2018-01-03,0.981,0.984,0.985,0.98,0.981,182700,179646.0,0.0,,,0.0,0.9731999999999992,0.9605000000000024,0.9542500000000018,0.9605000000000021,0.971657360011506,0.9708234307457643,0.000833929265741773,-0.0086275306320375,0.018922919795558546,81.3652625953494,73.56095063509026,96.97388651586769
900953,2018-01-04,0.981,0.985,0.988,0.984,0.987,226800,223727.0,0.0,,,0.006116207951070343,0.9809999999999992,0.9644000000000024,0.9565000000000016,0.9607666666666684,0.97604097143679,0.9718670803750699,0.00417389106172017,-0.004969981576678165,0.01828774527679667,86.91017506356627,78.01069211124893,104.70914096820096
900953,2018-01-05,0.987,0.978,0.985,0.977,0.98,103900,101785.0,0.0,,,-0.0070921985815602905,0.9813999999999992,0.9676000000000023,0.9586500000000016,0.960800000000002,0.9771721224548501,0.9723917848670008,0.004780337587849237,-0.0021841761010989074,0.013929027377896289,85.94011670904418,80.65383364384735,96.51268283943784
900953,2018-01-08,0.98,0.97,0.985,0.97,0.977,96800,94570.0,0.0,,,-0.0030612244897959212,0.9811999999999994,0.9702000000000024,0.9599000000000018,0.960800000000002,0.9771229446106071,0.9726890890691299,0.0044338555414772385,-0.0002933099175057225,0.009454330917965922,83.29341113936279,81.53369280901916,86.81284780005006
900953,2018-01-09,0.977,0.983,0.983,0.971,0.975,98400,95805.0,0.0,,,-0.002047082906857729,0.9799999999999992,0.9734000000000024,0.9609500000000021,0.961000000000002,0.9765163890075765,0.9728381800969279,0.003678208910648628,0.0008414097476812351,0.005673598325934786,79.2326444632789,80.76667669377241,76.16458000229187
900953,2018-01-10,0.975,0.888,0.939,0.888,0.901,2274268,2069904.0,0.0,,,-0.07589743589743597,0.9639999999999992,0.9686000000000023,0.9584500000000018,0.958500000000002,0.9549402778625548,0.968203458800352,-0.013263180937797214,-0.0031884733053126084,-0.02014941526496921,57.15509630885261,72.89614989879915,25.67298912895953
900953,2018-01-11,0.901,0.895,0.917,0.895,0.912,545200,495892.0,0.0,,,0.012208657047724886,0.9489999999999992,0.9650000000000024,0.9565000000000016,0.9563333333333351,0.9426716270446819,0.9645774292003293,-0.021905802155647414,-0.00853628154826541,-0.026739041214764007,46.10339753923508,63.96523244561113,10.379727726482983
900953,2018-01-12,0.912,0.91,0.917,0.905,0.912,219900,200485.0,0.0,,,0.0,0.9353999999999992,0.9584000000000024,0.9546500000000016,0.954200000000002,0.9339083050319157,0.9611853369938566,-0.027277031961940867,-0.013890781666458398,-0.026772500590964938,38.73559835949006,55.5553544169041,5.096086244661976
900953,2018-01-15,0.912,0.912,0.912,0.888,0.898,397050,356453.0,0.0,,,-0.01535087719298247,0.9195999999999992,0.9504000000000024,0.9522500000000016,0.9512666666666686,0.9236487893085112,0.9571088636394143,-0.033460074330903034,-0.01948200814201401,-0.027956132377778047,29.15706557299338,46.755924802267195,-6.040652885554252
900953,2018-01-16,0.898,0.892,0.902,0.892,0.902,333167,299471.0,0.0,,,0.004454342984409804,0.9049999999999992,0.9425000000000024,0.9500000000000016,0.948800000000002,0.9174634209346508,0.9535534530820327,-0.03609003214738182,-0.024227157857833387,-0.023725748579096873,24.10471038199559,39.205519995509995,-6.096908845033212
900953,2018-01-17,0.902,0.895,0.9,0.8240000000000001,0.833,1287300,1111052.0,0.0,,,-0.07649667405764972,0.8913999999999993,0.9277000000000024,0.9441000000000016,0.9454000000000021,0.8933310149533221,0.945775810947708,-0.052444795994385895,-0.03228934018256267,-0.040310911623646445,17.933160958597455,32.114733649872484,-10.429984423952604
900953,2018-01-18,0.833,0.833,0.865,0.833,0.847,703600,596820.0,0.0,,,0.016806722689075647,0.8783999999999994,0.9137000000000024,0.9390500000000016,0.9422333333333354,0.8800935821095158,0.9394031779833397,-0.059309595873823895,-0.04000941323720873,-0.038600365273230325,16.717345400969716,26.98227090023823,-3.8125055975673163
900953,2018-01-19,0.847,0.848,0.857,0.84,0.847,290120,246788.0,0.0,,,0.0,0.8653999999999995,0.9004000000000023,0.9340000000000016,0.9392333333333354,0.8706382729353684,0.9334416826295758,-0.06280340969420739,-0.04652198365349406,-0.03256285208142666,15.966699868990275,23.310413889822247,1.2792718273263333
900953,2018-01-22,0.847,0.85,0.85,0.762,0.777,2419290,1922610.0,0.0,,,-0.0826446280991735,0.8411999999999995,0.8804000000000022,0.9253000000000016,0.933400000000002,0.8438844806681204,0.9233486708470225,-0.07946419017890216,-0.05593404266075352,-0.04706029503629729,13.469325336389,20.03005103867783,0.34787393181134263
900953,2018-01-23,0.777,0.78,0.782,0.6990000000000001,0.7170000000000001,4062997,2906189.0,0.0,,,-0.07722007722007715,0.8041999999999996,0.8546000000000022,0.9140000000000016,0.9255000000000021,0.8076317719058004,0.9100358533730211,-0.10240408146722069,-0.06921119660545842,-0.06638576972352453,11.731843802240988,17.26398195986555,0.6675674869918637
900953,2018-01-24,0.7170000000000001,0.708,0.754,0.708,0.7490000000000001,1480183,1089783.0,0.0,,,0.04463040446304048,0.7873999999999995,0.8394000000000024,0.9040000000000014,0.9187666666666684,0.7908798370755717,0.8996464434779875,-0.10876660640241576,-0.08051274226173194,-0.05650772828136763,15.466489140331921,16.664817686687673,13.069832047620416
900953,2018-01-25,0.7490000000000001,0.741,0.75,0.73,0.735,651700,482874.0,0.0,,,-0.01869158878504689,0.7649999999999996,0.8217000000000022,0.8933500000000013,0.9115666666666684,0.7749141693396941,0.8890240922858592,-0.11410992294616507,-0.09011193674299856,-0.04799597240633302,15.944795577122678,16.424810316832673,14.984766097702689
900953,2018-01-26,0.735,0.745,0.77,0.7440000000000001,0.7609999999999999,1029649,785079.0,0.0,,,0.035374149659863824,0.7477999999999996,0.8066000000000021,0.8825000000000012,0.9053000000000018,0.7709386923854958,0.8807644734287069,-0.10982578104321106,-0.09574446368591642,-0.02816263471458927,20.810487691809183,17.886702775158174,26.658057525111197
900953,2018-01-29,0.7609999999999999,0.7609999999999999,0.777,0.755,0.7609999999999999,607923,464062.0,0.0,,,0.0,0.7445999999999995,0.7929000000000019,0.871650000000001,0.8991333333333349,0.76809906598964,0.8730377332075,-0.10493866721786005,-0.09837137898075746,-0.013134576474205184,24.155582175965634,19.976329242093993,32.51408804370892
900953,2018-01-30,0.7609999999999999,0.765,0.775,0.7609999999999999,0.764,319852,245339.0,0.0,,,0.0039421813403418045,0.7539999999999994,0.7791000000000019,0.8608000000000009,0.8930333333333349,0.7669279042783144,0.8660030407424999,-0.09907513646418553,-0.09857245254745119,-0.00100536783346869,29.155930285985118,23.036196256724367,41.39539834450662
900953,2018-01-31,0.764,0.77,0.773,0.74,0.7509999999999999,549889,415607.0,0.0,,,-0.017015706806282883,0.7543999999999994,0.7709000000000019,0.8493000000000009,0.8863666666666684,0.7623770744845102,0.8585834897268547,-0.09620641524234452,-0.09789644188884929,0.0033800532930095273,30.40775099234448,25.493381168597736,40.23649063983797
900953,2018-02-01,0.7509999999999999,0.7509999999999999,0.764,0.718,0.727,794800,582082.0,0.0,,,-0.03195739014647125,0.7527999999999995,0.7589000000000021,0.836300000000001,0.8790000000000017,0.7522693389175074,0.8500942323251222,-0.0978248934076148,-0.09787599946563943,0.00010221211604927172,26.452849447434932,25.813203928210132,27.732140485884536
900953,2018-02-02,0.727,0.725,0.754,0.706,0.743,571460,421568.0,0.0,,,0.022008253094910613,0.7491999999999994,0.748500000000002,0.8244500000000009,0.8721666666666683,0.7496209563696481,0.843184927013824,-0.09356397064417588,-0.09664399123093557,0.006160041173519398,35.305915695880294,28.977441184100186,47.96286471944052
900953,2018-02-05,0.743,0.747,0.748,0.727,0.747,265765,197272.0,0.0,,,0.0053835800807537065,0.7463999999999993,0.745500000000002,0.8129500000000011,0.8653666666666683,0.7488721116926058,0.8369794478516418,-0.08810733615903599,-0.09420494692467854,0.012195221531285105,42.786103421666674,33.580328596622344,61.19765307175534
900953,2018-02-06,0.747,0.743,0.743,0.72,0.72,404496,295166.0,0.0,,,-0.03614457831325305,0.7375999999999993,0.7458000000000021,0.8002000000000008,0.8579333333333349,0.7406229369232898,0.829432386699923,-0.08880944977663319,-0.0926633763109513,0.007707853068636222,35.096838900829425,34.08583203135804,37.1188526397722
900953,2018-02-07,0.72,0.7490000000000001,0.754,0.713,0.727,414045,301681.0,0.0,,,0.009722222222222231,0.7327999999999993,0.7436000000000019,0.7915000000000008,0.8505333333333348,0.7367306692309213,0.8228238456225087,-0.08609317639158731,-0.09078617633399015,0.00938599988480568,33.257047530130414,33.80957053094883,32.15200152849357
900953,2018-02-08,0.727,0.71,0.741,0.71,0.732,178183,130528.0,0.0,,,0.0068775790921595656,0.7337999999999993,0.7433000000000018,0.7825000000000008,0.8433333333333348,0.735379049450658,0.8169642426791209,-0.08158519322846292,-0.08815732401812522,0.013144261579324606,34.377937790039994,33.99902628397922,35.13576080216154
900953,2018-02-09,0.732,0.715,0.7240000000000001,0.698,0.703,771403,546891.0,0.0,,,-0.03961748633879785,0.7257999999999993,0.7375000000000018,0.7720500000000008,0.8341666666666679,0.7261278924647557,0.8096117108933711,-0.08348381842861541,-0.0868220367068367,0.006676436556442594,25.083127357862157,31.02705997527353,13.195262123039413
900953,2018-02-12,0.703,0.728,0.735,0.701,0.726,392187,281746.0,0.0,,,0.032716927453769584,0.7215999999999994,0.7340000000000019,0.7634500000000009,0.8257666666666679,0.7260913517605397,0.8042174069647665,-0.07812605520422677,-0.08433747056323386,0.012422830718014172,29.166529349685884,30.40688310007765,26.68582184890235
900953,2018-02-13,0.726,0.7290000000000001,0.76,0.7290000000000001,0.742,484600,360849.0,0.0,,,0.02203856749311297,0.7259999999999994,0.7318000000000018,0.7554500000000008,0.8178000000000013,0.7306366798289569,0.8002033807089751,-0.06956670088001826,-0.08011725065374369,0.021101099547450847,41.66657512201281,34.160113774056036,56.67949781792636
900953,2018-02-14,0.742,0.748,0.748,0.731,0.743,195152,143938.0,0.0,,,0.0013477088948787074,0.7291999999999995,0.7310000000000019,0.7509500000000009,0.8098666666666678,0.7341690570206835,0.7965128400180735,-0.062343782997390074,-0.07503911703764266,0.025390668080505163,51.97126513510531,40.09716422773913,75.71946694983768
900953,2018-02-22,0.743,0.741,0.7659999999999999,0.74,0.763,458700,347054.0,0.0,,,0.02691790040376853,0.7353999999999996,0.7346000000000018,0.7467500000000009,0.8024000000000012,0.7424064693004883,0.7943507213072301,-0.0519442520067418,-0.06844058417167098,0.03299266432985837,66.51025518810947,48.90152788119591,101.7277098019366
900953,2018-02-23,0.763,0.758,0.767,0.75,0.764,287850,218030.0,0.0,,,0.0013106159895150732,0.7475999999999996,0.7367000000000017,0.7426000000000009,0.7952000000000012,0.7485760495003487,0.7923926102551506,-0.04381656075480189,-0.061405148909708385,0.035177176309812985,76.2242280964208,58.009094619604205,112.654495050054
900953,2018-02-26,0.764,0.763,0.77,0.758,0.769,365001,279242.0,0.0,,,0.006544502617801053,0.7561999999999995,0.7389000000000017,0.7422000000000011,0.7882666666666679,0.7544114639288205,0.7908834095935281,-0.03647194566470757,-0.054281376553993864,0.03561886177857258,83.68652243465091,66.56823722461978,117.92309285471319
900953,2018-02-27,0.769,0.778,0.778,0.758,0.762,133250,101677.0,0.0,,,-0.00910273081924578,0.7601999999999995,0.7431000000000018,0.7444500000000009,0.7811666666666678,0.7565796170920147,0.7890199638133004,-0.03244034672128571,-0.04804108231607725,0.03120147118958308,82.45768162310061,71.86471869078007,103.64360748774172
900953,2018-02-28,0.762,0.7609999999999999,0.769,0.752,0.762,184002,140135.0,0.0,,,0.0,0.7639999999999995,0.7466000000000017,0.7451000000000011,0.7765333333333345,0.7581282979228677,0.7872767403414747,-0.029148442418606924,-0.0426431852025143,0.026989485567814747,81.6384544154004,75.12263059898685,94.6701020482275
900953,2018-03-01,0.762,0.7559999999999999,0.7659999999999999,0.753,0.759,142800,108568.0,0.0,,,-0.003937007874015752,0.7631999999999994,0.7493000000000017,0.7463000000000011,0.7714333333333345,0.7583773556591913,0.7854524345129925,-0.027075078853801227,-0.038195154817167704,0.022240151926732954,79.53386138515872,76.59304086104413,85.41550243338787
900953,2018-03-02,0.759,0.753,0.765,0.753,0.758,66200,50205.0,0.0,,,-0.0013175230566534926,0.7619999999999993,0.7548000000000017,0.7461500000000011,0.7663000000000012,0.7582695397565652,0.7836813097057026,-0.02541176994913741,-0.03454275914058762,0.018261978382900418,72.75046541323503,75.3121823784411,67.62703148282293
900953,2018-03-05,0.758,0.758,0.7659999999999999,0.753,0.762,146800,111676.0,0.0,,,0.0052770448548812715,0.7605999999999995,0.7584000000000016,0.7462000000000011,0.7617666666666679,0.7593353855404037,0.7822825155311411,-0.022947129990737447,-0.031229722240630423,0.016565184499785952,70.4861258783269,73.70349687840303,64.05138387817465
900953,2018-03-06,0.762,0.7559999999999999,0.765,0.753,0.763,305800,232342.0,0.0,,,0.0013123359580052506,0.7607999999999995,0.7605000000000017,0.7461500000000011,0.7571333333333345,0.7603824182431455,0.7810384822710675,-0.020656064027922083,-0.02820867703699947,0.015105226018154776,67.1661891820425,71.52439431294952,58.449778920228454
900953,2018-03-07,0.763,0.753,0.763,0.753,0.759,120400,91314.0,0.0,,,-0.005242463958060293,0.7601999999999994,0.7621000000000017,0.7465500000000012,0.7546666666666679,0.7599874416022468,0.7796166447051922,-0.01962920310294536,-0.025757398770126866,0.012256391334363015,55.491745168980714,66.18017793162659,34.114879643688965
900953,2018-03-08,0.759,0.757,0.768,0.757,0.765,66000,50343.0,0.0,,,0.007905138339920955,0.7613999999999994,0.7623000000000018,0.7484500000000012,0.7519333333333347,0.7614196011444619,0.7786736353693734,-0.017254034224911452,-0.02332786604292246,0.012147663636022016,53.66116344598714,62.007173103080106,36.969144131801215
900953,2018-03-09,0.765,0.765,0.816,0.762,0.81,1067498,847006.0,0.0,,,0.05882352941176475,0.7717999999999995,0.7669000000000017,0.7518000000000011,0.7507000000000013,0.7752997151031871,0.7806946911519944,-0.005394976048807343,-0.018204183187460997,0.025618414277307308,65.98244229732482,63.33226283449502,71.28280122298442
900953,2018-03-12,0.81,0.82,0.866,0.82,0.836,2266701,1925763.0,0.0,,,0.032098765432098664,0.7865999999999995,0.7736000000000016,0.7562500000000012,0.7526666666666678,0.7926426536451336,0.7842627755938013,0.008379878051332335,-0.010608737119234329,0.03797723034113333,68.54969837365513,65.07140801421507,75.50627909253527
900953,2018-03-13,0.836,0.8370000000000001,0.845,0.8270000000000001,0.833,490718,409606.0,0.0,,,-0.003588516746411487,0.8005999999999995,0.7807000000000016,0.7619000000000011,0.7565333333333345,0.8041733240322383,0.7874071126522657,0.016766211379972584,-0.0027873232623180665,0.039107069284581304,69.29861897476714,66.4804783343991,74.93490025550324
900953,2018-03-14,0.833,0.835,0.84,0.818,0.821,356236,295298.0,0.0,,,-0.014405762304921984,0.8129999999999994,0.7866000000000015,0.7666000000000011,0.7589333333333346,0.808980945737313,0.7895743957069582,0.019406550030354852,0.0035537833927313397,0.03170553327524703,66.2580763666589,66.40634434515236,65.96154040967198
900953,2018-03-15,0.821,0.821,0.8290000000000001,0.8079999999999999,0.815,530800,433872.0,0.0,,,-0.007308160779537156,0.8229999999999995,0.7922000000000015,0.7707500000000012,0.7616000000000013,0.8107006755266521,0.7912147572742512,0.01948591825240098,0.008105821924065523,0.022760192656670914,62.461136456828626,65.09127504904446,57.20085927239697
900953,2018-03-16,0.815,0.8079999999999999,0.8190000000000001,0.805,0.8140000000000001,508488,412093.0,0.0,,,-0.0012269938650305398,0.8237999999999996,0.7978000000000015,0.7763000000000012,0.7633666666666679,0.8116433396618944,0.7926847729339769,0.018958566727917514,0.01120660615373752,0.015503921148359988,59.63485793287102,63.27246934365331,52.35963511130643
900953,2018-03-19,0.8140000000000001,0.81,0.818,0.81,0.8140000000000001,173565,141094.0,0.0,,,0.0,0.8193999999999996,0.8030000000000015,0.7807000000000013,0.7651333333333347,0.8123166711870674,0.7940599488737203,0.018256722313347074,0.013220925056483108,0.010071594513727931,57.75067225023262,61.43187031251308,50.38827612567171
900953,2018-03-20,0.8140000000000001,0.8029999999999999,0.81,0.792,0.7979999999999999,537459,428997.0,0.0,,,-0.019656019656019808,0.8123999999999996,0.8065000000000015,0.7835000000000012,0.7662666666666679,0.8082261937050481,0.7943141457205771,0.013912047984470988,0.01341838875019393,0.0009873184685541166,51.038674466515914,57.96747169718069,37.18108000518636
900953,2018-03-21,0.7979999999999999,0.7959999999999999,0.813,0.79,0.7929999999999999,418703,335699.0,0.0,,,-0.006265664160401008,0.8067999999999996,0.8099000000000014,0.7860000000000011,0.7676666666666679,0.8038758526464629,0.7942293621257012,0.009646490520761719,0.012340703541784726,-0.005388426042046014,43.96168041357469,53.298874602645355,25.287292035433353
900953,2018-03-22,0.7929999999999999,0.804,0.805,0.79,0.8029999999999999,218865,174246.0,0.0,,,0.01261034047919295,0.8043999999999997,0.8137000000000014,0.788000000000001,0.7702000000000012,0.8036256090331878,0.7947952097304947,0.008830399302693137,0.011337759473472845,-0.0050147203415594165,35.009541328348,47.20243017787957,10.623763629284852
900953,2018-03-23,0.8029999999999999,0.792,0.7959999999999999,0.765,0.7759999999999999,861900,669567.0,0.0,,,-0.033623910336239134,0.7967999999999996,0.8103000000000014,0.7886000000000012,0.7713000000000013,0.7957325778808484,0.7935826155543337,0.002149962326514654,0.008712674574341934,-0.01312542449565456,27.923027552231957,40.77596263599703,2.2171573847018067
900953,2018-03-26,0.7759999999999999,0.754,0.7759999999999999,0.7490000000000001,0.77,418700,318831.0,0.0,,,-0.007731958762886463,0.7879999999999996,0.8037000000000013,0.7886500000000012,0.7720666666666679,0.7883804127720346,0.7920611564863121,-0.0036807437142775123,0.005171697920450663,-0.01770488326945635,26.307659393795642,35.95319488859657,7.016588404193783
900953,2018-03-27,0.77,0.7809999999999999,0.7859999999999999,0.775,0.7829999999999999,294803,230257.0,0.0,,,0.016883116883116753,0.7849999999999995,0.7987000000000013,0.7897000000000011,0.7741666666666679,0.7868431519800246,0.7914765657452597,-0.004633413765235073,0.002370237438826167,-0.01400730240812248,31.705106262530354,34.5371653465745,26.04098809444207
900953,2018-03-28,0.7829999999999999,0.778,0.78,0.77,0.777,86900,67338.0,0.0,,,-0.0076628352490420125,0.7817999999999994,0.7943000000000012,0.7904500000000011,0.7758333333333347,0.7840308228428747,0.7905425937616946,-0.006511770918819826,-0.000167479234786974,-0.012688583368065704,34.47007084168687,34.51480051161195,34.38061150183671
900953,2018-03-29,0.777,0.777,0.7879999999999999,0.77,0.785,183099,142482.0,0.0,,,0.010296010296010304,0.7781999999999994,0.7913000000000012,0.7917500000000011,0.7776000000000014,0.7843077306020533,0.7901850070673917,-0.005877276465338421,-0.001798849872087388,-0.008156853186502066,40.37135157561733,36.46698419961374,48.18008632762452
900953,2018-03-30,0.785,0.7929999999999999,0.795,0.78,0.7929999999999999,187300,148073.0,0.0,,,0.010191082802547638,0.7815999999999995,0.7892000000000012,0.7935000000000011,0.7806000000000014,0.7867912361443238,0.7903666195146567,-0.0035753833703329185,-0.0023064308715861114,-0.0025379049974936143,49.83090105041151,40.921623149879665,67.64945685147521
900953,2018-04-02,0.7929999999999999,0.7959999999999999,0.7959999999999999,0.778,0.778,236400,185449.0,0.0,,,-0.018915510718789285,0.7831999999999997,0.7856000000000012,0.794300000000001,0.7823333333333348,0.7842794543888028,0.7895687730943562,-0.005289318705553492,-0.0031586845384339347,-0.004261268334239114,48.32476736694101,43.389337888900116,58.19562632302279
900953,2018-04-03,0.778,0.774,0.778,0.7659999999999999,0.7759999999999999,159500,122978.0,0.0,,,-0.002570694087403744,0.7817999999999997,0.7834000000000012,0.794950000000001,0.7834666666666679,0.7819138959920019,0.7886933683785914,-0.006779472386589491,-0.004193195352192665,-0.005172554068793652,48.28794014938915,45.02220530906313,54.81940983004118
900953,2018-04-04,0.7759999999999999,0.78,0.789,0.772,0.778,238390,185989.0,0.0,,,0.002577319587629012,0.7819999999999997,0.7819000000000013,0.795900000000001,0.7846333333333347,0.7807956399942871,0.7880034736444886,-0.007207833650201501,-0.005054520580195189,-0.004306626140012624,52.759335986117605,47.60124886808129,63.07551022219023
900953,2018-04-09,0.778,0.778,0.778,0.7659999999999999,0.775,195200,150452.0,0.0,,,-0.0038560411311054014,0.7799999999999997,0.7791000000000012,0.7964000000000009,0.7850333333333346,0.7791397428530623,0.7871645398609733,-0.008024797007911033,-0.005903170988114001,-0.004243252039594064,53.61260696946848,49.60503490187702,61.627751104651395
900953,2018-04-10,0.775,0.767,0.777,0.76,0.775,149700,115824.0,0.0,,,0.0,0.7763999999999998,0.7790000000000011,0.7946500000000009,0.7854000000000012,0.7779569591807588,0.7863797308376848,-0.008422771656925954,-0.006623056893488846,-0.0035994295268742156,49.63062686853459,49.613565557429546,49.66474949074468
900953,2018-04-11,0.775,0.7829999999999999,0.7879999999999999,0.78,0.7879999999999999,281100,220693.0,0.0,,,0.016774193548386968,0.7783999999999998,0.7808000000000013,0.7922500000000008,0.7860333333333346,0.7808263994148277,0.7864842643320277,-0.005657864917199995,-0.006347287757406317,0.0013788456804126447,59.013010504948966,52.74671387326936,71.54560376830818
900953,2018-04-12,0.7879999999999999,0.7859999999999999,0.7859999999999999,0.775,0.78,148733,115689.0,0.0,,,-0.01015228426395926,0.7791999999999998,0.7805000000000012,0.7896000000000007,0.7866333333333346,0.7805902852963054,0.7860659246977032,-0.005475639401397836,-0.006098245369975323,0.0012452119371549747,57.860525521817884,54.45131775611887,64.67894105321591
900953,2018-04-13,0.78,0.7709999999999999,0.779,0.7709999999999999,0.775,142900,110495.0,0.0,,,-0.006410256410256415,0.7785999999999998,0.7803000000000012,0.7873000000000008,0.7870666666666679,0.7789930609259325,0.7853519940720449,-0.0063589331461124665,-0.006172727591728793,-0.00037241110876734713,52.46257257010086,53.78840269411287,49.810912322076845
900953,2018-04-16,0.775,0.77,0.7759999999999999,0.762,0.764,138047,105661.0,0.0,,,-0.014193548387096787,0.7763999999999999,0.7782000000000012,0.7847500000000008,0.7872333333333346,0.7747093292328089,0.7839744460673969,-0.009265116834587972,-0.007056267375402844,-0.004417698918370256,38.67875208377095,48.75185249066556,18.532551269981738
900953,2018-04-17,0.764,0.7659999999999999,0.773,0.7559999999999999,0.758,155300,118219.0,0.0,,,-0.007853403141361263,0.7729999999999998,0.7747000000000013,0.7819500000000008,0.7872333333333346,0.7699352351662921,0.7822986753533713,-0.012363440187079133,-0.008572602464453212,-0.007581675445251842,27.806036742716092,41.76991390801574,-0.12171758788319664
900953,2018-04-18,0.758,0.757,0.7659999999999999,0.75,0.762,243700,183835.0,0.0,,,0.0052770448548812715,0.7677999999999998,0.7731000000000012,0.7793500000000009,0.7872333333333346,0.7676680251187801,0.7809890833950892,-0.013321058276309139,-0.009929304124983477,-0.006783508302651325,28.79376808488765,37.44453196697304,11.492240320716874
900953,2018-04-19,0.762,0.765,0.7659999999999999,0.754,0.7659999999999999,84106,64159.0,0.0,,,0.005249343832020856,0.7649999999999997,0.7721000000000012,0.7777500000000008,0.7873333333333344,0.7671914465134143,0.7800220457566963,-0.012830599243282004,-0.010758245587354484,-0.004144707311855039,33.23093310922329,36.039999014389785,27.61280129889029
900953,2018-04-20,0.7659999999999999,0.765,0.765,0.754,0.755,46300,35032.0,0.0,,,-0.014360313315926762,0.7609999999999997,0.7698000000000013,0.7758500000000008,0.787200000000001,0.7637081760810102,0.7784077202240063,-0.014699544142996124,-0.01188433088896638,-0.005630426508059488,26.53992031842957,32.873306115736376,13.873148723815959
900953,2018-04-23,0.755,0.753,0.754,0.713,0.726,256231,186698.0,0.0,,,-0.0384105960264901,0.7533999999999997,0.7649000000000014,0.7720000000000008,0.785900000000001,0.7529344114864359,0.7750265769837479,-0.022092165497311966,-0.014800855062779405,-0.014582620869065123,23.471057990064168,29.739223407178972,10.934727155834558
900953,2018-04-24,0.726,0.735,0.77,0.735,0.76,616107,466313.0,0.0,,,0.046831955922865064,0.7537999999999997,0.7634000000000013,0.7712000000000009,0.7842333333333344,0.7549531510617399,0.7740571204041512,-0.01910396934241132,-0.016030316285531383,-0.006147306113759875,37.108559207988016,32.19566867411532,46.93434027573342
900953,2018-04-25,0.76,0.762,0.762,0.753,0.7559999999999999,87500,66408.0,0.0,,,-0.005263157894736993,0.7525999999999997,0.7602000000000013,0.7705000000000009,0.7815666666666679,0.7552522507583855,0.772892144894206,-0.017639894135820455,-0.01649019567132826,-0.0022993969289843916,46.456211189163675,36.949182845798106,65.47026787589482
900953,2018-04-26,0.7559999999999999,0.7559999999999999,0.762,0.743,0.75,170200,127917.0,0.0,,,-0.007936507936507797,0.7493999999999996,0.7572000000000012,0.7688500000000009,0.7788000000000012,0.7537516076845611,0.7714152323203862,-0.01766362463582516,-0.016825461089755946,-0.0016763270921384271,50.54752703616206,41.48196424258609,68.67865262331401
900953,2018-04-27,0.75,0.747,0.758,0.733,0.748,290015,214833.0,0.0,,,-0.002666666666666669,0.7479999999999997,0.7545000000000013,0.7674000000000011,0.7763666666666679,0.752108291203258,0.7699045721706839,-0.017796280967425915,-0.01710283819766165,-0.0013868855395285304,53.14279580188582,45.368908095686,68.69057121428544
900953,2018-05-02,0.748,0.748,0.7490000000000001,0.723,0.7340000000000001,217200,159655.0,0.0,,,-0.01871657754010682,0.7495999999999997,0.7515000000000012,0.7648500000000009,0.7736666666666678,0.7469344937166129,0.767588148159672,-0.02065365444305911,-0.018117357124918066,-0.005072594636282089,47.70923228897658,46.1490161601162,50.829664546697344
900953,2018-05-03,0.7340000000000001,0.728,0.74,0.723,0.731,105000,76736.0,0.0,,,-0.004087193460490617,0.7437999999999997,0.7488000000000012,0.761750000000001,0.7709000000000013,0.7423817812261522,0.7652276224719512,-0.022845841245799026,-0.019468352588026913,-0.006754977315544225,42.33247064879141,44.876834323007934,37.24374330035836
900953,2018-05-04,0.731,0.7490000000000001,0.75,0.7340000000000001,0.736,156076,115459.0,0.0,,,0.006839945280437762,0.7397999999999997,0.7462000000000012,0.759650000000001,0.7683000000000013,0.7405584151615373,0.7633419694092447,-0.022783554247707394,-0.020415553062221335,-0.004736002370972117,41.67193949685509,43.80853604762365,37.39874639531797
900953,2018-05-07,0.736,0.7340000000000001,0.745,0.7340000000000001,0.74,53600,39692.0,0.0,,,0.005434782608695657,0.7377999999999997,0.7436000000000013,0.757850000000001,0.7663666666666679,0.7403988679725267,0.7618360358989709,-0.021437167926444123,-0.020707443023427845,-0.0014594498060325548,43.57076668211391,43.729279592453736,43.25374086143427
900953,2018-05-08,0.74,0.736,0.7490000000000001,0.735,0.747,113825,84622.0,0.0,,,0.009459459459459469,0.7375999999999996,0.7428000000000012,0.7563000000000011,0.7648333333333347,0.742284905694662,0.7608788722925857,-0.018593966597923672,-0.020103592616140937,0.003019252036434529,46.06845438382063,44.50900452290937,49.18735410564314
900953,2018-05-09,0.747,0.741,0.747,0.7390000000000001,0.741,98900,73409.0,0.0,,,-0.008032128514056233,0.7389999999999995,0.7443000000000013,0.754600000000001,0.7627666666666679,0.7419177897819014,0.7595963644027415,-0.017678574620840104,-0.01941073033176927,0.0034643114218583307,46.09691830716247,45.03830911766041,48.21413668616658
900953,2018-05-10,0.741,0.748,0.748,0.743,0.746,125500,93655.0,0.0,,,0.006747638326585701,0.7419999999999994,0.7429000000000012,0.7531500000000011,0.7617666666666679,0.7430841355585011,0.7587191796025646,-0.015635044044063573,-0.018331962820996212,0.005393837553865279,50.389398529561305,46.82200558829404,57.524184412095835
900953,2018-05-11,0.746,0.748,0.748,0.736,0.736,135900,100592.0,0.0,,,-0.013404825737265428,0.7419999999999994,0.7409000000000013,0.750550000000001,0.7606333333333346,0.7410600968275007,0.7572534260798185,-0.016193329252317756,-0.017720924658516653,0.003055190812397794,45.97388473399325,46.539298636860444,44.84305692825886
900953,2018-05-14,0.736,0.735,0.735,0.726,0.7290000000000001,141082,103073.0,0.0,,,-0.00951086956521725,0.7397999999999995,0.7388000000000012,0.748000000000001,0.7588333333333346,0.7376143548767863,0.7554306243972495,-0.017816269520463224,-0.017748166047644245,-0.00013620694563795666,38.05666389673638,43.711753723485764,26.746484243237617
900953,2018-05-15,0.7290000000000001,0.73,0.735,0.725,0.731,105720,77017.0,0.0,,,0.0027434842249655558,0.7365999999999995,0.7371000000000012,0.745800000000001,0.7573000000000012,0.7357245391977045,0.753854455081298,-0.018129915883593473,-0.017857237429344024,-0.000545356908498898,35.24765247436746,40.89038664044633,23.962184142209722
900953,2018-05-16,0.731,0.735,0.736,0.73,0.73,27800,20353.0,0.0,,,-0.0013679890560875526,0.7343999999999993,0.7367000000000011,0.7441000000000011,0.755466666666668,0.7340889565697889,0.7523154579792788,-0.018226501409489893,-0.017962741423671415,-0.0005275199716369555,30.165101649578308,37.31529164349032,15.864721661754288
900953,2018-05-17,0.73,0.726,0.735,0.726,0.728,55800,40706.0,0.0,,,-0.002739726027397263,0.7307999999999993,0.7364000000000012,0.742600000000001,0.7533000000000013,0.7323492546927064,0.7507467187548091,-0.018397464062102742,-0.01808694789179465,-0.0006210323406161816,24.276734433052184,32.969105906677605,6.891991485801341
900953,2018-05-18,0.728,0.7290000000000001,0.7290000000000001,0.716,0.7240000000000001,128900,93049.0,0.0,,,-0.005494505494505347,0.7283999999999994,0.7352000000000012,0.740700000000001,0.7515000000000014,0.7299637533519331,0.7490211239964344,-0.019057370644501304,-0.018364211535425123,-0.0013863182181523617,24.265297702842958,30.067836505399388,12.660220097730097
900953,2018-05-21,0.7240000000000001,0.733,0.733,0.726,0.731,173320,126506.0,0.0,,,0.009668508287292672,0.7287999999999993,0.7343000000000013,0.7389500000000011,0.7500000000000014,0.7302598238228094,0.7478584708353742,-0.01759864701256475,-0.018145478814607877,0.001093663604086255,31.80186513522864,30.645846048675804,34.11390330833431
900953,2018-05-22,0.731,0.727,0.733,0.727,0.7290000000000001,26600,19454.0,0.0,,,-0.002735978112174953,0.7283999999999994,0.7325000000000014,0.737650000000001,0.7483666666666681,0.7298998741591496,0.7466417952976082,-0.016741921138458626,-0.017744462335708092,0.002005082394498932,34.74291009015254,32.01153406250138,40.20566214545485
900953,2018-05-23,0.7290000000000001,0.7290000000000001,0.7290000000000001,0.716,0.7190000000000001,172322,124448.0,0.0,,,-0.013717421124828542,0.7261999999999994,0.7303000000000013,0.7373000000000011,0.7465000000000015,0.7267856243993925,0.7448584536655044,-0.018072829266111867,-0.017838281458680598,-0.0004690956148625386,26.28694006010181,30.103336061701526,18.654148056902372
900953,2018-05-24,0.7190000000000001,0.718,0.722,0.71,0.713,177600,126623.0,0.0,,,-0.008344923504868033,0.7231999999999994,0.7270000000000012,0.734950000000001,0.744433333333335,0.7228468745709947,0.7428030695580525,-0.019956194987057807,-0.018443399609645514,-0.0030255907548245864,21.370780552888387,27.19248422543048,9.727373207804199
900953,2018-05-25,0.713,0.706,0.7190000000000001,0.698,0.701,455200,319584.0,0.0,,,-0.016830294530154298,0.7185999999999992,0.7235000000000011,0.7322000000000011,0.7415333333333349,0.7166049104078533,0.7401060973285007,-0.0235011869206474,-0.019888481698503196,-0.007225410444288406,16.878765982627346,23.754578144496104,3.1271416588898333
900953,2018-05-28,0.701,0.6920000000000001,0.706,0.688,0.688,234948,162751.0,0.0,,,-0.01854493580599146,0.7099999999999993,0.7194000000000011,0.7291000000000011,0.7384666666666682,0.7084320788627524,0.7367444136298879,-0.02831233476713546,-0.022295296860969555,-0.012034075812331811,11.252510655084897,19.58722231469237,-5.416912664130045
900953,2018-05-29,0.688,0.68,0.6920000000000001,0.6679999999999999,0.679,496123,335273.0,0.0,,,-0.013081395348837059,0.6999999999999993,0.7142000000000012,0.725650000000001,0.7352666666666682,0.7000229134733946,0.7330189675892499,-0.03299605411585527,-0.025352656076651187,-0.01528679607840816,12.974310585977051,17.382918405120595,4.157094947689963
900953,2018-05-30,0.679,0.6679999999999999,0.6679999999999999,0.631,0.635,711892,459262.0,0.0,,,-0.0648011782032401,0.6831999999999991,0.7047000000000011,0.720700000000001,0.7309666666666683,0.6814449381952818,0.726695163228653,-0.04525022503337117,-0.031037675778571184,-0.028425098509599976,9.956729933135028,14.907522247792073,0.055145303820935965
900953,2018-05-31,0.635,0.635,0.657,0.617,0.64,367776,233356.0,0.0,,,0.007874015748031503,0.6685999999999991,0.6959000000000011,0.7161500000000011,0.727033333333335,0.6696035272823442,0.7211019268913207,-0.05149839960897651,-0.0368835968729727,-0.02922960547200762,13.24701535772221,14.354019951102119,11.033006170962391
900953,2018-06-01,0.64,0.642,0.644,0.62,0.629,122300,77637.0,0.0,,,-0.017187500000000015,0.6541999999999991,0.6864000000000011,0.7108000000000011,0.7226000000000017,0.6580025194873886,0.7151598670918806,-0.05715734760449198,-0.042676097081978205,-0.028962501045027553,12.279619433883775,13.662553112029338,9.513752077592653
900953,2018-06-04,0.629,0.628,0.628,0.622,0.622,117160,73041.0,0.0,,,-0.011128775834658195,0.6409999999999991,0.6755000000000011,0.7049000000000011,0.7178000000000018,0.6477160853481347,0.7091495530859528,-0.061433467737818104,-0.048035345840789605,-0.026796243794056998,9.674508194017756,12.333204806025478,4.357114970002314
900953,2018-06-05,0.622,0.622,0.654,0.622,0.642,370600,238138.0,0.0,,,0.03215434083601289,0.6335999999999992,0.6668000000000012,0.699650000000001,0.7140333333333351,0.6460829181058105,0.704817323854601,-0.05873440574879052,-0.05109222010021843,-0.015284371297144175,14.386180065853116,13.017529892634691,17.123480412289965
900953,2018-06-06,0.642,0.639,0.645,0.638,0.638,47700,30563.0,0.0,,,-0.006230529595015581,0.6341999999999992,0.6587000000000012,0.694500000000001,0.7111000000000018,0.6437735129327218,0.7005065287672074,-0.056733015834485645,-0.05270387602429478,-0.008058279620381734,16.45353180860796,14.162863864625782,21.03486769657231
900953,2018-06-07,0.638,0.639,0.647,0.637,0.638,90000,57715.0,0.0,,,0.0,0.6337999999999991,0.6512000000000011,0.6891000000000009,0.7070333333333352,0.642123937809087,0.6964738494919037,-0.054349911682816665,-0.0531741719267296,-0.002351479512174126,18.834189745064492,15.719972491438687,25.062624252316102
900953,2018-06-08,0.638,0.636,0.642,0.621,0.64,148100,93643.0,0.0,,,0.003134796238244517,0.6359999999999991,0.6451000000000011,0.684300000000001,0.7031666666666685,0.6415170984350622,0.6928303753311357,-0.051313276896073456,-0.05264248763225642,0.002658421472365932,22.77834871893188,18.072764567269754,32.18951702225613
900953,2018-06-11,0.64,0.626,0.6459999999999999,0.623,0.636,74200,46703.0,0.0,,,-0.006250000000000006,0.6387999999999991,0.6399000000000011,0.6796500000000009,0.6993666666666685,0.639940784596473,0.6891638995033205,-0.0492231149068475,-0.05166552399642531,0.00488481817915562,27.60386646621605,21.24979853358519,40.31200233147778
900953,2018-06-12,0.636,0.628,0.6459999999999999,0.628,0.644,226900,145758.0,0.0,,,0.012578616352201269,0.6391999999999992,0.6364000000000012,0.6753000000000009,0.6959000000000017,0.6411005604260521,0.6862500995353643,-0.04514953910931219,-0.0498038140286787,0.009308549838733027,40.90257764414403,27.80072490377147,67.10628312488916
900953,2018-06-13,0.644,0.636,0.649,0.634,0.643,228600,147433.0,0.0,,,-0.001552795031055902,0.6401999999999992,0.6372000000000011,0.6709500000000009,0.6928666666666684,0.64164325744718,0.6834597705330828,-0.04181651308590284,-0.047521728045028445,0.011410429918251211,49.81740470393916,35.13961817049403,79.17297777082942
900953,2018-06-14,0.643,0.649,0.6509999999999999,0.636,0.643,113400,73089.0,0.0,,,0.0,0.6411999999999992,0.6375000000000012,0.666700000000001,0.689933333333335,0.642030898176557,0.680849462756755,-0.038818564580197945,-0.04503510991221973,0.012433090664043564,55.43382535818166,41.90435389972324,82.4927682750985
900953,2018-06-15,0.643,0.638,0.64,0.612,0.617,300400,187473.0,0.0,,,-0.040435458786936274,0.6365999999999992,0.6363000000000012,0.6613500000000009,0.6859666666666684,0.634879212983255,0.6767301425788997,-0.04185092959564474,-0.04412534410748401,0.0045488290236785495,40.92413754037507,41.57761511327385,39.61718239457751
900953,2018-06-19,0.617,0.602,0.628,0.555,0.5670000000000001,881530,505456.0,0.0,,,-0.08103727714748774,0.6227999999999991,0.6308000000000012,0.6531500000000009,0.6802000000000017,0.6154851521308964,0.6696507785415514,-0.05416562641065503,-0.046993996194104305,-0.014343260433101454,31.449425026916725,38.20155175115481,17.94517157844055
900953,2018-06-20,0.5670000000000001,0.551,0.585,0.551,0.5710000000000001,361412,208745.0,0.0,,,0.007054673721340394,0.6081999999999992,0.6237000000000011,0.645250000000001,0.6743333333333351,0.602775108664926,0.6632862121840319,-0.060511103519105935,-0.05085602685839048,-0.019310153321430906,27.6329500179445,34.678684506751374,13.541481040330751
900953,2018-06-21,0.5710000000000001,0.5710000000000001,0.584,0.541,0.544,450900,253121.0,0.0,,,-0.04728546409807359,0.5883999999999991,0.6143000000000012,0.636500000000001,0.6677666666666685,0.5859822204749472,0.6555903275269976,-0.06960810705205045,-0.05621376405657904,-0.02678868599094282,19.331057587720576,29.56280886707444,-1.1324449709871587
900953,2018-06-22,0.544,0.531,0.5670000000000001,0.531,0.5660000000000001,476703,266131.0,0.0,,,0.040441176470588265,0.5729999999999992,0.6071000000000011,0.6291500000000011,0.6617666666666685,0.5802730146249623,0.6498103063962236,-0.06953729177126133,-0.060020486260773984,-0.0190336110209747,22.60959394736929,27.245070560506054,13.338640721095764
900953,2018-06-25,0.5660000000000001,0.574,0.574,0.56,0.564,223700,126383.0,0.0,,,-0.003533568904593838,0.5623999999999991,0.5995000000000011,0.6223000000000011,0.6560333333333351,0.575623581874973,0.6442741575964672,-0.06865057572149424,-0.06248622610669406,-0.012328699229600365,24.23972929824618,26.243290139752762,20.232607615233015
900953,2018-06-26,0.564,0.551,0.5770000000000001,0.551,0.5710000000000001,226374,129309.0,0.0,,,0.012411347517730705,0.5631999999999991,0.5930000000000011,0.6164500000000009,0.6507666666666686,0.5743025584821235,0.6395467925902436,-0.06524423410812008,-0.06327422839281578,-0.003940011430608598,27.27093064327525,26.585836974260257,28.641117981305236
900953,2018-06-27,0.5710000000000001,0.5710000000000001,0.597,0.5710000000000001,0.581,484314,283400.0,0.0,,,0.017513134851138173,0.5651999999999991,0.5867000000000011,0.6115500000000009,0.6457666666666685,0.5762161132015168,0.6357695801650666,-0.059553466963549795,-0.062211153698739786,0.005315373470379983,32.069509317739055,28.413727755419856,39.381072442377445
900953,2018-06-28,0.581,0.575,0.589,0.573,0.5820000000000001,271914,158333.0,0.0,,,0.0017211703958693839,0.5727999999999992,0.5806000000000011,0.608900000000001,0.6408333333333351,0.5778686522867977,0.6323005749931269,-0.05443192270632913,-0.05998851627233674,0.011113187132015229,36.976003153722075,31.26781955485393,48.39237035145837
900953,2018-06-29,0.5820000000000001,0.5820000000000001,0.606,0.581,0.6,544112,324874.0,0.0,,,0.030927835051546226,0.5795999999999992,0.5763000000000011,0.606900000000001,0.6365666666666685,0.5841918944905697,0.6302166669290542,-0.04602477243848446,-0.055998875176950375,0.019948205476931824,48.362008975333616,36.965882695013825,71.15426153597319
900953,2018-07-02,0.6,0.597,0.604,0.585,0.59,199684,118127.0,0.0,,,-0.016666666666666684,0.5847999999999992,0.5736000000000011,0.604950000000001,0.6321000000000018,0.5858513532075498,0.6276220432562121,-0.041770690048662296,-0.051933679426010924,0.020325978754697258,58.46356153911129,44.13177564304632,87.12713333124124
900953,2018-07-03,0.59,0.59,0.627,0.586,0.612,503534,301826.0,0.0,,,0.037288135593220376,0.5929999999999992,0.5781000000000012,0.6044500000000009,0.628133333333335,0.5933223951482499,0.6266141694977467,-0.03329177434949682,-0.04660742083272118,0.026631292966448727,67.10070769274085,51.788086326277835,97.7259504256669
900953,2018-07-04,0.612,0.612,0.614,0.596,0.597,382900,231720.0,0.0,,,-0.02450980392156865,0.5961999999999992,0.5807000000000011,0.602200000000001,0.6237333333333351,0.5943731393916071,0.624703577917247,-0.03033043852563988,-0.04195685445926939,0.023252831867259016,67.65047179516056,57.07554814923875,88.80031908700415
900953,2018-07-05,0.597,0.596,0.611,0.595,0.595,229800,138180.0,0.0,,,-0.003350083752093805,0.5987999999999992,0.5858000000000011,0.6000500000000011,0.6196000000000017,0.5945522424225765,0.6227872180516181,-0.028234975629041537,-0.03803631765063285,0.019602684043182633,64.39856014414211,59.51655214753987,74.1625761373466
900953,2018-07-06,0.595,0.6,0.608,0.593,0.594,193400,116130.0,0.0,,,-0.0016806722689075644,0.5975999999999992,0.5886000000000011,0.597850000000001,0.615633333333335,0.5943944588732689,0.6209299781773201,-0.02653551930405118,-0.03475037526589523,0.016429711923688098,61.79202255223507,60.27504228243827,64.82598309182866
900953,2018-07-09,0.594,0.601,0.606,0.5920000000000001,0.604,223511,134565.0,0.0,,,0.016835016835016852,0.6003999999999993,0.5926000000000011,0.596050000000001,0.6124000000000016,0.597138899195192,0.6198377215207187,-0.02269882232552667,-0.03130707442578993,0.01721650420052652,60.837538844347165,60.4625411364079,61.587534260225695
900953,2018-07-10,0.604,0.612,0.613,0.596,0.601,160400,96168.0,0.0,,,-0.004966887417218548,0.5981999999999992,0.5956000000000012,0.5943000000000009,0.6095000000000017,0.5982420708537086,0.6186223846484143,-0.02038031379470573,-0.028185142816908728,0.015609658044405998,57.84230984684873,59.58913070655484,54.3486681274365
900953,2018-07-11,0.601,0.596,0.599,0.569,0.581,311300,181775.0,0.0,,,-0.03327787021630619,0.5949999999999992,0.5956000000000012,0.591150000000001,0.6062333333333351,0.5933157648955062,0.616195134025936,-0.02287936913042976,-0.026669207477914736,0.00757967669496995,45.45809162203708,54.87878434504892,26.61670617601341
900953,2018-07-12,0.581,0.591,0.604,0.585,0.602,262400,156831.0,0.0,,,0.03614457831325305,0.5963999999999992,0.5976000000000012,0.589100000000001,0.605133333333335,0.5957969749253615,0.6152793189274884,-0.019482344002126895,-0.024615817913403924,0.010266947822554058,49.2709116560707,53.00949344872285,41.79374807076641
900953,2018-07-13,0.602,0.605,0.605,0.596,0.602,90000,53949.0,0.0,,,0.0,0.5979999999999992,0.5978000000000013,0.587050000000001,0.6038666666666683,0.5975692678038296,0.6144225886741022,-0.01685332087027258,-0.022397961615366398,0.011089281490187633,51.81279167875979,52.61059285873517,50.21718931880902
900953,2018-07-16,0.602,0.59,0.602,0.59,0.598,79000,47115.0,0.0,,,-0.0066445182724252545,0.5967999999999991,0.5986000000000014,0.586100000000001,0.6028333333333349,0.5976923341455925,0.6133630668241601,-0.015670732678567556,-0.02047589620485244,0.00961032705256977,56.02334260065467,53.74817610604166,60.57367558988069
900953,2018-07-17,0.598,0.6,0.6,0.596,0.598,67700,40438.0,0.0,,,0.0,0.5961999999999991,0.5972000000000013,0.587650000000001,0.6020333333333349,0.5977802386754232,0.6123719012226014,-0.014591662547178252,-0.018794686588374104,0.008406048082391704,59.318592036800084,55.60498141629447,66.74581327781131
900953,2018-07-18,0.598,0.609,0.61,0.596,0.603,95600,57728.0,0.0,,,0.008361204013377935,0.600599999999999,0.5978000000000012,0.5892500000000009,0.6007333333333349,0.5992715990538736,0.6117672624340464,-0.012495663380172828,-0.016994965671745167,0.008998604583144679,65.30330378210914,58.83775553823269,78.23440026986204
900953,2018-07-19,0.603,0.593,0.601,0.591,0.595,79300,47054.0,0.0,,,-0.01326699834162522,0.5991999999999991,0.5978000000000012,0.591800000000001,0.5993000000000015,0.5980511421813383,0.6106855035673339,-0.012634361385995607,-0.015749078732959578,0.006229434693927942,63.232505551709124,60.302672209391496,69.09217223634438
900953,2018-07-20,0.595,0.588,0.604,0.588,0.604,179200,106968.0,0.0,,,0.015126050420168081,0.5995999999999991,0.5988000000000012,0.5937000000000009,0.5981666666666681,0.599750815843813,0.610254180756538,-0.010503364912725077,-0.01425030335574972,0.007493876886049286,68.67015521629094,63.0918332116913,79.8267992254902
900953,2018-07-23,0.604,0.598,0.606,0.598,0.606,142100,85743.0,0.0,,,0.0033112582781456984,0.6011999999999992,0.5990000000000012,0.5958000000000009,0.5970333333333347,0.601536297031295,0.6099797174819227,-0.008443420450627737,-0.012591193954286296,0.00829554700731712,75.86140429053542,67.34835690463935,92.88749906232758
900953,2018-07-24,0.606,0.608,0.628,0.598,0.621,426000,262735.0,0.0,,,0.024752475247524768,0.6057999999999992,0.6010000000000011,0.5983000000000009,0.5965333333333348,0.6070973550223535,0.610690703450831,-0.003593348428477472,-0.010020380946912346,0.012854065036869748,78.48124627120966,71.05932002682944,93.32509875997007
900953,2018-07-25,0.621,0.62,0.62,0.613,0.618,130292,80357.0,0.0,,,-0.004830917874396139,0.6087999999999992,0.6047000000000011,0.600150000000001,0.5956666666666681,0.6102123964445383,0.6111622709701323,-0.00094987452559403,-0.007428807683678541,0.012957866316169022,77.3208308474731,73.14649030037732,85.66951194166467
900953,2018-07-26,0.618,0.622,0.622,0.612,0.62,102300,63210.0,0.0,,,0.0032362459546925594,0.6137999999999992,0.6065000000000011,0.6020500000000009,0.5949000000000014,0.6130088546032416,0.6117324470365754,0.0012764075666662489,-0.004941603326437173,0.012436021786206843,78.21388723164874,74.83562261080112,84.97041647334396
900953,2018-07-27,0.62,0.62,0.621,0.617,0.62,85490,52961.0,0.0,,,0.0,0.6169999999999993,0.6083000000000011,0.6030500000000009,0.5941333333333348,0.6150063247166011,0.6122658375503447,0.002740487166256411,-0.00274672032852472,0.010974414989562262,78.8092581544325,76.16016779201158,84.10743887927435
900953,2018-07-30,0.62,0.626,0.626,0.61,0.615,214815,131601.0,0.0,,,-0.008064516129032265,0.6187999999999994,0.6100000000000011,0.604300000000001,0.5940666666666681,0.6150045176547151,0.6124422351277418,0.002562282526973325,-0.0012298623698109926,0.007584289793568635,75.03950543628834,75.78661367343716,73.5452889619907
900953,2018-07-31,0.615,0.615,0.617,0.608,0.609,83100,50761.0,0.0,,,-0.009756097560975618,0.6163999999999994,0.6111000000000011,0.6041500000000009,0.595466666666668,0.6132889411819393,0.612220155442081,0.0010687857398583578,-0.000573105767048321,0.0032837830138133578,67.52633695752556,73.03318810146662,56.51263466964343
900953,2018-08-01,0.609,0.609,0.616,0.603,0.604,180612,109712.0,0.0,,,-0.008210180623973735,0.6135999999999994,0.6112000000000012,0.6045000000000009,0.5965666666666679,0.6106349579870995,0.6116898228329144,-0.0010548648458148513,-0.0007107512181244725,-0.0006882272553807576,58.350891305017036,68.13908916931676,38.77449557641759
900953,2018-08-02,0.604,0.6,0.6,0.56,0.5820000000000001,454300,262569.0,0.0,,,-0.0364238410596025,0.6059999999999993,0.6099000000000012,0.6038500000000009,0.5978333333333345,0.6024535414193568,0.6097743503920812,-0.0073208089727243575,-0.002599339148010154,-0.009442939649428408,49.68490792883491,61.98769542248948,25.079332941525763
900953,2018-08-03,0.5820000000000001,0.588,0.588,0.5720000000000001,0.579,193799,112488.0,0.0,,,-0.005154639175257927,0.5977999999999992,0.6074000000000012,0.603100000000001,0.598266666666668,0.5957525295852549,0.6077889084313018,-0.012036378846046913,-0.005295636204592086,-0.013481485282909655,42.43699744275265,55.470796095910536,16.36940013643688
900953,2018-08-06,0.579,0.58,0.589,0.564,0.5720000000000001,224600,128369.0,0.0,,,-0.012089810017270976,0.5891999999999993,0.6040000000000012,0.6015000000000009,0.5985333333333346,0.5889660925608964,0.6054799465970243,-0.01651385403612793,-0.008500841299316613,-0.01602602547362263,34.351937689107835,48.4311766269763,6.193459813370893
900953,2018-08-07,0.5720000000000001,0.579,0.599,0.573,0.588,223000,130997.0,0.0,,,0.0279720279720278,0.5849999999999993,0.6007000000000012,0.6008500000000009,0.5991000000000013,0.588690066114926,0.6043522081068936,-0.015662141991967582,-0.010546927211502606,-0.010230429560929951,37.042705934152664,44.63501972936842,21.858078343721147
900953,2018-08-08,0.588,0.589,0.589,0.574,0.5770000000000001,158600,91866.0,0.0,,,-0.01870748299319711,0.5795999999999992,0.5966000000000011,0.6006500000000009,0.598966666666668,0.5853500472249472,0.6025875495193521,-0.017237502294404905,-0.012458520092331836,-0.009557964404146139,33.28099587529371,40.85034511134352,18.142297403194092
900953,2018-08-09,0.5770000000000001,0.5760000000000001,0.595,0.5760000000000001,0.59,221200,130322.0,0.0,,,0.0225303292894279,0.5811999999999993,0.5936000000000011,0.6000500000000009,0.5992333333333346,0.5866786051606766,0.6017754495503617,-0.01509684438968506,-0.013212327034432756,-0.0037690347105046075,37.33884573504426,39.67984531924377,32.65684656664524
900953,2018-08-10,0.59,0.59,0.605,0.589,0.596,252711,150525.0,0.0,,,0.010169491525423737,0.5845999999999993,0.5912000000000012,0.5997500000000009,0.5991000000000013,0.5893418608290547,0.6014028399019512,-0.012060979072896494,-0.012883370473993825,0.0016447828021946623,45.94519540231018,41.768295346932575,54.29899551306539
900953,2018-08-13,0.596,0.599,0.599,0.588,0.598,105100,62366.0,0.0,,,0.00335570469798658,0.5897999999999992,0.5895000000000011,0.5997500000000009,0.5993666666666679,0.5918156148778962,0.6011833018437609,-0.009367686965864652,-0.011878889471671204,0.0050224050116131035,53.24917788725438,45.59525619370651,68.55702127435013
900953,2018-08-14,0.598,0.598,0.598,0.5920000000000001,0.597,66500,39630.0,0.0,,,-0.0016722408026755868,0.5915999999999992,0.5883000000000012,0.5997000000000008,0.598866666666668,0.5932968677699259,0.6009134114022279,-0.00761654363230202,-0.010661076374708579,0.006089065484813118,62.90685933224364,51.365790573218895,85.98899685029313
900953,2018-08-15,0.597,0.59,0.596,0.584,0.59,87000,51244.0,0.0,,,-0.01172529313232832,0.5941999999999992,0.5869000000000011,0.5990500000000007,0.5986333333333346,0.592354905549947,0.6002093203440196,-0.007854414794072673,-0.009859173065955464,0.004009516543765582,63.07611760360958,55.269232916682455,78.68988697746383
900953,2018-08-16,0.59,0.586,0.596,0.573,0.589,123611,72427.0,0.0,,,-0.0016949152542372898,0.5939999999999992,0.5876000000000011,0.5987500000000008,0.5984333333333346,0.591396361107105,0.5994861383863409,-0.008089777279235877,-0.00935363141260701,0.002527708266742267,62.375948321105575,57.63813805149016,71.85156886033641
900953,2018-08-17,0.589,0.584,0.597,0.584,0.591,72700,42709.0,0.0,,,0.003395585738539901,0.5929999999999993,0.5888000000000011,0.5981000000000007,0.5983333333333346,0.5912831150765037,0.5989386455872221,-0.0076555305107184335,-0.008868459726353133,0.002425858431269398,60.333965547403714,58.53674721679468,63.928402208621776
900953,2018-08-20,0.591,0.5870000000000001,0.593,0.581,0.5920000000000001,53301,31353.0,0.0,,,0.0016920473773267544,0.5917999999999993,0.5908000000000011,0.5974000000000008,0.5979333333333346,0.5914879393403597,0.5984909910332078,-0.007003051692848095,-0.008335486002494551,0.002664868619292913,60.01431036493593,59.0292682661751,61.98439456245758
900953,2018-08-21,0.5920000000000001,0.5870000000000001,0.594,0.5870000000000001,0.594,109000,64519.0,0.0,,,0.003378378378378193,0.5911999999999993,0.5914000000000011,0.5960500000000007,0.5977000000000013,0.5922056709573998,0.5982012496762266,-0.005995578718826722,-0.007666941064303742,0.0033427246909540406,61.88454024329062,59.981025591880275,65.69156954611132
900953,2018-08-22,0.594,0.591,0.591,0.585,0.5870000000000001,48300,28442.0,0.0,,,-0.01178451178451161,0.5905999999999993,0.5924000000000011,0.5945000000000007,0.5979000000000013,0.5907183363981428,0.5974785884067926,-0.006760252008649825,-0.007407887048402623,0.001295270079505596,55.83969349552719,58.60058155976258,50.31791736705641
900953,2018-08-23,0.5870000000000001,0.59,0.602,0.583,0.598,93201,55360.0,0.0,,,0.01873935264054497,0.5923999999999994,0.5932000000000011,0.5934000000000008,0.597766666666668,0.592798811712959,0.5975122278644188,-0.004713416151459815,-0.006638038220704677,0.003849244138489725,65.9620945142595,61.05441921126155,75.77744512025542
900953,2018-08-24,0.598,0.598,0.599,0.589,0.589,63200,37424.0,0.0,,,-0.015050167224080282,0.5919999999999993,0.5925000000000011,0.5918500000000009,0.5973333333333346,0.5917134369378279,0.5969630518731661,-0.005249614935338265,-0.00624134585345713,0.0019834618362377307,62.365534273874154,61.49145756546576,64.11368769069095
900953,2018-08-27,0.589,0.59,0.607,0.589,0.604,244765,147153.0,0.0,,,0.025466893039049258,0.5943999999999993,0.5931000000000012,0.5913000000000008,0.5975333333333346,0.5952238835270198,0.5974170485265101,-0.0021931649994902935,-0.005084722752323747,0.005783115505666908,71.96917971199453,64.98403161430868,85.93947590736624
900953,2018-08-28,0.604,0.6,0.603,0.593,0.6,102660,61547.0,0.0,,,-0.006622516556291397,0.5955999999999994,0.5934000000000011,0.5908500000000008,0.5976000000000014,0.5965884882335857,0.5975836905570578,-0.0009952023234721663,-0.003916288344080438,0.005842172041216544,74.4500413766238,68.13936820174705,87.07138772637731
900953,2018-08-29,0.6,0.6,0.6,0.5920000000000001,0.595,148100,88310.0,0.0,,,-0.008333333333333342,0.5971999999999993,0.5939000000000012,0.5904000000000009,0.5973333333333346,0.5961346344525612,0.5974170008436993,-0.0012823663911381011,-0.0031637392146683417,0.003762745647060481,67.58207886646714,67.95360508998708,66.83902641942726
900953,2018-08-30,0.595,0.595,0.6,0.593,0.597,167490,100072.0,0.0,,,0.003361344537815129,0.5969999999999993,0.5947000000000011,0.5911500000000008,0.5974000000000014,0.5963818817518294,0.5973900975634606,-0.0010082158116312412,-0.00254787538522917,0.0030793191471958576,65.56753975713194,67.15824997903536,62.38611931332508
900953,2018-08-31,0.597,0.593,0.597,0.583,0.584,227900,133959.0,0.0,,,-0.02177554438860974,0.5959999999999994,0.5940000000000011,0.5914000000000008,0.5967333333333347,0.5928442012513068,0.5965262203013019,-0.0036820190499951,-0.00287191643230515,-0.0016202052353799,45.10058206031018,59.80569400612697,15.690358168676596
900953,2018-09-03,0.584,0.583,0.583,0.561,0.574,383100,219628.0,0.0,,,-0.01712328767123289,0.5899999999999993,0.5922000000000012,0.5915000000000008,0.595666666666668,0.5874601437509334,0.595072915765734,-0.007612772014800595,-0.0042264465987324204,-0.006772650832136349,39.48734456194586,53.0329108580666,12.396211969704382
900953,2018-09-04,0.574,0.5660000000000001,0.584,0.5660000000000001,0.584,235900,135518.0,0.0,,,0.017421602787456462,0.5867999999999993,0.5912000000000011,0.5913000000000008,0.5944333333333347,0.5864715312506666,0.5943585341034285,-0.007887002852761893,-0.005272319814169413,-0.005229366077184961,42.991563041297205,49.68579491914347,29.60309928560467
900953,2018-09-05,0.584,0.5760000000000001,0.58,0.575,0.58,49800,28726.0,0.0,,,-0.006849315068493157,0.5837999999999994,0.5905000000000011,0.5914500000000008,0.5931666666666681,0.5846225223219047,0.5934321770644976,-0.008809654742592876,-0.006282986936576116,-0.00505333561203352,42.42915796956041,47.26691593594912,32.75364203678298
900953,2018-09-06,0.58,0.5710000000000001,0.581,0.5710000000000001,0.574,94500,54459.0,0.0,,,-0.010344827586206909,0.5791999999999994,0.5881000000000011,0.5906500000000008,0.5916333333333347,0.5815875159442176,0.5921784882216268,-0.010590972277409127,-0.007513839891099834,-0.006154264772618587,37.70639516811268,44.08007568000364,24.959034144330758
900953,2018-09-07,0.574,0.578,0.583,0.5720000000000001,0.58,121000,70122.0,0.0,,,0.010452961672473877,0.5783999999999994,0.5872000000000009,0.5898500000000009,0.5903000000000013,0.5811339399601555,0.5913927793041024,-0.01025883934394689,-0.008298125449056136,-0.003921427789781509,40.21696185810682,42.7923710727047,35.06614342891106
900953,2018-09-10,0.58,0.573,0.58,0.5720000000000001,0.578,47400,27235.0,0.0,,,-0.003448275862068969,0.5791999999999994,0.5846000000000011,0.5888500000000008,0.589066666666668,0.5802385285429682,0.5905287290264183,-0.010290200483450085,-0.008867289744597264,-0.002845821477705641,41.341222435319025,42.308654860242804,39.40635758547147
900953,2018-09-11,0.578,0.5770000000000001,0.58,0.5710000000000001,0.578,68100,39128.0,0.0,,,0.0,0.5779999999999993,0.5824000000000011,0.5879000000000008,0.5880333333333347,0.579598948959263,0.5897204239279397,-0.010121474968676658,-0.00922562838004852,-0.001791693177256276,42.090729486793826,42.23601306909314,41.80016232219519
900953,2018-09-12,0.578,0.578,0.579,0.5720000000000001,0.5770000000000001,35000,20138.0,0.0,,,-0.0017301038062281836,0.5773999999999992,0.5806000000000011,0.5872500000000007,0.5871333333333347,0.5788563921137594,0.5888997514164597,-0.010043359302700283,-0.009459265786520451,-0.0011681870323596646,42.87530113934408,42.44910909251012,43.727685233012
900953,2018-09-13,0.5770000000000001,0.578,0.5820000000000001,0.575,0.581,79000,45728.0,0.0,,,0.006932409012131529,0.5787999999999993,0.5790000000000012,0.5868500000000008,0.5871000000000014,0.5794688515098281,0.5883900900347526,-0.008921238524924546,-0.009305543711778764,0.0007686103737084352,57.56904133927285,47.4890865080977,77.72895100162316
900953,2018-09-14,0.581,0.583,0.584,0.574,0.58,14600,8457.0,0.0,,,-0.0017211703958691926,0.5787999999999993,0.5786000000000012,0.5863000000000007,0.5871333333333346,0.5796206082213058,0.5878487939034783,-0.00822818568217254,-0.008997727131891273,0.0015390828994374661,64.30528681877445,53.09448661165661,86.72688723301012
900953,2018-09-17,0.58,0.5820000000000001,0.5820000000000001,0.575,0.579,33600,19380.0,0.0,,,-0.0017241379310344845,0.5789999999999993,0.5791000000000012,0.5856500000000008,0.587366666666668,0.579443291586647,0.5872779039742217,-0.007834612387574769,-0.008665408633515129,0.0016615924918807201,63.3830117253367,56.5239949828833,77.1010452102435
900953,2018-09-18,0.579,0.573,0.5820000000000001,0.573,0.5820000000000001,92602,53467.0,0.0,,,0.0051813471502592644,0.5797999999999994,0.5789000000000012,0.5850500000000008,0.5871666666666681,0.5801737797047478,0.586937394040401,-0.006763614335653201,-0.008122038834126006,0.0027168489969456103,70.46046935535291,61.16948644037317,89.04243518531239
900953,2018-09-19,0.5820000000000001,0.58,0.5920000000000001,0.58,0.589,311542,182433.0,0.0,,,0.012027491408934526,0.5821999999999994,0.5798000000000012,0.5851500000000008,0.5875666666666679,0.5826955569319627,0.5870704653926332,-0.004374908460670457,-0.007051430155995848,0.005353043390650783,75.54507480833034,65.96134922969223,94.71252596560655
900953,2018-09-20,0.589,0.588,0.588,0.5770000000000001,0.583,105628,61642.0,0.0,,,-0.010186757215619706,0.5825999999999995,0.5807000000000013,0.5844000000000008,0.5873333333333346,0.5827825406656877,0.5868078547221408,-0.004025314056453122,-0.006186825556126498,0.004323022999346752,69.41100225317244,67.11123357085229,74.01053961781273
900953,2018-09-21,0.583,0.583,0.594,0.58,0.5920000000000001,194705,114170.0,0.0,,,0.015437392795883569,0.5849999999999994,0.5819000000000013,0.5845500000000008,0.5872000000000012,0.5854161004754912,0.5871428318368415,-0.0017267313613502644,-0.004912512929047573,0.006371563135394618,76.70878411081075,70.31041708417177,89.5055181640887
900953,2018-09-25,0.5920000000000001,0.588,0.588,0.5820000000000001,0.5870000000000001,84293,49209.0,0.0,,,-0.008445945945945952,0.5865999999999995,0.5828000000000013,0.5837000000000009,0.5868333333333345,0.5858686431967794,0.5871336168796258,-0.0012649736828463931,-0.003870358858704379,0.0052107703517159714,73.86646213448002,71.49576543427452,78.60785553489103
900953,2018-09-26,0.5870000000000001,0.581,0.593,0.581,0.5870000000000001,146906,86485.0,0.0,,,0.0,0.5875999999999995,0.5837000000000012,0.5830500000000008,0.5865000000000011,0.5861918879976997,0.587124996435779,-0.0009331084380792554,-0.003031144452811486,0.004196072029464462,71.46653031187574,71.48602039347493,71.42755014867737
900953,2018-09-27,0.5870000000000001,0.589,0.594,0.585,0.591,239000,141390.0,0.0,,,0.006814310051107143,0.5879999999999994,0.5851000000000013,0.5828500000000008,0.5865333333333346,0.5875656342840713,0.5873749966657287,0.00019063761834259285,-0.0021106352896246064,0.004602545815934399,76.21578211267907,73.06260763320965,82.5221310716179
900953,2018-09-28,0.591,0.589,0.596,0.588,0.595,116208,68747.0,0.0,,,0.006768189509306267,0.5903999999999995,0.5865000000000012,0.5827500000000009,0.5867333333333346,0.5896897387743367,0.587866932364714,0.0018228064096227348,-0.000986794804125366,0.005619202427496202,82.6945793794672,76.27326488196216,95.53720837447727
900953,2018-10-08,0.595,0.583,0.594,0.579,0.583,227326,132121.0,0.0,,,-0.020168067226890768,0.5885999999999995,0.5868000000000013,0.5827000000000009,0.5864666666666678,0.587778384838812,0.5875529367282808,0.00022544811053115676,-0.0006404396856520738,0.001731775592366461,69.62247320949987,74.05633432447473,60.75475097955015
900953,2018-10-09,0.583,0.5820000000000001,0.583,0.578,0.58,100377,58216.0,0.0,,,-0.005145797598627792,0.5871999999999995,0.5869000000000013,0.5830000000000009,0.5860666666666677,0.5855559891705799,0.5870656504877466,-0.0015096613171666773,-0.0008887887232276747,-0.001241745187878005,51.67814003440326,66.59693622778424,21.8405476476413
900953,2018-10-10,0.58,0.579,0.5820000000000001,0.5770000000000001,0.58,106150,61506.0,0.0,,,0.0,0.5857999999999994,0.5867000000000013,0.5828000000000009,0.585600000000001,0.5839685636932714,0.5866098020691823,-0.0026412383759109037,-0.0013894886239943114,-0.0025034995038331846,39.71525125100552,57.636374568858,3.8730046153005446
900953,2018-10-11,0.58,0.5429999999999999,0.5720000000000001,0.535,0.5429999999999999,491700,270306.0,0.0,,,-0.06379310344827592,0.5761999999999994,0.5821000000000014,0.5809500000000009,0.5841333333333343,0.5722632597809081,0.5837962664518157,-0.01153300667090762,-0.004287636637398114,-0.01449074006701901,30.84841886679051,48.70705600150217,-4.8688554026328035
900953,2018-10-12,0.5429999999999999,0.535,0.555,0.514,0.536,265500,141318.0,0.0,,,-0.0128913443830569,0.5643999999999993,0.5774000000000014,0.5790500000000008,0.5820666666666677,0.5619023284149344,0.5807126363581502,-0.01881030794321581,-0.008436971296203171,-0.020746673294025277,29.508702008754664,42.307604670586336,3.9108966850913163
900953,2018-10-15,0.536,0.545,0.545,0.521,0.5379999999999999,244372,130502.0,0.0,,,0.0037313432835818852,0.5553999999999993,0.5720000000000013,0.5769500000000009,0.5803666666666678,0.555073091724953,0.5779569823995598,-0.022883890674606833,-0.012564662547175646,-0.020638456254862374,29.428565566812022,38.0145916359949,12.256513428446269
900953,2018-10-16,0.5379999999999999,0.535,0.536,0.514,0.534,327900,171985.0,0.0,,,-0.007434944237918018,0.5461999999999992,0.5667000000000013,0.574750000000001,0.5780333333333344,0.5490522083749665,0.5751210480512012,-0.026068839676234745,-0.01642299886976396,-0.01929168161294157,27.749125012021036,34.59276942800361,14.061836180055877
900953,2018-10-17,0.534,0.537,0.5379999999999999,0.488,0.507,491489,248936.0,0.0,,,-0.05056179775280903,0.5315999999999993,0.5587000000000013,0.5712000000000009,0.5749333333333344,0.5370372916964047,0.5707261417253172,-0.03368885002891253,-0.021356099200949268,-0.024665501655926528,24.363614205544895,31.18305102051737,10.724740575599945
900953,2018-10-18,0.507,0.508,0.508,0.456,0.457,840700,390485.0,0.0,,,-0.09861932938856012,0.5143999999999993,0.5453000000000012,0.5652000000000009,0.5703333333333345,0.5141694940688605,0.5633889712914258,-0.049219477222565367,-0.02931706434998244,-0.039804825745165855,16.48395536408307,26.283352468372602,-3.114838844495999
900953,2018-10-19,0.457,0.416,0.448,0.416,0.44,734742,321086.0,0.0,,,-0.03719912472647706,0.4951999999999993,0.5298000000000014,0.5581500000000009,0.5651000000000012,0.492978210049186,0.5554283924984306,-0.06245018244924455,-0.03878366952120019,-0.04733302585608873,15.77972273773203,22.78214255815908,1.7748830968779288
900953,2018-10-22,0.44,0.457,0.484,0.445,0.484,1250025,594395.0,0.0,,,0.09999999999999996,0.4843999999999993,0.5199000000000014,0.553350000000001,0.5617666666666677,0.49041300717799,0.550820109111435,-0.06040710193344495,-0.044961793067555836,-0.03089061773177823,24.174433632383597,23.246239582900586,26.03082173134962
900953,2018-10-23,0.484,0.48,0.499,0.475,0.483,704600,344899.0,0.0,,,-0.0020661157024793406,0.4741999999999994,0.5102000000000013,0.5485500000000011,0.5587333333333344,0.4882950051271358,0.5464446182010197,-0.05814961307388394,-0.04872974164079244,-0.018839742866183007,30.43252840449504,25.64166919009874,40.01424683328764
900953,2018-10-24,0.483,0.477,0.4970000000000001,0.477,0.491,359700,176499.0,0.0,,,0.016563146997929618,0.4709999999999994,0.5013000000000012,0.5440000000000009,0.5556333333333344,0.48906786080509695,0.5428675460590184,-0.05379968525392148,-0.050178296958829305,-0.007242776590184352,38.27396378045472,29.852434053550734,55.117023234262696
900953,2018-10-25,0.491,0.48,0.5,0.48,0.5,304990,149237.0,0.0,,,0.018329938900203683,0.4795999999999994,0.4970000000000012,0.5395500000000009,0.5529666666666678,0.4921913291464978,0.5401018979261785,-0.04791056877968064,-0.04953037462192968,0.0032396116844980866,47.22140221022562,35.6420901057757,70.38002641912546
900953,2018-10-26,0.5,0.504,0.506,0.499,0.499,98400,49410.0,0.0,,,-0.0020000000000000018,0.4913999999999994,0.4933000000000013,0.5353500000000009,0.5504666666666677,0.49413666367606984,0.5374501625761025,-0.04331349890003261,-0.04775412441567337,0.008881251031281526,54.15853043523239,41.81423688226126,78.84711754117465
900953,2018-10-29,0.499,0.493,0.504,0.48,0.487,108750,53042.0,0.0,,,-0.024048096192384686,0.4919999999999994,0.4882000000000012,0.5301000000000009,0.5473666666666677,0.4920976169114785,0.5341953133776443,-0.042097696466165735,-0.04613800214438548,0.00808061135643949,55.504594060646745,46.37768927505642,73.75840363182739
900953,2018-10-30,0.487,0.4970000000000001,0.51,0.48,0.5,415950,207024.0,0.0,,,0.02669404517453789,0.4953999999999994,0.4848000000000012,0.5257500000000009,0.5447666666666677,0.4943554406510561,0.5319891641274737,-0.03763372347641758,-0.04370820823925179,0.012148969525668421,66.79029674965102,53.181891766587945,94.00710671577717
900953,2018-10-31,0.5,0.501,0.5379999999999999,0.5,0.522,657052,343323.0,0.0,,,0.04400000000000004,0.5015999999999994,0.4863000000000013,0.5225000000000011,0.542900000000001,0.5022538861793258,0.5313447019257012,-0.029090815746375398,-0.03953181038414425,0.020881989275537707,73.48861313364715,59.950798888941016,100.5642416230594
900953,2018-11-01,0.522,0.52,0.531,0.517,0.522,273347,143644.0,0.0,,,0.0,0.5059999999999993,0.4928000000000014,0.519050000000001,0.5410666666666676,0.5078956329852327,0.5307418179304946,-0.022846184945261916,-0.03476448883017787,0.023836607769831902,76.59097506400853,65.49752428063019,98.7778766307652
900953,2018-11-02,0.522,0.519,0.53,0.519,0.53,269147,141858.0,0.0,,,0.015325670498084303,0.5121999999999993,0.5018000000000014,0.5158000000000009,0.5393666666666677,0.5142111664180233,0.5306939587091724,-0.016482792291149018,-0.029541146961883907,0.026116709341469778,80.16117914320151,70.38540923482063,99.71271895996327
900953,2018-11-05,0.53,0.531,0.544,0.526,0.5329999999999999,303276,161686.0,0.0,,,0.005660377358490361,0.5213999999999993,0.5067000000000013,0.5133000000000009,0.537800000000001,0.5195794045843024,0.5308427355666451,-0.011263330982342667,-0.024318913824872123,0.02611116568505891,81.30148261288055,74.02410036084059,95.85624711696047
900953,2018-11-06,0.5329999999999999,0.53,0.53,0.5,0.513,765527,389819.0,0.0,,,-0.03752345215759833,0.5239999999999994,0.5097000000000013,0.5099500000000009,0.5356000000000011,0.5176995747030732,0.529691591336539,-0.01199201663346583,-0.020796943198756038,0.017609853130580416,71.38848840858704,73.14556304342274,67.87433913891564
900953,2018-11-07,0.513,0.515,0.518,0.508,0.51,165600,84871.0,0.0,,,-0.005847953216374274,0.5215999999999992,0.5116000000000013,0.5064500000000008,0.5332000000000011,0.5154996962164808,0.5284211660890203,-0.012921469872539504,-0.018546807962694173,0.011250676180309338,63.21732560572469,69.83615056419005,49.979675688793975
900953,2018-11-08,0.51,0.508,0.521,0.47,0.51,190622,96850.0,0.0,,,0.0,0.5191999999999991,0.5126000000000013,0.5048000000000009,0.5305666666666679,0.5139283544403435,0.5272327037606964,-0.01330434932035296,-0.01704896263631097,0.007489226631916021,60.16290175516781,66.61173429451597,47.26523667647149
900953,2018-11-09,0.51,0.504,0.51,0.496,0.499,160000,80330.0,0.0,,,-0.02156862745098041,0.5129999999999992,0.5126000000000013,0.5029500000000009,0.5277666666666678,0.509663110314531,0.5254112390019418,-0.015748128687410712,-0.01667729579376804,0.0018583342127146546,53.17166423317494,62.13171094073562,35.251570818053565
900953,2018-11-12,0.499,0.5,0.503,0.488,0.503,340800,168985.0,0.0,,,0.008016032064128263,0.5069999999999992,0.5142000000000013,0.5012000000000011,0.5248000000000012,0.5077593645103794,0.5239653526147197,-0.016205988104340263,-0.01654263645393153,0.0006732966991825351,50.31264102031482,58.19202096726202,34.55388112642042
900953,2018-11-13,0.503,0.495,0.525,0.49,0.52,456378,234281.0,0.0,,,0.03379721669980122,0.5083999999999993,0.5162000000000013,0.5005000000000008,0.5225666666666678,0.5112566889359853,0.5237095234137701,-0.01245283447778478,-0.015374121603603888,0.005842574251638217,56.064283202732405,57.48277504575214,53.22729951669292
900953,2018-11-14,0.52,0.516,0.568,0.516,0.5379999999999999,1238074,673450.0,0.0,,,0.03461538461538443,0.5139999999999991,0.5178000000000014,0.5020500000000009,0.5209333333333345,0.5188976349542752,0.5246314896451397,-0.005733854690864515,-0.012619759628535496,0.013771809875341962,60.50544050250187,58.49033019800205,64.53566111150151
900953,2018-11-15,0.5379999999999999,0.535,0.5670000000000001,0.535,0.562,1126090,630145.0,0.0,,,0.04460966542750955,0.5243999999999993,0.5218000000000014,0.5073000000000009,0.5199666666666679,0.5312125963959109,0.5270423612809372,0.004170235114973719,-0.007822618273247147,0.023985706776441733,71.62947734180399,62.8700459126027,89.14834020020659
900953,2018-11-16,0.562,0.568,0.569,0.5529999999999999,0.563,753615,422646.0,0.0,,,0.0017793594306047859,0.5371999999999992,0.5251000000000012,0.5134500000000009,0.5189000000000012,0.5402947117113649,0.5293622089402316,0.010932502771133334,-0.0024640122605670083,0.026793030063400686,79.0661162076673,68.26873601095757,100.66087660108678
900953,2018-11-19,0.563,0.5670000000000001,0.568,0.5479999999999999,0.5579999999999999,511622,283311.0,0.0,,,-0.008880994671403205,0.5481999999999991,0.5276000000000012,0.5171500000000009,0.518066666666668,0.5453533655081177,0.5312098083634424,0.0141435571446753,0.0022810075695022234,0.023725099150346155,82.34037376807449,72.95928192999655,101.10255744423037
900953,2018-11-20,0.5579999999999999,0.546,0.5529999999999999,0.535,0.54,426100,231279.0,0.0,,,-0.032258064516128865,0.5521999999999991,0.5303000000000012,0.5200000000000008,0.5167333333333347,0.5438238325057984,0.5317769175012849,0.012046915004513492,0.005071266836648301,0.013951296335730383,78.46260608107325,74.79372331368877,85.80037161584218
900953,2018-11-21,0.54,0.536,0.547,0.536,0.5429999999999999,232115,125555.0,0.0,,,0.005555555555555354,0.5531999999999992,0.5336000000000013,0.5226000000000008,0.5155000000000014,0.5435884517898559,0.5325009873399116,0.011087464449944351,0.0067901804404471725,0.008594568018994357,74.94214891001589,74.84319851246448,75.14004970511871
900953,2018-11-22,0.5429999999999999,0.547,0.5489999999999999,0.5429999999999999,0.544,96200,52529.0,0.0,,,0.0018416206261512192,0.5495999999999992,0.5370000000000014,0.5248000000000008,0.5155333333333346,0.5437060369927542,0.5332428591244335,0.010463177868320739,0.007839608276982478,0.005247139182676521,73.00670009638922,74.23103237377273,70.55803554162219
900953,2018-11-23,0.544,0.54,0.54,0.527,0.527,358300,190704.0,0.0,,,-0.031250000000000035,0.5423999999999992,0.5398000000000014,0.5262000000000008,0.5152333333333347,0.5389328835662529,0.5328400940196313,0.006092789546621624,0.007340517211165091,-0.0024954553290869336,64.2829477435844,70.91500416370995,51.0188349033333
900953,2018-11-26,0.527,0.519,0.536,0.518,0.529,236200,124047.0,0.0,,,0.003795066413662242,0.5365999999999993,0.5424000000000013,0.5283000000000008,0.5149333333333347,0.5360949168330378,0.5325923460183648,0.0035025708146729784,0.00624396109788163,-0.005482780566417303,51.03139912465377,64.28713581735789,24.519925739245508
900953,2018-11-27,0.529,0.534,0.539,0.527,0.529,192900,102667.0,0.0,,,0.0,0.5343999999999992,0.5433000000000014,0.5297500000000007,0.5147666666666679,0.5340677977378842,0.5323605817591155,0.0017072159787686614,0.004947748206706496,-0.006481064455875669,41.21047523342933,56.594915622715035,10.44159445485792
900953,2018-11-28,0.529,0.536,0.5379999999999999,0.525,0.5379999999999999,249300,133188.0,0.0,,,0.0170132325141775,0.5333999999999992,0.5433000000000014,0.5305500000000007,0.5158000000000013,0.5351912840984886,0.5327244151940113,0.0024668689044773373,0.004238925548926736,-0.003544113288898797,40.545545580456114,51.24512560862873,19.14638552411087
900953,2018-11-29,0.5379999999999999,0.547,0.547,0.523,0.5329999999999999,286300,153739.0,0.0,,,-0.00929368029739778,0.5311999999999992,0.5404000000000013,0.5311000000000007,0.5183333333333346,0.5345652029274918,0.5327421948589138,0.001823008068577936,0.0035486634116842215,-0.003451310686212571,37.030363720304024,46.506871645853835,18.077347869204402
900953,2018-11-30,0.5329999999999999,0.525,0.541,0.525,0.541,300552,161089.0,0.0,,,0.015009380863039625,0.5339999999999991,0.5382000000000013,0.5316500000000007,0.5217000000000014,0.5364037163767799,0.5332749564809194,0.003128759895860478,0.003428690978591723,-0.0005998621654624905,46.59167105163132,46.53513811444633,46.7047369260013
900953,2018-12-03,0.541,0.5489999999999999,0.5579999999999999,0.546,0.55,603000,332980.0,0.0,,,0.016635859519408516,0.5381999999999992,0.5374000000000014,0.5325000000000009,0.5239000000000014,0.540288368840557,0.5343539915466665,0.005934377293890458,0.004144601354391362,0.003579551878998192,57.727780701087624,50.2660189766601,72.65130414994267
900953,2018-12-04,0.55,0.55,0.5539999999999999,0.546,0.552,230600,126734.0,0.0,,,0.00363636363636364,0.5427999999999993,0.5386000000000014,0.5344500000000008,0.5262000000000013,0.5436345491718264,0.5354924437049461,0.008142105466880323,0.005286745386531065,0.005710720160698516,66.81852046739182,55.78351947357067,88.88852245503413
900953,2018-12-05,0.552,0.547,0.551,0.539,0.55,159300,86732.0,0.0,,,-0.0036231884057971045,0.5451999999999994,0.5393000000000014,0.5364500000000009,0.528166666666668,0.5454532494084474,0.5364284150788206,0.009024834329626863,0.00635477079884415,0.0053401270615654264,71.2123469782613,60.92646197513421,91.78411698451548
900953,2018-12-06,0.55,0.55,0.55,0.5379999999999999,0.5429999999999999,93500,50806.0,0.0,,,-0.012727272727272941,0.5471999999999994,0.5392000000000013,0.5381000000000008,0.5296000000000014,0.5447523210060339,0.5368523882995418,0.00789993270649203,0.006796245629600687,0.002207374153782686,68.30823131884084,63.38705175636975,78.150590443783
900953,2018-12-07,0.5429999999999999,0.5489999999999999,0.5489999999999999,0.542,0.545,77300,42177.0,0.0,,,0.0036832412523022345,0.5479999999999994,0.5410000000000014,0.5404000000000008,0.5311333333333347,0.5448230864328812,0.5373780406673133,0.007445045765567926,0.006981617097019898,0.0009268573370960556,66.49120183160825,64.42176844811591,70.63006859859294
900953,2018-12-10,0.545,0.539,0.544,0.535,0.542,85600,46172.0,0.0,,,-0.005504587155963307,0.5463999999999993,0.5423000000000013,0.5423500000000008,0.532966666666668,0.544016490309201,0.5376762315920027,0.006340258717198233,0.006798371845642279,-0.0009162262568880933,62.42270598297699,63.755414293069606,59.75728936279177
900953,2018-12-11,0.542,0.5379999999999999,0.5479999999999999,0.5379999999999999,0.542,49800,26926.0,0.0,,,0.0,0.5443999999999993,0.5436000000000013,0.5434500000000008,0.5343666666666681,0.5434403502208578,0.5379551843925187,0.005485165828339134,0.00642317012641281,-0.0018760085961473522,59.710375417222814,62.40706800112068,54.31699024942708
900953,2018-12-12,0.542,0.5489999999999999,0.5489999999999999,0.54,0.545,64800,35218.0,0.0,,,0.00553505535055351,0.5433999999999992,0.5443000000000013,0.5438000000000007,0.5351333333333348,0.5438859644434698,0.5384096886252594,0.005476275818210419,0.00615262889549784,-0.001352706154574843,60.00893714683548,61.60769104969228,56.81142934112188
900953,2018-12-13,0.545,0.545,0.5489999999999999,0.54,0.547,108501,59403.0,0.0,,,0.0036697247706422046,0.5441999999999994,0.5457000000000013,0.5430500000000008,0.5359666666666683,0.5447756888881927,0.5389639022623394,0.005811786625853355,0.006055245389885129,-0.0004869175280635494,57.397262445716486,60.20421484836701,51.783357640415446
900953,2018-12-14,0.547,0.5429999999999999,0.546,0.532,0.535,92700,49843.0,0.0,,,-0.021937842778793442,0.5421999999999993,0.5451000000000013,0.5416500000000009,0.5361333333333349,0.5419826349201377,0.538708166632511,0.003274468287626675,0.0052607376463827136,-0.003972538717512077,42.81029617593222,54.406241957555416,19.618404612685836
900953,2018-12-17,0.535,0.539,0.539,0.53,0.537,116153,61839.0,0.0,,,0.0037383177570093494,0.5411999999999993,0.5438000000000013,0.5406000000000009,0.5362666666666681,0.5405590249429555,0.5385979623336393,0.0019610626093161665,0.004317973350077986,-0.004713821481523639,39.65130856173259,49.48793082561448,19.97806403396882
900953,2018-12-18,0.537,0.536,0.537,0.531,0.537,74500,39725.0,0.0,,,0.0,0.5401999999999993,0.5423000000000012,0.5404500000000011,0.537066666666668,0.5395421606735397,0.5384948679895336,0.0010472926840060515,0.003383493159771719,-0.004672400951531335,38.1008723744884,45.69224467523912,22.91812777298695
900953,2018-12-19,0.537,0.54,0.54,0.53,0.537,51100,27334.0,0.0,,,0.0,0.5385999999999994,0.5410000000000013,0.540150000000001,0.5379666666666679,0.5388158290525283,0.5383984248934347,0.00041740415909363726,0.002536039159577981,-0.004237270000968687,37.6812833373783,43.02192422928551,27.000001553563877
900953,2018-12-20,0.537,0.537,0.5429999999999999,0.536,0.542,64953,34944.0,0.0,,,0.009310986964618257,0.5375999999999993,0.5409000000000013,0.540050000000001,0.5390333333333346,0.5397255921803774,0.5386307845777293,0.001094807602648129,0.00212425871474088,-0.0020589022241855022,46.173487137199686,44.07244519859023,50.3755710144186
900953,2018-12-21,0.542,0.541,0.542,0.5329999999999999,0.539,84300,45303.0,0.0,,,-0.00553505535055351,0.5383999999999993,0.5403000000000012,0.5406500000000011,0.540366666666668,0.539518280128841,0.5386546049275532,0.0008636752012877169,0.001764091996611405,-0.001800833590647376,46.57179844234374,44.90556294650807,49.90426943401508
900953,2018-12-24,0.539,0.532,0.541,0.532,0.534,56300,30125.0,0.0,,,-0.009276437847866428,0.5377999999999993,0.5395000000000012,0.540900000000001,0.5414000000000013,0.5379416286634578,0.538354307835453,-0.00041267917199516724,0.0011421573770095269,-0.0031096730980093882,38.06540948787833,42.62551179363149,28.945204876372003
900953,2018-12-25,0.534,0.531,0.531,0.517,0.525,132700,69323.0,0.0,,,-0.016853932584269676,0.5353999999999993,0.5378000000000013,0.5407000000000011,0.541566666666668,0.5342440204738985,0.5374927395880044,-0.003248719114105847,-0.00011237876330915155,-0.006272680701593391,33.71027299191891,39.65376552639396,21.823287922968817
900953,2018-12-26,0.525,0.52,0.528,0.52,0.525,38800,20346.0,0.0,,,0.0,0.5329999999999993,0.5358000000000013,0.540050000000001,0.5411333333333346,0.5316028717670703,0.5366867563887783,-0.005083884621707946,-0.00153280900856595,-0.007102151226283992,31.668917626796514,36.99214955986148,21.02245376066658
900953,2018-12-27,0.525,0.5329999999999999,0.5379999999999999,0.502,0.505,408200,209201.0,0.0,,,-0.038095238095238126,0.5255999999999993,0.5316000000000013,0.5386500000000012,0.5392333333333345,0.5240020512621931,0.5346424495249862,-0.01064039826279306,-0.004134977366916553,-0.013010841791753014,23.551636141441588,32.51197842038818,5.630951583548395
900953,2018-12-28,0.505,0.509,0.511,0.505,0.511,109900,55903.0,0.0,,,0.011881188118811892,0.5199999999999994,0.5292000000000013,0.5371500000000011,0.5375000000000012,0.5202871794729951,0.5331171302007935,-0.012829950727798467,-0.006619255470025672,-0.01242139051554559,23.018163931692783,29.34737359082305,10.359744613432248
900953,2019-01-02,0.511,0.504,0.509,0.502,0.509,59700,30096.0,0.0,,,-0.003913894324853232,0.5149999999999993,0.5264000000000013,0.535100000000001,0.5358666666666678,0.5170622710521393,0.5315611863168713,-0.014498915264732015,-0.00887058683994177,-0.01125665684958049,21.036499531697643,26.57708223778125,9.955334119530427
900953,2019-01-03,0.509,0.509,0.519,0.509,0.512,120200,61740.0,0.0,,,0.005893909626719061,0.5123999999999993,0.5239000000000014,0.5331000000000011,0.5349333333333346,0.5156159078943852,0.530299174296428,-0.014683266402042872,-0.010531352429113513,-0.008303827945858717,22.154414321944795,25.102859599169097,16.25752376749619
900953,2019-01-04,0.512,0.506,0.528,0.506,0.527,202401,105702.0,0.0,,,0.029296875000000024,0.5127999999999994,0.5229000000000015,0.531950000000001,0.5344000000000013,0.5188685056388465,0.5300863243418198,-0.011217818702973337,-0.01072748565021632,-0.000980666105514033,35.602942881296535,28.602887359878242,49.603053924133114
900953,2019-01-07,0.527,0.53,0.537,0.523,0.536,182500,96956.0,0.0,,,0.01707779886148009,0.5189999999999995,0.5223000000000015,0.5316000000000011,0.5341333333333347,0.5237632183134617,0.5304678518036379,-0.006704633490176137,-0.009578099318776267,0.00574693165720026,52.79512431402676,36.666966344594414,85.05144025289144
900953,2019-01-08,0.536,0.528,0.535,0.528,0.528,140300,74349.0,0.0,,,-0.014925373134328368,0.5223999999999994,0.5212000000000016,0.530750000000001,0.5341666666666679,0.5249737273667584,0.5303086355582419,-0.005334908191483523,-0.008365758996692627,0.006061701610418208,59.270823616758655,44.20158543531583,89.4092999796443
900953,2019-01-09,0.528,0.535,0.537,0.53,0.535,180800,96618.0,0.0,,,0.013257575757575768,0.5275999999999994,0.5213000000000017,0.5304000000000011,0.5343666666666679,0.5278383766905417,0.5306113042319037,-0.002772927541362047,-0.006767807152312461,0.007989759221900828,70.06943796672809,52.82420294578659,104.55990800861109
900953,2019-01-10,0.535,0.539,0.539,0.53,0.535,92400,49239.0,0.0,,,0.0,0.5321999999999995,0.5223000000000015,0.5300500000000011,0.534566666666668,0.5298845547789583,0.5308944458943615,-0.001009891115403172,-0.005122688284624093,0.008225594338441842,76.44268837421512,60.69703142192943,107.93400227878651
900953,2019-01-11,0.535,0.53,0.537,0.528,0.537,74200,39483.0,0.0,,,0.0037383177570093494,0.5341999999999995,0.5235000000000015,0.5296500000000012,0.5345333333333345,0.5319175391278274,0.5312883526108544,0.0006291865169729682,-0.0034792954841677895,0.008216964002281515,82.49332378100827,67.96246220828904,111.55504692644675
900953,2019-01-14,0.537,0.537,0.5379999999999999,0.531,0.535,61200,32675.0,0.0,,,-0.0037243947858473033,0.5339999999999995,0.5265000000000015,0.5290500000000011,0.5346000000000012,0.5327982422341624,0.5315278137327347,0.0012704285014276673,-0.002122231488283373,0.0067853199794220805,84.72527891706858,73.55006777788222,107.0757011954413
900953,2019-01-15,0.535,0.534,0.539,0.527,0.5379999999999999,121400,64631.0,0.0,,,0.0056074766355138144,0.5359999999999994,0.5292000000000016,0.5292000000000011,0.5345000000000012,0.5342844587386874,0.5319453741370744,0.0023390846016129174,-0.0008475697483130041,0.0063733086998518425,88.80675160127794,78.63562905234745,109.1489966991389
900953,2019-01-16,0.5379999999999999,0.5329999999999999,0.5379999999999999,0.523,0.525,167153,88363.0,0.0,,,-0.02416356877323402,0.5339999999999994,0.5308000000000016,0.5286000000000011,0.5336666666666677,0.5316317562419195,0.5314972854830696,0.00013447075884986948,-0.0005669867462664687,0.0014029150102326763,78.39642025943782,78.55589278804423,78.07747520222497
900953,2019-01-17,0.525,0.5329999999999999,0.5329999999999999,0.521,0.521,130936,68773.0,0.0,,,-0.007619047619047625,0.5311999999999993,0.5317000000000016,0.5278000000000012,0.5326333333333345,0.528594111601371,0.5308200412583555,-0.0022259296569844267,-0.0010409704350430283,-0.0023699184438827968,52.26428017295854,69.792021916349,17.208796686177635
900953,2019-01-18,0.521,0.531,0.531,0.518,0.526,205836,107939.0,0.0,,,0.009596928982725536,0.5289999999999994,0.5316000000000016,0.5272500000000011,0.5318333333333345,0.5278529368581222,0.5305090708545906,-0.0026561339964684683,-0.0015024457383074397,-0.002307376516322057,47.54126614705172,62.375103326583236,17.8735917879887
900953,2019-01-21,0.526,0.528,0.5379999999999999,0.524,0.528,92800,49470.0,0.0,,,0.0038022813688212962,0.5275999999999994,0.5308000000000016,0.5265500000000011,0.5313333333333344,0.5278949548986587,0.5303471953155848,-0.0024522404169261547,-0.0017738156464842155,-0.0013568495408838783,47.567193304383686,57.439133319183384,27.823313274784283
900953,2019-01-22,0.528,0.526,0.529,0.522,0.526,69400,36379.0,0.0,,,-0.0037878787878787906,0.5251999999999994,0.5306000000000015,0.5259000000000011,0.5307000000000011,0.5273535392133276,0.5300667311016761,-0.0027131918883485096,-0.0020422088584454426,-0.001341966059806134,44.40987490133515,53.09604717990064,27.037530344204185
900953,2019-01-23,0.526,0.521,0.531,0.521,0.525,80000,42218.0,0.0,,,-0.0019011406844106481,0.5251999999999994,0.5296000000000015,0.5254500000000011,0.5301333333333345,0.5266810994380912,0.5297398452241486,-0.0030587457860574707,-0.002332647980620308,-0.0014521956108743258,40.71769437866788,48.96992957948972,24.213223977024185
900953,2019-01-24,0.525,0.536,0.536,0.526,0.53,72900,38666.0,0.0,,,0.009523809523809532,0.5269999999999995,0.5291000000000016,0.525700000000001,0.5297333333333344,0.5276293567414937,0.5297566294032358,-0.0021272726617420634,-0.0022739693180836664,0.000293393312683206,46.19274863339763,48.04420259745903,42.48984070527483
900953,2019-01-25,0.53,0.544,0.544,0.508,0.509,374900,193973.0,0.0,,,-0.039622641509434,0.5235999999999994,0.5263000000000015,0.524900000000001,0.5285333333333344,0.5223066833867812,0.5284174920223819,-0.006110808635600651,-0.003370209123088519,-0.005481199025024264,31.721091681524342,42.6031656254808,9.95694379361143
900953,2019-01-28,0.509,0.51,0.52,0.51,0.515,92200,47361.0,0.0,,,0.011787819253438123,0.5209999999999994,0.5243000000000015,0.5254000000000011,0.5274666666666676,0.5202190595619867,0.5275518473757765,-0.007332787813789876,-0.004502374463288907,-0.005660826701001938,27.628875935831044,37.61173572893088,7.663156349631365
900953,2019-01-29,0.515,0.506,0.515,0.493,0.514,206314,103835.0,0.0,,,-0.0019417475728155359,0.5185999999999995,0.5219000000000016,0.5255500000000011,0.5267666666666676,0.5184421854014191,0.5266775346418554,-0.00823534924043634,-0.005568938685331031,-0.005332821110210618,32.14474081996579,35.78940409260918,24.855414274679006
900953,2019-01-30,0.514,0.502,0.515,0.502,0.508,58650,29644.0,0.0,,,-0.011673151750972771,0.5151999999999994,0.5202000000000016,0.5255000000000011,0.5258000000000009,0.5154587038581565,0.5254725324068971,-0.010013828548740555,-0.006838907217733753,-0.006349842662013605,31.233748781937976,34.270852322385444,25.15954170104304
900953,2019-01-31,0.508,0.491,0.491,0.457,0.457,833100,385698.0,0.0,,,-0.10039370078740156,0.5005999999999995,0.5138000000000015,0.5227500000000009,0.5231333333333342,0.4987562170415404,0.5210549496709682,-0.02229873262942783,-0.011256000192503491,-0.02208546487384868,20.822499187958652,29.78806794424318,2.8913616753895894
900953,2019-02-01,0.457,0.452,0.483,0.428,0.477,650712,299505.0,0.0,,,0.04376367614879654,0.4941999999999995,0.5089000000000016,0.520250000000001,0.5211333333333341,0.4925401550296717,0.5182126948534863,-0.025672539823814622,-0.015375011515735244,-0.020595056616158756,27.9621258954207,29.179420594635687,25.527536496990734
900953,2019-02-11,0.477,0.46,0.495,0.46,0.4920000000000001,372910,180380.0,0.0,,,0.031446540880503165,0.4895999999999995,0.5053000000000015,0.5180500000000011,0.5194666666666674,0.49238582502119405,0.5165215532500357,-0.024135728228841635,-0.01787807343376564,-0.012515309590151992,37.03222186131497,31.797021016862118,47.502623550220676
900953,2019-02-12,0.4920000000000001,0.496,0.5,0.487,0.5,497400,245431.0,0.0,,,0.016260162601625914,0.4867999999999995,0.5027000000000015,0.516650000000001,0.5181666666666674,0.49456130358656714,0.5154556465887431,-0.020894343002175964,-0.018739864739025735,-0.004308956526300457,45.3778030799571,36.32394837122711,63.485512497417076
900953,2019-02-13,0.5,0.4970000000000001,0.504,0.495,0.498,264300,131648.0,0.0,,,-0.0040000000000000036,0.4847999999999996,0.5000000000000016,0.514800000000001,0.5169666666666675,0.4955437882761194,0.5143294758410822,-0.01878568756496285,-0.01875295697500777,-6.546117991015898e-05,50.36681124870702,41.004902663720415,69.09062841868024
900953,2019-02-14,0.498,0.488,0.506,0.487,0.4970000000000001,158900,78952.0,0.0,,,-0.0020080321285139468,0.4927999999999996,0.4967000000000015,0.512900000000001,0.5160333333333341,0.49595984876865673,0.5132114451416576,-0.017251596373000888,-0.018323996803005803,0.0021448008600098295,58.57787416580472,46.86255983108185,82.00850283525045
900953,2019-02-15,0.4970000000000001,0.502,0.502,0.491,0.496,85300,42167.0,0.0,,,-0.0020120724346077592,0.4965999999999996,0.4954000000000015,0.510850000000001,0.5150666666666674,0.49597132054904053,0.5121010293260668,-0.016129708777026297,-0.01769705736701166,0.0031346971799707246,65.10555595727978,52.94355853981449,89.42955079221036
900953,2019-02-18,0.496,0.503,0.513,0.499,0.51,576400,292273.0,0.0,,,0.02822580645161293,0.5001999999999995,0.4949000000000015,0.5096000000000009,0.5152333333333341,0.4999795146778861,0.5119654790469658,-0.011985964369079671,-0.016065316510459664,0.008158704282759985,74.82132849259266,60.23614852407388,103.99168842963019
900953,2019-02-19,0.51,0.51,0.51,0.5,0.502,324000,163510.0,0.0,,,-0.015686274509803942,0.5005999999999995,0.4937000000000015,0.507800000000001,0.5149333333333341,0.50055679619849,0.5113225449149035,-0.010765748716413448,-0.014551154283589315,0.007570811134351735,78.90049350486568,66.45759685100448,103.78628681258809
900953,2019-02-20,0.502,0.498,0.506,0.498,0.502,109100,54559.0,0.0,,,0.0,0.5013999999999994,0.4931000000000014,0.506650000000001,0.5147000000000008,0.5009691401417785,0.5107210904042645,-0.009751950262485987,-0.01317995313470265,0.006856005744433326,81.61993684638104,71.51171018279666,101.83639017354977
900953,2019-02-21,0.502,0.5,0.505,0.494,0.5,431300,214979.0,0.0,,,-0.003984063745019925,0.5019999999999994,0.4974000000000015,0.5056000000000009,0.5143000000000009,0.5006922429584132,0.5100294071523764,-0.009337164193963243,-0.012082013437348533,0.00548969848677058,79.5705239353232,74.19798143363884,90.3156089386919
900953,2019-02-22,0.5,0.503,0.503,0.493,0.502,295416,147552.0,0.0,,,0.0040000000000000036,0.5031999999999994,0.4999000000000014,0.5044000000000011,0.5134666666666675,0.501065887827438,0.5095113808844812,-0.00844549305704323,-0.011043007614404162,0.005195029114721864,72.27778518765136,73.55791601830968,69.7175235263347
900953,2019-02-25,0.502,0.508,0.552,0.506,0.552,2886015,1555983.0,0.0,,,0.0996015936254981,0.5115999999999994,0.5059000000000015,0.5056000000000009,0.5140000000000009,0.5156184913053129,0.5122525821177405,0.0033659091875724023,-0.006926174242410857,0.02058416685996652,81.51852345843425,76.21145183168454,92.13266671193367
900953,2019-02-26,0.552,0.5529999999999999,0.5589999999999999,0.535,0.54,1626663,893315.0,0.0,,,-0.021739130434782625,0.5191999999999994,0.5099000000000015,0.5063000000000011,0.5144000000000009,0.5225846366466521,0.5140427381101443,0.008541898536507775,-0.002506724877005533,0.022097246827026615,78.88271934265991,77.101874335343,82.44440935729372
900953,2019-02-27,0.54,0.55,0.5770000000000001,0.535,0.563,1727600,969350.0,0.0,,,0.042592592592592425,0.5313999999999994,0.5164000000000014,0.5082000000000011,0.5153333333333342,0.5341318833190372,0.5172012711352963,0.016930612183740812,0.0030467999974934236,0.027767624372494776,80.49545630595928,78.23306832554842,85.020232266781
900953,2019-02-28,0.563,0.568,0.5720000000000001,0.545,0.556,1060604,586827.0,0.0,,,-0.012433392539964292,0.5425999999999995,0.5223000000000014,0.5095000000000011,0.5160333333333342,0.5403799166564551,0.5197044149330192,0.020675501723435907,0.008083571919191276,0.025183859608489262,78.66363753730619,78.37659139613434,79.23772981964987
900953,2019-03-01,0.556,0.556,0.5589999999999999,0.544,0.557,338500,186537.0,0.0,,,0.0017985611510791379,0.5535999999999994,0.5284000000000015,0.511900000000001,0.5167000000000008,0.5451285118974679,0.5221105817115341,0.023017930185933788,0.012350531423974851,0.021334797523917873,77.83925042169619,78.1974777379883,77.12279578911199
900953,2019-03-04,0.557,0.557,0.5710000000000001,0.555,0.563,1138714,643600.0,0.0,,,0.010771992818671264,0.5557999999999994,0.5337000000000015,0.5143000000000011,0.5176333333333342,0.5502346513553342,0.5247486086978868,0.025486042657447472,0.016103534633538457,0.01876501604781803,79.67061139224187,78.68852228940615,81.63478959791328
900953,2019-03-05,0.563,0.556,0.5710000000000001,0.54,0.569,1147592,637163.0,0.0,,,0.010657193605683849,0.5615999999999993,0.5404000000000015,0.5170500000000011,0.5186666666666675,0.5555961795395244,0.5276035371689908,0.02799264237053367,0.01950042255839423,0.016984439624278883,83.27247108689136,80.21650522190122,89.38440281687164
900953,2019-03-06,0.569,0.563,0.575,0.562,0.5720000000000001,826801,470127.0,0.0,,,0.005272407732864875,0.5633999999999993,0.5474000000000016,0.5202500000000011,0.5202333333333341,0.5602829853853747,0.5304678250935722,0.029815160291802534,0.022447490482225173,0.01473533961915472,86.86418707380058,82.43239917253435,95.72776287633306
900953,2019-03-07,0.5720000000000001,0.5720000000000001,0.5720000000000001,0.555,0.565,665900,377236.0,0.0,,,-0.012237762237762441,0.5651999999999993,0.5539000000000016,0.5256500000000011,0.5217000000000007,0.5616307038466962,0.5326957073455998,0.028934996501096433,0.024301063630474105,0.009267865741244656,85.60898856563226,83.49126230356698,89.8444410897628
900953,2019-03-08,0.565,0.5589999999999999,0.565,0.544,0.545,942900,522280.0,0.0,,,-0.035398230088495415,0.5627999999999993,0.5582000000000016,0.529050000000001,0.5223333333333341,0.5568790741762116,0.5334895326781418,0.02338954149806982,0.024040628735501453,-0.001302174474863263,65.00916698026278,77.33056386246558,40.36637321585718
900953,2019-03-11,0.545,0.5429999999999999,0.56,0.5379999999999999,0.5589999999999999,554396,305689.0,0.0,,,0.02568807339449523,0.5619999999999994,0.5589000000000016,0.5324000000000011,0.5233666666666674,0.5574850529830083,0.535135369279552,0.022349683703456358,0.023557501583488568,-0.0024156357600644204,62.38706370112748,72.34939714201955,42.462396819343326
900953,2019-03-12,0.5589999999999999,0.5589999999999999,0.57,0.552,0.561,835400,470671.0,0.0,,,0.0035778175313061046,0.5603999999999993,0.5610000000000016,0.5354500000000011,0.5245333333333342,0.5584893235592917,0.5368040551324842,0.021685268426807514,0.023022577824436837,-0.0026746187952586473,62.312096521472476,69.00363026850387,48.92902902740968
900953,2019-03-13,0.561,0.557,0.563,0.55,0.551,445280,247088.0,0.0,,,-0.017825311942959016,0.5561999999999994,0.5598000000000016,0.538100000000001,0.5254000000000008,0.5563495168280654,0.5377199225432917,0.01862959428477373,0.021767439670247375,-0.006275690770947286,53.25310939269346,63.75345664323373,32.252414891612915
900953,2019-03-14,0.551,0.546,0.5579999999999999,0.544,0.55,594686,326668.0,0.0,,,-0.001814882032667878,0.5531999999999994,0.5592000000000017,0.5407500000000011,0.5260666666666675,0.5545353691629039,0.5385121856050148,0.01602318355788912,0.020126223638145015,-0.008206080160511789,46.31288373927322,57.93993234191356,23.05878653399253
900953,2019-03-15,0.55,0.55,0.5670000000000001,0.55,0.5579999999999999,650600,363581.0,0.0,,,0.014545454545454356,0.5557999999999994,0.5593000000000016,0.543850000000001,0.5277000000000008,0.5555252636877885,0.5397694639530783,0.015755799734710196,0.018877531094306496,-0.0062434627191925995,48.893273844200166,54.92437950934243,36.83106251391564
900953,2019-03-18,0.5579999999999999,0.563,0.563,0.5529999999999999,0.562,306700,171399.0,0.0,,,0.007168458781362215,0.5563999999999993,0.5592000000000017,0.546450000000001,0.5292666666666676,0.5573751883484204,0.5412036920851377,0.016171496263282625,0.018104378285442535,-0.0038657640443198193,54.21713751775517,54.68863217881334,53.27414819563883
900953,2019-03-19,0.562,0.562,0.5720000000000001,0.5579999999999999,0.568,617000,350590.0,0.0,,,0.010676156583629704,0.5577999999999993,0.5591000000000016,0.5497500000000011,0.5310666666666676,0.5604108488203002,0.5429324861441611,0.017478362676139114,0.017925516682784418,-0.0008943080132906081,65.55652305105237,58.311262469559686,80.04704421403774
900953,2019-03-20,0.568,0.574,0.574,0.561,0.569,438900,249625.0,0.0,,,0.0017605633802816921,0.5613999999999992,0.5588000000000016,0.5531000000000008,0.5331000000000009,0.5628648920145002,0.5446142612316346,0.018250630782865596,0.018018406425664754,0.0004644487144016829,72.40805240440528,63.010192447841554,91.20377231753274
900953,2019-03-21,0.569,0.5720000000000001,0.626,0.57,0.62,3449411,2114887.0,0.0,,,0.08963093145869956,0.5753999999999992,0.5643000000000017,0.5591000000000008,0.5385333333333342,0.5791892085817858,0.5494778572812066,0.029711351300579225,0.021359247818497462,0.016704206964163526,79.33264099687625,68.45100863085311,101.09590572892253
900953,2019-03-22,0.62,0.622,0.628,0.608,0.613,1462375,898783.0,0.0,,,-0.011290322580645171,0.5863999999999993,0.5711000000000016,0.5646500000000008,0.5430666666666676,0.5888494347012756,0.5535760600372578,0.03527337466401781,0.02533471263150328,0.01987732406502906,80.2693797122032,72.39046565796981,96.02720782066999
900953,2019-03-25,0.613,0.607,0.6679999999999999,0.602,0.625,1415700,893233.0,0.0,,,0.019575856443719432,0.5989999999999993,0.5777000000000017,0.5683000000000008,0.5475000000000009,0.5991781676437684,0.5581840561638862,0.04099411147988219,0.029808826588182968,0.022370569783398443,75.28711335652258,73.35601489082073,79.14931028792628
900953,2019-03-26,0.625,0.633,0.644,0.614,0.616,825214,515962.0,0.0,,,-0.014400000000000012,0.6085999999999994,0.5832000000000016,0.5721000000000007,0.5513666666666676,0.6039844054598346,0.5619141170565387,0.04207028840329585,0.03331210139250094,0.01751637402158983,69.5462476140258,72.08609246522242,64.46655791163258
900953,2019-03-27,0.616,0.616,0.626,0.61,0.611,410300,252977.0,0.0,,,-0.008116883116883125,0.6169999999999993,0.5892000000000015,0.5745000000000007,0.5551333333333341,0.605988861042739,0.5650809482141814,0.04090791282855755,0.03548233323137426,0.010851159194366577,63.595803494096295,69.2559961415137,52.27541819926148
900953,2019-03-28,0.611,0.611,0.619,0.598,0.607,718776,437133.0,0.0,,,-0.0065466448445171905,0.6143999999999993,0.5949000000000015,0.5770500000000007,0.5588000000000009,0.6062777578876707,0.5677854031681052,0.03849235471956547,0.036342339370857464,0.00430003069741601,58.04937624244102,65.52045617515614,43.107216377010786
900953,2019-03-29,0.607,0.611,0.645,0.601,0.64,1253551,789615.0,0.0,,,0.054365733113673854,0.6197999999999994,0.6031000000000015,0.5812000000000007,0.5636000000000009,0.6159126842054791,0.5724444094153243,0.043468274790154804,0.03837832091922813,0.010179907741853345,63.54806901011222,64.86299378680816,60.91821945672035
900953,2019-04-01,0.64,0.645,0.654,0.64,0.647,994900,644478.0,0.0,,,0.01093750000000001,0.6241999999999994,0.6116000000000016,0.5854000000000007,0.5681666666666675,0.6247947744324851,0.5772544475175614,0.047540326914923714,0.0409960369179983,0.013088579993850824,69.15665659864182,66.29421472408605,74.88154034775337
900953,2019-04-02,0.647,0.647,0.647,0.628,0.64,520000,332473.0,0.0,,,-0.010819165378670798,0.6289999999999993,0.6188000000000016,0.5889500000000008,0.5727666666666675,0.6291391245946322,0.5813025476777187,0.047836576916913454,0.04295047691768834,0.00977219999845022,69.9139615419517,67.50079699670793,74.74029063243924
900953,2019-04-03,0.64,0.638,0.644,0.63,0.644,613669,389441.0,0.0,,,0.006250000000000006,0.6355999999999995,0.6263000000000016,0.5925500000000007,0.5775000000000008,0.6333850889961659,0.5853475446017369,0.04803754439442898,0.04440392476818567,0.00726723925248661,68.51406959939641,67.83855453093743,69.86509973631436
900953,2019-04-04,0.644,0.649,0.649,0.623,0.625,818005,515903.0,0.0,,,-0.029503105590062136,0.6391999999999994,0.6268000000000016,0.5955500000000007,0.5816666666666674,0.6309893492829756,0.587905767530657,0.04308358175231852,0.044026683906509344,-0.001886204308381642,58.533189256740485,64.73676610620511,46.126035557811235
900953,2019-04-08,0.625,0.625,0.63,0.606,0.613,571274,352759.0,0.0,,,-0.019200000000000016,0.6337999999999994,0.6268000000000017,0.5989500000000006,0.5853666666666675,0.6258495352021254,0.5895247502706147,0.0363247849315107,0.04182614134222402,-0.011002712821426633,47.95069759973175,59.14140993738065,25.569272924433946
900953,2019-04-09,0.613,0.613,0.622,0.611,0.618,258656,159382.0,0.0,,,0.008156606851549763,0.6279999999999994,0.6261000000000017,0.6019000000000008,0.5875666666666675,0.623606810858661,0.5913618631563815,0.03224494770227948,0.03908865744509701,-0.013687419485635052,43.8718936379164,54.051571170892565,23.512538571964072
900953,2019-04-10,0.618,0.618,0.62,0.604,0.619,246700,151791.0,0.0,,,0.0016181229773462795,0.6237999999999994,0.6264000000000017,0.6048000000000007,0.5902000000000008,0.6222905791847578,0.5931449687591955,0.029145610425562296,0.036247786868087085,-0.014204352885049579,41.747929091944265,49.950357144576465,25.34307298667987
900953,2019-04-11,0.619,0.616,0.618,0.603,0.608,348129,212011.0,0.0,,,-0.017770597738287576,0.6165999999999994,0.6261000000000017,0.6076500000000007,0.5917000000000009,0.6182075565605413,0.5941033578715056,0.024104198689035683,0.03277819024550097,-0.01734798311293058,32.23446845123328,44.045060913462066,8.613283526775717
900953,2019-04-12,0.608,0.615,0.615,0.607,0.615,219300,133892.0,0.0,,,0.011513157894736852,0.6145999999999994,0.6269000000000017,0.6109000000000007,0.5936666666666675,0.617291111828958,0.5954515283314085,0.021839583497549553,0.029652874031800565,-0.015626581068502024,29.332782889057484,39.14096823866054,9.716412189851368
900953,2019-04-15,0.615,0.622,0.622,0.6,0.6,441700,270065.0,0.0,,,-0.024390243902439046,0.6119999999999994,0.6229000000000017,0.6130000000000007,0.5951000000000009,0.6123507941635414,0.5957449781164789,0.01660581604706257,0.02592514317901828,-0.018638654263911418,19.55518859270499,32.612375023342025,-6.5591842685690835
900953,2019-04-16,0.6,0.595,0.625,0.595,0.623,327800,200823.0,0.0,,,0.03833333333333337,0.6129999999999994,0.6205000000000017,0.6160500000000007,0.597100000000001,0.6153934244025296,0.5975033666250932,0.017890057777436463,0.023629404492852047,-0.011478693430831167,30.32074301242061,31.84849768636822,27.265233664525397
900953,2019-04-17,0.623,0.623,0.627,0.615,0.626,252850,157400.0,0.0,,,0.004815409309791336,0.6143999999999995,0.6191000000000018,0.6189500000000007,0.599000000000001,0.6184238745732354,0.5993418591008935,0.019082015472341896,0.022330150486992006,-0.00649627002930022,39.34963114408288,34.348875505606436,49.35114242103576
900953,2019-04-18,0.626,0.618,0.625,0.613,0.615,201398,124144.0,0.0,,,-0.017571884984025576,0.6157999999999995,0.6162000000000017,0.6212500000000007,0.6004333333333344,0.6174456246951682,0.6003520617395456,0.017093562955622588,0.020833982620886458,-0.00748083933052774,45.280706477007634,37.99281916274017,59.85648110554256
900953,2019-04-19,0.615,0.614,0.619,0.613,0.618,82700,50968.0,0.0,,,0.004878048780487809,0.6163999999999994,0.6155000000000018,0.6211500000000008,0.602200000000001,0.6176040176394059,0.6014906384015104,0.016113379237895464,0.019485238797174745,-0.006743719118558561,54.14547098467176,43.37703643671737,75.68234008058054
900953,2019-04-22,0.618,0.615,0.615,0.6,0.606,245600,148558.0,0.0,,,-0.01941747572815536,0.6175999999999994,0.6148000000000018,0.6208000000000008,0.6042333333333343,0.6142885840281471,0.6017815649562517,0.012507019071895442,0.01749146173280923,-0.009968885321827575,47.555313989781176,44.76979562107197,53.12635072719958
900953,2019-04-23,0.606,0.583,0.606,0.583,0.591,398151,235201.0,0.0,,,-0.024752475247524768,0.6111999999999993,0.6121000000000018,0.6191000000000008,0.605300000000001,0.607634702877248,0.6010859801203644,0.006548722756883563,0.014364964882544753,-0.01563248425132238,37.76414872046018,42.434579987534704,28.423286186311117
900953,2019-04-24,0.591,0.591,0.605,0.589,0.604,308356,183883.0,0.0,,,0.02199661590524537,0.6067999999999993,0.6106000000000018,0.6185000000000007,0.6067333333333342,0.6065962163408913,0.6012739814029215,0.005322234937969794,0.011781327755523336,-0.012918185635107084,41.08519005606436,41.98478334371126,39.286003480770574
900953,2019-04-25,0.604,0.596,0.603,0.583,0.59,368300,216606.0,0.0,,,-0.023178807947019892,0.6017999999999993,0.6088000000000018,0.6174500000000007,0.6080333333333343,0.6018544402434938,0.6005466277640233,0.0013078124794704271,0.008788894819508218,-0.014962164680075583,32.69315700707321,38.88757456483191,20.304321891555816
900953,2019-04-26,0.59,0.591,0.591,0.579,0.579,219300,128153.0,0.0,,,-0.018644067796610188,0.5939999999999993,0.6052000000000017,0.6160500000000008,0.609000000000001,0.5953246001739241,0.5991565227469897,-0.003831922573065638,0.005182946993058544,-0.018029739132248365,21.795438004715475,33.190195711459765,-0.9940774087731086
900953,2019-04-29,0.579,0.581,0.596,0.57,0.579,562400,325530.0,0.0,,,0.0,0.5885999999999993,0.6031000000000017,0.6130000000000008,0.6097000000000009,0.5906604286956602,0.5978561019246033,-0.0071956732289431,0.001646198358200931,-0.01768374317428806,19.793449897880492,28.72461377360001,1.93112214644146
900953,2019-04-30,0.579,0.58,0.597,0.58,0.591,383500,226336.0,0.0,,,0.02072538860103629,0.5885999999999993,0.5999000000000018,0.6102000000000007,0.6106666666666676,0.5907574490683287,0.5974137727681772,-0.0066563236998484765,-0.0007259508012417573,-0.011860745797213438,25.922905992526392,27.7907111799088,22.18729561776157
900953,2019-05-06,0.591,0.5920000000000001,0.5920000000000001,0.532,0.54,954900,527890.0,0.0,,,-0.08629441624365472,0.5757999999999994,0.5913000000000017,0.6052000000000006,0.6097333333333342,0.5762553207630919,0.5937096583960368,-0.017454337632944905,-0.005505489896014086,-0.023897695473861637,20.34707142796779,25.309497929261795,10.422218425379782
900953,2019-05-07,0.54,0.547,0.5539999999999999,0.5379999999999999,0.546,356600,195047.0,0.0,,,0.01111111111111112,0.5669999999999995,0.5844000000000017,0.6003000000000006,0.6089666666666675,0.5676109434022085,0.5906316159188731,-0.02302067251666462,-0.010509827787628524,-0.02502168945807219,19.187204245151225,23.268733367891603,11.024145999670473
900953,2019-05-08,0.546,0.5429999999999999,0.5660000000000001,0.5429999999999999,0.545,174650,95957.0,0.0,,,-0.0018315018315018328,0.5601999999999995,0.5771000000000017,0.5963000000000006,0.6064666666666676,0.5611506738587203,0.5876876406983007,-0.0265369668395804,-0.01508901037390049,-0.02289591293135982,18.647325352623348,21.72826402946885,12.485447998932344
900953,2019-05-09,0.545,0.5489999999999999,0.5489999999999999,0.544,0.545,170600,93111.0,0.0,,,0.0,0.5533999999999996,0.5710000000000017,0.5929000000000006,0.604200000000001,0.5565361956133716,0.5849335993629264,-0.028397403749554795,-0.018891408481230294,-0.019011990536649002,18.36762329444297,20.60805045112689,13.886768981075136
900953,2019-05-10,0.545,0.563,0.563,0.546,0.56,543500,302740.0,0.0,,,0.027522935779816536,0.5471999999999996,0.5679000000000017,0.5900000000000006,0.6020333333333343,0.5575258540095512,0.5833249800491892,-0.025799126039637965,-0.020865042069346768,-0.009868167940582394,25.390622102398623,22.2022410015508,31.76738430409427
900953,2019-05-13,0.56,0.556,0.562,0.5479999999999999,0.55,91328,50455.0,0.0,,,-0.01785714285714287,0.5491999999999996,0.5625000000000017,0.5865500000000007,0.5998333333333343,0.5553756100068223,0.5811749813363384,-0.02579937132951604,-0.02227485042939513,-0.007049041800241823,26.157850632368326,23.520777545156644,31.431996806791695
900953,2019-05-14,0.55,0.55,0.56,0.534,0.55,58000,31835.0,0.0,,,0.0,0.5499999999999995,0.5585000000000017,0.5836500000000007,0.597800000000001,0.5538397214334445,0.579163692217865,-0.025323970784420502,-0.023146027673688094,-0.004355886221464815,26.6693363190148,24.570297136442694,30.86741468415901
900953,2019-05-15,0.55,0.552,0.557,0.5479999999999999,0.5529999999999999,185800,102363.0,0.0,,,0.005454545454545257,0.5515999999999994,0.5559000000000017,0.5805500000000007,0.5960000000000011,0.553599801023889,0.577475712074777,-0.023875911050888043,-0.02335456578145951,-0.001042690538857069,28.548788315240596,25.89646086270866,33.85344322030446
900953,2019-05-16,0.5529999999999999,0.545,0.551,0.545,0.545,54800,29991.0,0.0,,,-0.014466546112115546,0.5515999999999994,0.5525000000000018,0.5778000000000006,0.5928333333333344,0.5511427150170635,0.5753805048441463,-0.0242377898270828,-0.023606915508780447,-0.0012617486366047065,26.25474776571595,26.01588983037776,26.73246363639234
900953,2019-05-17,0.545,0.5429999999999999,0.551,0.519,0.529,302300,160330.0,0.0,,,-0.029357798165137637,0.5453999999999994,0.5463000000000017,0.5731000000000007,0.5889000000000011,0.5448162250121882,0.5723882142090401,-0.027571989196851887,-0.024739793705372288,-0.0056643909829591985,24.595363758704252,25.542381139819923,22.70132899647291
900953,2019-05-20,0.529,0.528,0.528,0.508,0.521,159900,82179.0,0.0,,,-0.01512287334593574,0.5395999999999994,0.5444000000000017,0.5678500000000007,0.5849333333333344,0.5380115892944201,0.5690728455503923,-0.031061256255972225,-0.026545925862686556,-0.009030660786571339,23.868173540285596,24.984311939975147,21.635896740906496
900953,2019-05-21,0.521,0.52,0.525,0.515,0.521,204100,106169.0,0.0,,,0.0,0.5337999999999994,0.5419000000000016,0.5631500000000008,0.5808333333333345,0.5331511352103001,0.5659713716439154,-0.03282023643361531,-0.02833858602580906,-0.008963300815612509,23.790903572311624,24.586509150753972,22.19969241542693
900953,2019-05-22,0.521,0.518,0.52,0.503,0.515,156200,79535.0,0.0,,,-0.011516314779270644,0.5261999999999994,0.5389000000000016,0.5580000000000008,0.5771666666666679,0.5279650965787858,0.5626828960539855,-0.03471779947519971,-0.030161218439920673,-0.009113162070558067,22.52726904820776,23.90009578323857,19.781615578146145
900953,2019-05-23,0.515,0.502,0.512,0.499,0.5,241600,121346.0,0.0,,,-0.02912621359223304,0.5171999999999994,0.5344000000000017,0.5527000000000009,0.5734000000000012,0.519975068984847,0.5586388382440509,-0.038663769259203895,-0.032590518674001596,-0.012146501170404597,15.54727989457237,21.115823820349835,4.410192043017439
900953,2019-05-24,0.5,0.5,0.5,0.482,0.49,250434,122726.0,0.0,,,-0.02000000000000001,0.5093999999999994,0.5274000000000016,0.5476500000000009,0.5691333333333346,0.511410763560605,0.5542105260992735,-0.04279976253866846,-0.03550744549247784,-0.01458463409238124,13.783656681851665,18.671768107517114,4.0074338305207675
900953,2019-05-27,0.49,0.506,0.506,0.49,0.5,257534,127961.0,0.0,,,0.02040816326530614,0.5051999999999994,0.5224000000000018,0.5424500000000009,0.5651666666666679,0.5081505454004321,0.5507130728025461,-0.04256252740211397,-0.03752318318094531,-0.010078688442337322,17.18910445456778,18.177546889867333,15.212219583968668
900953,2019-05-28,0.5,0.498,0.503,0.481,0.481,315500,154995.0,0.0,,,-0.037999999999999916,0.4971999999999994,0.5155000000000017,0.5370000000000009,0.5609333333333346,0.5003932467145943,0.5462154552023819,-0.04582220848778762,-0.03989433326861454,-0.011855750438346163,11.459402969711853,15.93816558314884,2.5018777428378804
900953,2019-05-29,0.481,0.488,0.5,0.481,0.4920000000000001,257400,126113.0,0.0,,,0.022869022869022888,0.4925999999999994,0.5094000000000017,0.5326500000000011,0.5568333333333347,0.49799517622471023,0.5427176838990024,-0.0447225076742922,-0.04127381167023673,-0.006897392008110945,12.877697217903192,14.91800946140029,8.797072730908997
900953,2019-05-30,0.4920000000000001,0.487,0.489,0.47,0.48,449900,215254.0,0.0,,,-0.02439024390243916,0.4885999999999994,0.5029000000000018,0.5277000000000011,0.5528333333333346,0.4928536973033645,0.53867138171197,-0.04581768440860556,-0.04257206102405639,-0.006491246769098347,14.332257915383737,14.72275894606144,13.551255854028334
900953,2019-05-31,0.48,0.47,0.481,0.468,0.476,359900,170272.0,0.0,,,-0.008333333333333227,0.4857999999999994,0.4976000000000018,0.521950000000001,0.5479333333333346,0.4880383552166889,0.5346280667628106,-0.04658971154612168,-0.04371996117321791,-0.005739500745807549,14.233201183355211,14.559573025159365,13.580457499746903
900953,2019-06-03,0.476,0.47,0.476,0.462,0.469,267300,124929.0,0.0,,,-0.014705882352941303,0.4795999999999993,0.4924000000000018,0.5184000000000011,0.5427000000000013,0.48259882515477776,0.5303939979394034,-0.047795172784625695,-0.04488430734790585,-0.005821730873439693,13.511789294650574,14.210311781656435,12.114744320638852
900953,2019-06-04,0.469,0.463,0.47,0.454,0.459,258000,118780.0,0.0,,,-0.021321961620469104,0.4751999999999994,0.4862000000000018,0.514050000000001,0.5375000000000013,0.47585630368198417,0.5257879335562161,-0.04993162987423194,-0.04632639949828473,-0.007210460751894424,11.881422748157858,13.434015437156908,8.776237370159755
900953,2019-06-05,0.459,0.462,0.468,0.453,0.466,263201,121520.0,0.0,,,0.015250544662309504,0.4699999999999994,0.4813000000000018,0.510100000000001,0.5324333333333346,0.47304021691570297,0.5219306475203312,-0.04889043060462828,-0.04705897981438289,-0.0036629015804907766,16.097049127702732,14.321693334005516,19.647760715097164
900953,2019-06-06,0.466,0.46,0.464,0.455,0.459,150400,68728.0,0.0,,,-0.015021459227467943,0.4657999999999994,0.4772000000000018,0.5058000000000009,0.5275333333333347,0.4690287263683593,0.517870605744826,-0.048841879376466724,-0.04756837968926398,-0.002546999374405487,14.504950990795535,14.38277921960219,14.749294533182226
900953,2019-06-10,0.459,0.456,0.474,0.456,0.473,229600,107495.0,0.0,,,0.03050108932461876,0.4651999999999994,0.4755000000000018,0.5014500000000011,0.5236000000000014,0.47016337597739943,0.5149757279548373,-0.044812351977437825,-0.046780943200170795,0.003937182445465939,23.00330066053034,17.25628636657824,34.49732924843453
900953,2019-06-11,0.473,0.473,0.494,0.473,0.488,363600,176819.0,0.0,,,0.03171247357293872,0.4689999999999994,0.4743000000000018,0.4983500000000009,0.5197333333333348,0.475259554269571,0.5132353584093639,-0.037975804139792846,-0.04426518918291995,0.012578770086254215,40.15822880914788,24.89026718076812,70.69415206590739
900953,2019-06-12,0.488,0.485,0.489,0.481,0.481,144000,69517.0,0.0,,,-0.014344262295081869,0.4733999999999994,0.4743000000000018,0.4949000000000009,0.5161000000000016,0.4768996816211222,0.5111556578668243,-0.03425597624570209,-0.041405414058000564,0.014298875624596946,49.53638018170833,33.105638181081524,82.39786418296195
900953,2019-06-13,0.481,0.481,0.495,0.474,0.491,208100,101682.0,0.0,,,0.02079002079002069,0.4783999999999994,0.4742000000000018,0.4918000000000008,0.5131666666666682,0.4809283440150873,0.5098552928431582,-0.028926948828070953,-0.03784013827802067,0.017826378899899437,63.182983613202374,43.131419991788476,103.28611085603018
900953,2019-06-14,0.491,0.484,0.494,0.484,0.484,53300,26002.0,0.0,,,-0.014256619144602863,0.4833999999999993,0.4746000000000018,0.4887500000000008,0.5100000000000015,0.48180596001077663,0.5081872094339223,-0.026381249423145625,-0.03456617003377065,0.016369841221250056,66.72516367864284,50.996001220739934,98.18348859444866
900953,2019-06-17,0.484,0.481,0.488,0.479,0.479,73300,35262.0,0.0,,,-0.010330578512396705,0.4845999999999994,0.4749000000000018,0.4862500000000008,0.5062666666666682,0.48100425715055467,0.5063041636639918,-0.02529990651343711,-0.03191866617081821,0.013237519314762206,65.11836308734918,55.70345517627635,83.94817890949486
900953,2019-06-18,0.479,0.479,0.48,0.475,0.475,90200,43027.0,0.0,,,-0.008350730688935291,0.4819999999999994,0.4755000000000018,0.4839500000000007,0.5041000000000014,0.4792887551075391,0.5042845402017987,-0.024995785094259593,-0.02994070014894432,0.009889830109369453,60.872559518550226,57.426489957034306,67.76469864158207
900953,2019-06-19,0.475,0.482,0.49,0.482,0.484,212800,103434.0,0.0,,,0.01894736842105265,0.4825999999999994,0.4780000000000018,0.4821000000000007,0.5020333333333348,0.48063482507681365,0.5029758601887794,-0.022341035111965724,-0.02776936728123615,0.01085666433854085,64.74837301236681,59.86711764214514,74.51088375281016
900953,2019-06-20,0.484,0.483,0.512,0.481,0.504,593100,295399.0,0.0,,,0.04132231404958681,0.4851999999999994,0.4818000000000018,0.4815500000000006,0.5006666666666681,0.4873105893405812,0.5030419337249872,-0.015731344384405987,-0.024329932167856103,0.01719717556690023,71.73701057967311,63.82374862132113,87.56353449637709
900953,2019-06-21,0.504,0.51,0.539,0.51,0.516,1057150,553281.0,0.0,,,0.023809523809523832,0.4915999999999994,0.4875000000000019,0.4823500000000006,0.4997000000000015,0.4955075638147009,0.5038779380007944,-0.008370374186093488,-0.019770058458781065,0.022799368545375155,69.54184543695379,65.72978089319868,77.16597452446402
900953,2019-06-24,0.516,0.52,0.522,0.511,0.517,156600,80731.0,0.0,,,0.0019379844961240327,0.4991999999999994,0.4919000000000019,0.4837000000000006,0.4982666666666681,0.5016482598676435,0.5047245226459044,-0.0030762627782608964,-0.015000402550061017,0.02384827954360024,68.41251234258458,66.62402470966065,71.98948760843243
900953,2019-06-25,0.517,0.517,0.517,0.5,0.508,385336,194422.0,0.0,,,-0.017408123791102532,0.5057999999999994,0.493900000000002,0.4841000000000006,0.4968666666666681,0.5034630427626025,0.5049358437655235,-0.0014728010029210203,-0.011135373536592446,0.019325145067342852,63.04423899762049,65.43076280564726,58.27119138156695
900953,2019-06-26,0.508,0.508,0.515,0.5,0.508,366300,184798.0,0.0,,,0.0,0.5105999999999994,0.496600000000002,0.4854500000000006,0.495466666666668,0.5047593162590017,0.505133531264522,-0.000374215005520262,-0.008060756813428964,0.015373083615817403,59.21699266508032,63.359506092124946,50.93196581099107
900953,2019-06-27,0.508,0.501,0.513,0.501,0.505,290250,147597.0,0.0,,,-0.005905511811023627,0.5107999999999994,0.498000000000002,0.4861000000000006,0.4938666666666681,0.5048280830421441,0.5051249163442303,-0.00029683330208618575,-0.005842492953045313,0.011091319301918255,55.10299511005354,60.60733576476781,44.094313800625
900953,2019-06-28,0.505,0.508,0.509,0.501,0.504,215900,108526.0,0.0,,,-0.001980198019801982,0.5083999999999993,0.500000000000002,0.4873000000000006,0.4925000000000014,0.5045914878872458,0.5050523410962154,-0.0004608532089696027,-0.00430488159759511,0.007688056777251014,51.83949674003569,57.68472275652377,40.149044707059545
900953,2019-07-01,0.504,0.507,0.522,0.507,0.521,673750,347990.0,0.0,,,0.03373015873015876,0.5091999999999993,0.504200000000002,0.4895500000000005,0.4922333333333347,0.5092796342051755,0.5060812223158144,0.003198411889361097,-0.0021610834584647647,0.010718990695651723,57.548170240483564,57.63920525117703,57.36610021909664
900953,2019-07-02,0.521,0.525,0.525,0.512,0.516,90600,46647.0,0.0,,,-0.009596928982725536,0.5107999999999994,0.508300000000002,0.4919000000000006,0.492066666666668,0.5111997387179825,0.5067211434567296,0.004478595261252938,-0.0002640323956882779,0.009485255313882432,58.480389355724675,57.91959995269291,59.60196816178821
900953,2019-07-03,0.516,0.518,0.518,0.509,0.509,140900,71927.0,0.0,,,-0.013565891472868227,0.5109999999999993,0.510800000000002,0.4944000000000006,0.491666666666668,0.5105712419414161,0.5068681664595213,0.0037030754818948575,0.0008694269979069038,0.005667296967975907,46.679233929457475,54.1728112782811,31.692079231810226
900953,2019-07-04,0.509,0.516,0.516,0.505,0.505,157900,80249.0,0.0,,,-0.007858546168958749,0.5109999999999993,0.5109000000000019,0.4963500000000007,0.4913333333333347,0.5089794585295829,0.5067476395911651,0.00223181893841784,0.0012586818380528858,0.0019462742007299084,37.78615595297165,48.71059283651129,15.937282185892357
900953,2019-07-05,0.505,0.501,0.511,0.501,0.508,65400,33127.0,0.0,,,0.005940594059405946,0.5117999999999994,0.510100000000002,0.4988000000000007,0.4916000000000013,0.5086996132354163,0.5068284370368964,0.0018711761985199526,0.001433680226757762,0.0008749919435243813,35.8574373019811,44.42620765833456,18.719896589274185
900953,2019-07-08,0.508,0.502,0.507,0.49,0.499,299101,148495.0,0.0,,,-0.017716535433070883,0.5073999999999994,0.5083000000000019,0.5001000000000007,0.4919000000000013,0.5059282951681545,0.506323376582903,-0.00039508141474853264,0.0009111769006131063,-0.002612516630723278,32.4763867727493,40.44293402980614,16.54329225863563
900953,2019-07-09,0.499,0.491,0.501,0.491,0.499,100400,49635.0,0.0,,,0.0,0.5039999999999993,0.5074000000000018,0.5006500000000007,0.4918666666666681,0.5039487822629675,0.5058509006743287,-0.001902118411361231,0.00010737824004900982,-0.004018993302820482,30.22235308659477,37.036073715402345,16.59491182897962
900953,2019-07-10,0.499,0.495,0.5,0.49,0.493,65200,32158.0,0.0,,,-0.012024048096192395,0.5007999999999994,0.5059000000000019,0.5012500000000008,0.4922666666666681,0.5008205587592625,0.505021810308243,-0.004201251548980545,-0.001123658842530863,-0.006155185412899363,23.00537824820604,32.35917522633691,4.297784291944296
900953,2019-07-11,0.493,0.5,0.5,0.487,0.493,136700,67480.0,0.0,,,0.0,0.4983999999999994,0.5047000000000019,0.5013500000000007,0.4923000000000014,0.4985861133994732,0.5042462096431951,-0.005660096243721935,-0.002419783814299741,-0.006480624858844388,20.600076726874203,28.439475726516008,4.92127872759059
900953,2019-07-12,0.493,0.502,0.502,0.493,0.5,120300,59759.0,0.0,,,0.01419878296146046,0.4967999999999994,0.5043000000000019,0.5021500000000008,0.492966666666668,0.49899008099962366,0.5039722606339567,-0.0049821796343330615,-0.0031518969057378328,-0.0036605654571904575,25.136893256512625,27.338614903181547,20.733449963174785
900953,2019-07-15,0.5,0.493,0.501,0.493,0.501,32700,16254.0,0.0,,,0.0020000000000000018,0.4971999999999993,0.502300000000002,0.5032500000000008,0.4938000000000013,0.49956434357115975,0.5037805018833789,-0.004216158312219109,-0.003455971593303912,-0.0015203734378303945,31.811692278535293,28.82964069496613,37.77579544567362
900953,2019-07-16,0.501,0.501,0.501,0.494,0.498,110300,54696.0,0.0,,,-0.005988023952095814,0.4969999999999993,0.5005000000000019,0.5044000000000007,0.49476666666666796,0.49911738826511415,0.5034075662779995,-0.004290178012885393,-0.0036943162846129066,-0.0011917234565449724,33.851473013276404,30.503584801069554,40.547249437690105
900953,2019-07-17,0.498,0.495,0.502,0.495,0.502,65110,32570.0,0.0,,,0.008032128514056233,0.4987999999999994,0.4998000000000019,0.5053000000000007,0.4962000000000014,0.49994099161793865,0.5033167555503867,-0.0033757639324480393,-0.0036033013268515156,0.00045507478880695267,43.40098200885094,34.80271720366335,60.59751161922611
900953,2019-07-18,0.502,0.495,0.503,0.495,0.499,38610,19307.0,0.0,,,-0.005976095617529886,0.4999999999999994,0.4992000000000018,0.5050500000000009,0.4973000000000014,0.49967213686995615,0.5030382551922972,-0.0033661183223410163,-0.0035355347541342302,0.0003388328635864279,48.93398800590063,39.51314080440911,67.77568240888367
900953,2019-07-19,0.499,0.5,0.503,0.498,0.501,53600,26844.0,0.0,,,0.004008016032064131,0.5001999999999993,0.4985000000000019,0.5043000000000009,0.4987000000000014,0.500051526335683,0.5029067548573103,-0.00285522852162734,-0.003341161544846547,0.0009718660464384139,61.78932533726709,46.93853564869511,91.49090471441104
900953,2019-07-22,0.501,0.504,0.504,0.498,0.5,70200,35067.0,0.0,0.0,0.0,-0.0019960079840319377,0.4999999999999994,0.4986000000000019,0.5034500000000008,0.4996000000000013,0.5000368045254878,0.502719222285871,-0.002682417760383138,-0.003152949034999859,0.000941062549233442,66.68307963660943,53.520050311333215,93.00913828716189
900953,2019-07-23,0.5,0.4920000000000001,0.498,0.4920000000000001,0.496,28600,14208.0,0.0,0.0,0.0,-0.008000000000000007,0.4995999999999993,0.4983000000000019,0.5028500000000008,0.4998666666666681,0.49888343180391986,0.5022857240738793,-0.003402292269959417,-0.0032241899592740184,-0.0003562046213707974,62.1024452479357,56.38084862353404,73.54563849673902
900953,2019-07-24,0.496,0.502,0.504,0.494,0.503,60100,30083.0,0.0,0.0,0.0,0.014112903225806463,0.4997999999999994,0.4993000000000019,0.5026000000000008,0.5006000000000014,0.500059594145657,0.5023318063916935,-0.0022722122460364647,-0.002952196326920432,0.0013599681617679346,71.957185720846,61.5729609893047,92.72563518392862
900953,2019-07-25,0.503,0.498,0.504,0.498,0.5,97400,48834.0,0.0,0.0,0.0,-0.005964214711729627,0.4999999999999994,0.5000000000000019,0.5023500000000009,0.5009000000000013,0.5000425672468979,0.5021813672696488,-0.0021388000227509085,-0.002719797382871996,0.0011619947202421753,70.1936793694528,64.4465337826874,81.68797054298358
900953,2019-07-26,0.5,0.498,0.5,0.4970000000000001,0.5,53400,26606.0,0.0,0.0,0.0,0.0,0.4997999999999994,0.5000000000000019,0.5021500000000009,0.5014333333333347,0.5000304051763557,0.5020406338974134,-0.0020102287210577163,-0.0025170634794964876,0.0010136695168775425,69.01800846852399,65.97035867796626,75.11330804963944
900953,2019-07-29,0.5,0.494,0.503,0.494,0.496,32850,16306.0,0.0,0.0,0.0,-0.008000000000000007,0.4989999999999994,0.4995000000000018,0.5009000000000008,0.5020000000000014,0.49887886084025407,0.5016509155814513,-0.002772054741197183,-0.002589918125696686,-0.00036427323100099353,57.123116756793564,63.021278037575364,45.326794195229965
900953,2019-07-30,0.496,0.495,0.501,0.495,0.5,105200,52378.0,0.0,0.0,0.0,0.008064516129032265,0.4997999999999994,0.4997000000000018,0.5001000000000009,0.5028333333333348,0.4991991863144672,0.5015444048987769,-0.0023452185843097495,-0.0025200039710147042,0.00034957077340990947,60.30430006008449,62.11561871174507,56.68166275676333
900953,2019-07-31,0.5,0.496,0.496,0.483,0.484,223900,108806.0,0.0,0.0,0.0,-0.03200000000000003,0.4959999999999994,0.4979000000000018,0.4988500000000008,0.5028333333333348,0.49485656165319086,0.5004125078085333,-0.005555946155342439,-0.0033874160236797715,-0.004337060263325336,41.79016829402458,55.3404685725049,14.689567737063939
900953,2019-08-01,0.484,0.476,0.486,0.476,0.48,96400,46063.0,0.0,0.0,0.0,-0.008264462809917363,0.4919999999999994,0.4960000000000018,0.4976000000000008,0.5020333333333348,0.4906118297522792,0.499095571820886,-0.008483742068606803,-0.004843509179373209,-0.007280465778467188,32.62201695792115,47.76765136764365,2.330748138476139
900953,2019-08-02,0.48,0.47,0.52,0.463,0.475,133000,63456.0,0.0,0.0,0.0,-0.010416666666666676,0.4869999999999994,0.4934000000000017,0.4959500000000007,0.5006666666666681,0.48615130696591363,0.4975410188001836,-0.011389711834269955,-0.0067138527950579945,-0.009351718078423922,28.76555516492986,41.43361930007239,3.4294268946448057
900953,2019-08-05,0.475,0.47,0.477,0.456,0.458,336700,156405.0,0.0,0.0,0.0,-0.035789473684210565,0.4793999999999994,0.4892000000000018,0.4939000000000007,0.4987000000000015,0.47810807640422404,0.494989985329204,-0.016881908924979983,-0.009619011689321421,-0.014525794471317122,20.218703443286575,34.361980681143784,-8.06785103242784
900953,2019-08-06,0.458,0.452,0.452,0.436,0.447,279600,124193.0,0.0,0.0,0.0,-0.0240174672489082,0.4687999999999994,0.4843000000000018,0.4913000000000006,0.4966666666666682,0.46922005457444577,0.4918938572434489,-0.02267380266900315,-0.013348951969230489,-0.018649701399545325,17.844214993937083,28.85605878540822,-4.179472589005194
900953,2019-08-07,0.447,0.456,0.456,0.441,0.442,152700,68033.0,0.0,0.0,0.0,-0.011185682326621932,0.4603999999999995,0.4782000000000018,0.4887500000000006,0.4944666666666682,0.4614428961246041,0.4886748987116135,-0.02723200258700942,-0.017315537860024467,-0.019832929453969902,14.27709571024377,23.99640442702007,-5.16152172330883
900953,2019-08-08,0.442,0.449,0.452,0.444,0.448,90900,40671.0,0.0,0.0,0.0,0.013574660633484049,0.4539999999999994,0.4730000000000018,0.4865000000000007,0.4925666666666682,0.4576020686604315,0.48605071169796105,-0.02844864303752953,-0.020496425053597344,-0.015904435967864373,14.279968568733944,20.75759247425803,1.3247207576857747
900953,2019-08-09,0.448,0.44,0.455,0.44,0.448,98400,43750.0,0.0,0.0,0.0,0.0,0.4485999999999993,0.4678000000000019,0.4839000000000007,0.4907000000000015,0.4548586204717368,0.48359582707228616,-0.028737206600549348,-0.0228509340670122,-0.011772545067074293,14.281883807727395,18.599022918747817,5.647605585686549
900953,2019-08-12,0.448,0.442,0.454,0.442,0.454,113900,51219.0,0.0,0.0,0.0,0.013392857142857156,0.4477999999999994,0.4636000000000019,0.4815500000000007,0.4884666666666682,0.4546133003369548,0.48168641887407415,-0.027073118537119356,-0.024057272487042817,-0.0060316921001530785,16.66411301467541,17.954052950723682,14.084233142578874
900953,2019-08-13,0.454,0.442,0.453,0.442,0.447,128700,57457.0,0.0,0.0,0.0,-0.015418502202643063,0.4477999999999994,0.4583000000000019,0.4790000000000007,0.4861666666666682,0.4524380716692535,0.4794485853983274,-0.027010513729073926,-0.024901055699051707,-0.004218916060044438,15.474488041529641,17.12753131432567,12.168401495937587
900953,2019-08-14,0.447,0.447,0.462,0.447,0.45,69100,31056.0,0.0,0.0,0.0,0.00671140939597316,0.44939999999999947,0.4549000000000019,0.4764000000000007,0.4842000000000015,0.45174147976375245,0.4775486766629515,-0.025807196899199025,-0.02515995318480808,-0.0012944874287818889,15.871880916575321,16.70898118174222,14.197680386241522
900953,2019-08-15,0.45,0.44,0.447,0.43,0.447,182100,80198.0,0.0,0.0,0.0,-0.006666666666666672,0.4491999999999995,0.4516000000000019,0.4738000000000006,0.4822666666666681,0.4503867712598232,0.4755777942975998,-0.025191023037776594,-0.025168830285656228,-4.438550424073345e-05,22.637991533036043,18.68531796550683,30.54333866809447
900953,2019-08-16,0.447,0.45,0.454,0.449,0.452,243100,109580.0,0.0,0.0,0.0,0.011185682326621932,0.44999999999999946,0.449300000000002,0.4713500000000006,0.4804000000000014,0.4508476937570165,0.47405664627839983,-0.02320895252138333,-0.024608865210149686,0.0027998253775327123,38.00866102202403,25.126432317679228,63.77311843071363
900953,2019-08-19,0.452,0.455,0.467,0.455,0.467,232601,107376.0,0.0,0.0,0.0,0.03318584070796463,0.4525999999999994,0.4502000000000019,0.4697000000000006,0.4793333333333347,0.455462638397869,0.47360137877656755,-0.01813874037869856,-0.022760258115449364,0.00924303547350161,58.67244068134935,36.30843510556927,103.40045183290952
900953,2019-08-20,0.467,0.46,0.468,0.447,0.454,257400,117273.0,0.0,0.0,0.0,-0.02783725910064254,0.4539999999999994,0.4509000000000019,0.4676000000000006,0.4778333333333347,0.45504474171276355,0.4723367736942083,-0.017292031981444744,-0.021197907791448044,0.0078117516200066,60.16759203318026,44.26148741477294,91.97980126999492
900953,2019-08-21,0.454,0.45,0.452,0.44,0.446,151200,67483.0,0.0,0.0,0.0,-0.01762114537444923,0.4531999999999995,0.4513000000000018,0.4647500000000006,0.4762666666666681,0.4524605297948311,0.4706376270042594,-0.018177097209428283,-0.020334819053728113,0.004315443688599659,54.146815741418415,47.5565968569881,67.32725351027905
900953,2019-08-22,0.446,0.445,0.451,0.445,0.45,146400,65763.0,0.0,0.0,0.0,0.008968609865470859,0.4537999999999995,0.4515000000000018,0.4622500000000006,0.4748333333333346,0.4517575212820222,0.469306167197533,-0.017548645915510808,-0.019538769585666027,0.003980247340310439,53.641736810068416,49.58497684134821,61.75525674750884
900953,2019-08-23,0.45,0.444,0.452,0.444,0.449,148850,66286.0,0.0,0.0,0.0,-0.002222222222222224,0.4531999999999995,0.4516000000000018,0.4597000000000006,0.4731333333333347,0.4509696580585873,0.46799609189446634,-0.01702643383587904,-0.018820959371441175,0.003589051071124269,52.427824540045606,50.532592740914005,56.21828813830881
900953,2019-08-26,0.449,0.441,0.445,0.438,0.438,137400,60477.0,0.0,0.0,0.0,-0.024498886414254042,0.44739999999999946,0.4500000000000018,0.4568000000000006,0.4710333333333347,0.4472640414704194,0.46606086015933945,-0.018796818688920025,-0.018814062033577987,3.4486689315924024e-05,41.96942688634619,47.678204122724736,30.55187241358911
900953,2019-08-27,0.438,0.441,0.45,0.441,0.448,143101,63898.0,0.0,0.0,0.0,0.022831050228310525,0.4461999999999994,0.4501000000000018,0.4542000000000006,0.4693666666666681,0.4474743153360139,0.464895643374866,-0.017421328038852102,-0.018416138035084878,0.001989619992465552,43.76909160844132,46.3751666179636,38.55694158939676
900953,2019-08-28,0.448,0.448,0.448,0.443,0.445,44100,19706.0,0.0,0.0,0.0,-0.006696428571428454,0.4459999999999994,0.4496000000000018,0.4522500000000006,0.4674666666666681,0.4467673680971528,0.46361205347971335,-0.016844685382560565,-0.017967151562935074,0.002244932360749019,36.957172183405326,43.235835139777514,24.399846270660944
900953,2019-08-29,0.445,0.449,0.456,0.444,0.455,384352,173882.0,0.0,0.0,0.0,0.022471910112359567,0.44699999999999934,0.4504000000000018,0.4510000000000006,0.4660000000000014,0.44911954864082343,0.4630564371261835,-0.013936888485360066,-0.01681564782648507,0.00575751868225001,43.527003677825775,43.33289131912693,43.915228395223465
900953,2019-08-30,0.455,0.457,0.457,0.445,0.451,137250,61868.0,0.0,0.0,0.0,-0.008791208791208798,0.4473999999999994,0.4503000000000018,0.44980000000000064,0.4643333333333348,0.44965682045773103,0.46227860247288133,-0.012621782015150296,-0.015617400451817991,0.005991236873335391,43.462446896328295,43.37607651152738,43.63518766593013
900953,2019-09-02,0.451,0.449,0.459,0.447,0.455,260900,118208.0,0.0,0.0,0.0,0.008869179600886925,0.4507999999999994,0.4491000000000018,0.4496500000000007,0.4628333333333348,0.45118344318409365,0.4618090152165664,-0.010625572032472774,-0.0141911637605765,0.007131183456207453,55.95909158167918,47.57041486824465,72.73644500854824
900953,2019-09-03,0.455,0.448,0.455,0.448,0.45,103700,46949.0,0.0,0.0,0.0,-0.010989010989011,0.4511999999999994,0.4487000000000019,0.44980000000000064,0.4613000000000014,0.4508453165600669,0.46104714326711055,-0.01020182670704367,-0.013051353173852835,0.005699052933618328,56.35368010207183,50.49816994618704,68.06470041384141
900953,2019-09-04,0.45,0.446,0.453,0.445,0.45,99000,44326.0,0.0,0.0,0.0,0.0,0.4521999999999995,0.4491000000000019,0.4502000000000006,0.4595333333333347,0.45060379754290486,0.4603344243466518,-0.009730626803746922,-0.012102574210965432,0.00474389481443702,56.61673911566694,52.537693002680335,64.77483134164014
900953,2019-09-05,0.45,0.455,0.472,0.449,0.46,615100,285703.0,0.0,0.0,0.0,0.02222222222222224,0.4531999999999995,0.4501000000000019,0.4508000000000006,0.4582000000000014,0.4532884268163606,0.46031284858235166,-0.007024421765991051,-0.010651673512401323,0.007254503492820544,59.31312019475839,54.796168733373015,68.34702311752913
900953,2019-09-06,0.46,0.461,0.47,0.461,0.465,181800,84341.0,0.0,0.0,0.0,0.010869565217391313,0.4559999999999994,0.4517000000000019,0.4516500000000006,0.4570333333333347,0.45663459058311473,0.46061524544800636,-0.003980654864891631,-0.008745668184541412,0.009530026639299562,65.3485317427422,58.31362306982941,79.41834908856778
900953,2019-09-09,0.465,0.465,0.4920000000000001,0.465,0.491,576778,279300.0,0.0,0.0,0.0,0.05591397849462358,0.4631999999999994,0.4570000000000019,0.4535000000000006,0.456866666666668,0.46645327898793904,0.46257555219329627,0.0038777267946427663,-0.0051389839047745025,0.018033421398834536,76.21874905298452,64.28199839754778,100.092250363858
900953,2019-09-10,0.491,0.498,0.507,0.487,0.5,683226,340972.0,0.0,0.0,0.0,0.018329938900203683,0.4731999999999994,0.4622000000000018,0.4561500000000006,0.456866666666668,0.4760380564199565,0.4649900326969546,0.011048023723001898,-0.000514124582552673,0.02312429661110914,80.44212899828598,69.66870859779385,101.98896979927025
900953,2019-09-11,0.5,0.5,0.502,0.4920000000000001,0.498,266378,132625.0,0.0,0.0,0.0,-0.0040000000000000036,0.4827999999999994,0.4675000000000018,0.4585500000000006,0.4573333333333346,0.48231289744282607,0.4671197080068285,0.015193189435997567,0.003973679422747396,0.02243902002650034,82.1227096547713,73.820042283453,98.72804439740787
900953,2019-09-12,0.498,0.493,0.499,0.493,0.498,233900,115895.0,0.0,0.0,0.0,0.0,0.4903999999999994,0.4718000000000019,0.4611000000000006,0.4579333333333346,0.48679492674487573,0.46911198490961376,0.01768294183526198,0.007890611540608706,0.019584660589306545,83.24309675909484,76.96106044200029,95.80716939328394
900953,2019-09-16,0.498,0.498,0.5,0.493,0.494,31100,15374.0,0.0,0.0,0.0,-0.008032128514056233,0.4961999999999994,0.4761000000000018,0.4632000000000006,0.458566666666668,0.4888535191034827,0.4707176633025419,0.018135855800940792,0.010817824186417874,0.014636063229045836,81.83948386090192,78.58720158163418,88.34404841943743
900953,2019-09-17,0.494,0.493,0.493,0.48,0.482,292810,141849.0,0.0,0.0,0.0,-0.02429149797570841,0.4943999999999994,0.4788000000000019,0.4639500000000005,0.4593666666666679,0.48689537078820194,0.4714455559927005,0.015449814795501449,0.012141250074727468,0.006617129441547961,74.4521290255475,77.20884406293862,68.93869895076529
900953,2019-09-18,0.482,0.482,0.487,0.48,0.483,70850,34144.0,0.0,0.0,0.0,0.0020746887966803843,0.4909999999999995,0.4821000000000018,0.4654000000000005,0.46056666666666796,0.48578240770585845,0.4721910039931714,0.013591403712687078,0.012555579685573071,0.0020716480542280133,69.1749825687558,74.53089023154435,58.463167243178674
900953,2019-09-19,0.483,0.488,0.488,0.473,0.485,135800,65079.0,0.0,0.0,0.0,0.0041407867494824046,0.4883999999999995,0.4856000000000018,0.4673500000000005,0.4620000000000013,0.4855588626470418,0.47301739083232164,0.012541471814720151,0.012551548865329379,-2.015410121845515e-05,63.50795939366326,70.85657995225066,48.81071827648847
900953,2019-09-20,0.485,0.479,0.494,0.479,0.494,289760,141685.0,0.0,0.0,0.0,0.018556701030927845,0.4875999999999994,0.4890000000000018,0.4695500000000005,0.4635333333333346,0.4879706161764584,0.47437110755281703,0.013599508623641399,0.012850965939132812,0.0014970853690171732,65.3545126116485,69.02255750538326,58.018422824179
900953,2019-09-23,0.494,0.491,0.498,0.484,0.49,320250,158268.0,0.0,0.0,0.0,-0.008097165991902841,0.4867999999999995,0.4915000000000019,0.4716000000000006,0.4649333333333346,0.48855044012604176,0.47537942319457077,0.013171016931470991,0.012942409079800864,0.0004572157033402545,60.236341741099004,66.09381891728852,48.52138738871997
900953,2019-09-24,0.49,0.49,0.4970000000000001,0.489,0.491,86400,42585.0,0.0,0.0,0.0,0.002040816326530614,0.4885999999999996,0.4915000000000019,0.4742500000000005,0.4661666666666679,0.4892503143757441,0.4763872023433081,0.012863112032436008,0.012919752780553764,-0.00011328149623551081,60.84721633314646,64.34495138924116,53.85174622095707
900953,2019-09-25,0.491,0.487,0.493,0.485,0.49,171650,83807.0,0.0,0.0,0.0,-0.0020366598778004093,0.4899999999999996,0.4905000000000019,0.4763500000000005,0.4676000000000013,0.48946451026838866,0.4772654473534173,0.01219906291497136,0.012713841390387363,-0.0010295569508320078,61.552465209751965,63.41412266274477,57.829150303766355
900953,2019-09-26,0.49,0.486,0.4920000000000001,0.48,0.49,230700,112043.0,0.0,0.0,0.0,0.0,0.4909999999999996,0.4897000000000019,0.4786000000000005,0.4689333333333346,0.48961750733456333,0.4780870313951323,0.011530475939431017,0.012375736975828408,-0.0016905220727947805,62.02263112748896,62.95029215099283,60.16730908048122
900953,2019-09-27,0.49,0.491,0.494,0.482,0.493,102618,50407.0,0.0,0.0,0.0,0.0061224489795918425,0.4907999999999996,0.4892000000000019,0.4805000000000005,0.470466666666668,0.4905839338104024,0.479049158401898,0.011534775408504394,0.01213546224230726,-0.0012013736676057332,68.01508741832596,64.63855724010388,74.76814777477014
900953,2019-09-30,0.493,0.493,0.503,0.4920000000000001,0.496,265500,132042.0,0.0,0.0,0.0,0.006085192697768768,0.4919999999999997,0.4894000000000019,0.4827500000000005,0.4719333333333347,0.4921313812931446,0.4801427610856465,0.01198862020749808,0.012093507375218924,-0.0002097743354416877,70.89894716777286,66.7253538826602,79.24613373799818
900953,2019-10-08,0.496,0.498,0.502,0.4920000000000001,0.502,331310,164648.0,0.0,0.0,0.0,0.012096774193548395,0.4941999999999996,0.491400000000002,0.4851000000000005,0.4731000000000014,0.49495098663796044,0.4815529055317338,0.013398081106226645,0.012466242726935415,0.0018636767585824589,79.48818700073747,70.97963158868596,96.50529782484048
