SecurityID,DateTime,PreClosePx,OpenPx,HighPx,LowPx,LastPx,Volume,Amount,IOPV,fp_Volume,fp_Amount,UpRate,Mean5,Mean10,Mean20,Mean30,EMA12,EMA26,DIF,DEA,MACD
600213,2014-01-02,5.88,5.81,5.9,5.81,5.88,666222,3914676.0,0.0,,,0.0,,,,,5.88,5.88,0.0,0.0,0.0
600213,2014-01-03,5.88,5.87,5.92,5.77,5.79,455005,2645117.0,0.0,,,-0.015306122448979569,,,,,5.83125,5.833269230769231,-0.0020192307692310507,-0.001121794871795028,-0.0017948717948720453
600213,2014-01-06,5.79,5.72,5.82,5.66,5.7,750302,4284924.0,0.0,,,-0.015544041450777176,,,,,5.780023094688222,5.785386890093642,-0.005363795405420646,-0.0028603196806579858,-0.0050069514495253205
600213,2014-01-07,5.7,5.6,5.73,5.6,5.73,562520,3202813.0,0.0,,,0.005263157894736885,,,,,5.76423275862069,5.769903136007272,-0.0056703773865827145,-0.003812236247705658,-0.0037162822777541127
600213,2014-01-08,5.73,5.79,5.79,5.65,5.66,371993,2121425.0,0.0,,,-0.012216404886562005,5.752000000000002,,,,5.735913090628895,5.74441614546083,-0.008503054831935586,-0.005207648725165774,-0.006590812213539623
600213,2014-01-09,5.66,5.66,5.75,5.6,5.61,747211,4240697.0,0.0,,,-0.008833922261484068,5.698000000000001,,,,5.705309585342989,5.717493663589743,-0.012184078246754382,-0.007098649007494197,-0.010170858478520369
600213,2014-01-10,5.61,5.8,5.8,5.57,5.61,407953,2286054.0,0.0,,,0.0,5.662000000000003,,,,5.684041584836495,5.698376472752688,-0.014334887916192862,-0.008929948029998152,-0.010809879772389421
600213,2014-01-13,5.61,5.61,5.62,5.49,5.55,706960,3927074.0,0.0,,,-0.010695187165775487,5.6320000000000014,,,,5.656069172078293,5.6744693464716525,-0.01840017439335906,-0.011205821512760013,-0.014388705761198092
600213,2014-01-14,5.55,5.61,5.61,5.56,5.61,604775,3375291.0,0.0,,,0.010810810810810902,5.608000000000002,,,,5.646955050102358,5.66491357403305,-0.01795852393069186,-0.012765729271631714,-0.010385589318120295
600213,2014-01-15,5.61,5.59,5.61,5.56,5.59,395801,2210514.0,0.0,,,-0.003565062388591883,5.594000000000002,5.672999999999999,,,5.636162090243222,5.654576229926924,-0.01841413968370187,-0.014031301093709864,-0.00876567717998401
600213,2014-01-16,5.59,5.66,5.66,5.57,5.58,497932,2786848.0,0.0,,,-0.0017889087656529138,5.588000000000003,5.643,,,5.6258857818923556,5.644903669279619,-0.019017887387263066,-0.015122337681703986,-0.00779109941111816
600213,2014-01-17,5.58,5.58,5.67,5.57,5.6,346635,1940879.0,0.0,,,0.0035842293906809273,5.586000000000002,5.6240000000000006,,,5.621283374851282,5.639386545987925,-0.018103171136643503,-0.015762495696496806,-0.0046813508802933945
600213,2014-01-20,5.6,5.6,5.6,5.5,5.58,746248,4134248.0,0.0,,,-0.0035714285714284954,5.592000000000002,5.612,,,5.6141150126430315,5.632429422837202,-0.01831441019417035,-0.01630256946547387,-0.004023681457392958
600213,2014-01-21,5.58,5.6,5.61,5.55,5.6,424636,2369674.0,0.0,,,0.0035842293906809273,5.5900000000000025,5.598999999999998,,,5.611711676656984,5.628787212717595,-0.017075536060610297,-0.01646427465389896,-0.0012225228134226732
600213,2014-01-22,5.6,5.56,5.74,5.56,5.72,1187124,6726193.0,0.0,,,0.02142857142857145,5.616000000000001,5.605,,,5.62985182464834,5.6386542020051404,-0.008802377356800228,-0.014876013212967122,0.012147271712333787
600213,2014-01-23,5.72,5.73,5.77,5.68,5.72,974017,5562151.0,0.0,,,0.0,5.644000000000003,5.6160000000000005,,,5.644749521403439,5.647163640715182,-0.0024141193117435122,-0.012311448349191994,0.019794658074896963
600213,2014-01-24,5.72,5.73,6.1,5.72,5.95,6839936,40813697.0,0.0,,,0.040209790209790285,5.714000000000002,5.65,,,5.694625399664104,5.677904175812898,0.016721223851205558,-0.00637115028844831,0.046184748279307734
600213,2014-01-27,5.95,6.05,6.27,5.93,6.25,10192172,62172785.0,0.0,,,0.050420168067226864,5.8480000000000025,5.7200000000000015,,,5.784511723216467,5.734426234608425,0.050085488608042184,0.005127315434632993,0.08991634634681839
600213,2014-01-28,6.25,6.21,6.26,6.07,6.08,4192002,25774079.0,0.0,,,-0.027199999999999988,5.944000000000003,5.767,,,5.831956290380315,5.767744546007176,0.06421174437313937,0.0171169906522295,0.09418950744181973
600213,2014-01-29,6.08,6.06,6.15,6.06,6.1,1993267,12186386.0,0.0,,,0.003289473684210457,6.020000000000002,5.8180000000000005,5.745499999999999,,5.874707105148702,5.799078760713387,0.07562834443531496,0.028955753046367924,0.09334518277789408
600213,2014-01-30,6.1,6.14,6.17,6.05,6.08,1091831,6663929.0,0.0,,,-0.003278688524590094,6.092000000000002,5.867999999999999,5.7555,,5.907265849773188,5.825046352825616,0.08221949694757136,0.03970767076382638,0.08502365236748996
600213,2014-02-07,6.08,6.05,6.32,6.05,6.29,5107250,31737690.0,0.0,,,0.034539473684210516,6.160000000000003,5.937000000000001,5.780499999999999,,5.96767917795016,5.867250397014373,0.10042878093578711,0.051942167449914096,0.09697322697174603
600213,2014-02-10,6.29,6.36,6.66,6.32,6.55,9594455,62479251.0,0.0,,,0.04133545310015895,6.220000000000002,6.0340000000000025,5.822999999999999,,6.05923035052394,5.928206135631721,0.13102421489221872,0.06785249493493344,0.12634343991457056
600213,2014-02-11,6.55,6.52,6.65,6.44,6.49,5921352,38668519.0,0.0,,,-0.009160305343511392,6.302000000000003,6.123000000000001,5.860999999999999,,6.126727414707783,5.977611724593832,0.14911569011395098,0.08418224905426358,0.1298668821193748
600213,2014-02-12,6.49,6.5,6.6,6.3,6.4,4741893,30194513.0,0.0,,,-0.013867488443759608,6.362000000000004,6.191000000000002,5.897999999999999,,6.169424946601279,6.014249518969681,0.15517542763159842,0.09843472911704755,0.11348139702910173
600213,2014-02-13,6.4,6.37,6.5,6.3,6.34,3299263,21170112.0,0.0,,,-0.009375000000000078,6.414000000000003,6.253000000000003,5.934499999999999,,6.1960126958298805,6.042151593987507,0.15386110184237367,0.10955360841277724,0.08861498685919286
600213,2014-02-14,6.34,6.33,6.51,6.3,6.43,2795942,17979821.0,0.0,,,0.014195583596214487,6.442000000000005,6.301,5.975499999999999,,6.232410882409757,6.074992333197674,0.15741854921208276,0.11914979873714446,0.0765375009498766
600213,2014-02-17,6.43,6.43,6.45,6.3,6.45,2871772,18303291.0,0.0,,,0.003110419906687475,6.422000000000006,6.3210000000000015,6.020499999999998,,6.2662004453922115,6.1064127345080745,0.159787710884137,0.12729313266517228,0.06498915643792946
600213,2014-02-18,6.45,6.41,6.49,6.32,6.34,2207877,14030732.0,0.0,,,-0.017054263565891518,6.392000000000006,6.347000000000001,6.057,,6.277644297739545,6.125795835004696,0.15184846273484887,0.1322118099635676,0.03927330554256253
600213,2014-02-19,6.34,6.38,6.41,6.3,6.38,2260374,14378155.0,0.0,,,0.006309148264984233,6.388000000000009,6.375000000000001,6.096499999999999,5.955333333333333,6.293496908644567,6.146703523461073,0.14679338518349372,0.13513173970549225,0.02332329095600294
600213,2014-02-20,6.38,6.36,6.5,6.33,6.33,1982348,12705935.0,0.0,,,-0.007836990595611257,6.386000000000006,6.400000000000001,6.134,5.9703333333333335,6.299144596166321,6.161657000073277,0.1374875960930435,0.13560337807101588,0.0037684360440552456
600213,2014-02-21,6.33,6.3,6.4,6.25,6.39,1611282,10151865.0,0.0,,,0.009478672985781929,6.3780000000000046,6.410000000000001,6.1735,5.990333333333334,6.313189322395741,6.180146612145731,0.13304271025000958,0.13509083843107572,-0.004096256362132289
600213,2014-02-24,6.39,6.38,6.75,6.36,6.67,7447958,48852220.0,0.0,,,0.043818466353677664,6.422000000000006,6.4220000000000015,6.228,6.022666666666668,6.36830565925033,6.21953972915731,0.14876593009302042,0.13782759138672812,0.02187667741258459
600213,2014-02-25,6.67,6.65,6.73,6.37,6.51,4347553,28444455.0,0.0,,,-0.02398800599700152,6.456000000000006,6.424000000000002,6.2735,6.0486666666666675,6.390179468153011,6.24275076175677,0.14742870639624162,0.13974878855132636,0.015359835689830514
600213,2014-02-26,6.51,6.46,6.84,6.4,6.8,7239427,48285589.0,0.0,,,0.04454685099846392,6.5400000000000045,6.464000000000001,6.3275000000000015,6.086666666666668,6.453411449150352,6.287022802326419,0.16638864682393262,0.14507892236499262,0.04261944891788
600213,2014-02-27,6.8,6.75,7.09,6.7,6.85,10343224,71193711.0,0.0,,,0.007352941176470562,6.6440000000000055,6.5150000000000015,6.3839999999999995,6.127999999999999,6.514574580793337,6.331510862926569,0.18306371786676756,0.15267834761983992,0.06077074049385528
600213,2014-02-28,6.85,6.78,6.98,6.66,6.9,7069995,48290678.0,0.0,,,0.007299270072992805,6.746000000000005,6.562,6.4315000000000015,6.171,6.573993699029622,6.376213270630409,0.19778042839921373,0.16170110621777087,0.07215864436288572
600213,2014-03-03,6.9,6.95,6.98,6.76,6.84,6682293,45832150.0,0.0,,,-0.008695652173913116,6.780000000000004,6.601000000000001,6.461000000000001,6.214,6.614989494020273,6.412517008299382,0.20247248572089127,0.16985707604705585,0.06523081934767083
600213,2014-03-04,6.84,6.84,6.84,6.6,6.65,3766341,25114290.0,0.0,,,-0.02777777777777771,6.808000000000003,6.6320000000000014,6.489500000000001,6.248666666666666,6.6203837139775725,6.431028616130111,0.18935509784746163,0.1737573284477222,0.03119553879947884
600213,2014-03-05,6.65,6.65,6.75,6.61,6.7,2415460,16096971.0,0.0,,,0.007518796992481177,6.788000000000006,6.6640000000000015,6.519500000000002,6.285666666666666,6.632647740978526,6.451913786213782,0.18073395476474374,0.17515283920632338,0.011162231116840726
600213,2014-03-06,6.7,6.68,6.68,6.52,6.6,2119710,13961753.0,0.0,,,-0.014925373134328438,6.738000000000005,6.691000000000002,6.5455,6.319666666666665,6.627619680419663,6.463371476278642,0.16424820414102115,0.17297168025265938,-0.01744695222327647
600213,2014-03-07,6.6,6.6,6.66,6.54,6.6,1780710,11720135.0,0.0,,,0.0,6.678000000000006,6.7120000000000015,6.561,6.352999999999998,6.623366683179381,6.473907918956677,0.14945876422270477,0.16826869696109695,-0.037619865476784364
600213,2014-03-10,6.6,6.59,6.62,6.39,6.56,2955766,19357956.0,0.0,,,-0.0060606060606060675,6.622000000000004,6.7010000000000005,6.5615,6.3856666666666655,6.613610556433788,6.480526976044022,0.13308358038976653,0.1612311946992455,-0.056295228618957915
600213,2014-03-11,6.56,6.55,6.74,6.5,6.72,3683538,24539672.0,0.0,,,0.024390243902439046,6.636000000000005,6.722,6.572999999999999,6.422999999999997,6.629988683600033,6.49888691060723,0.13110177299280235,0.15520498225974366,-0.04820641853388263
600213,2014-03-12,6.72,6.67,6.82,6.55,6.72,2357204,15703471.0,0.0,,,0.0,6.640000000000005,6.7139999999999995,6.588999999999999,6.456333333333332,6.643844109208866,6.5157953639631145,0.12804874524575105,0.14977349828245254,-0.04344950607340298
600213,2014-03-13,6.72,6.69,6.82,6.67,6.77,4957096,33398362.0,0.0,,,0.007440476190476164,6.674000000000005,6.706,6.610499999999999,6.4913333333333325,6.663261638034975,6.535187860903019,0.12807377713195667,0.14543340282209868,-0.03471925138028403
600213,2014-03-14,6.77,6.71,6.75,6.57,6.58,1505995,9980041.0,0.0,,,-0.028064992614475558,6.6700000000000035,6.674,6.6179999999999986,6.512333333333332,6.650447168491063,6.5385988942187865,0.11184827427227617,0.13871618986356588,-0.05373583118257941
600213,2014-03-17,6.58,6.58,6.62,6.5,6.6,1397792,9204276.0,0.0,,,0.003039513677811485,6.6780000000000035,6.649999999999999,6.6255,6.523999999999999,6.6426835092131125,6.543263119267121,0.09942038994599134,0.13085685461101806,-0.06287292933005345
600213,2014-03-18,6.6,6.63,6.78,6.57,6.63,2482773,16581767.0,0.0,,,0.0045454545454545825,6.6600000000000055,6.647999999999998,6.639999999999999,6.542333333333333,6.640731656271848,6.549839507403979,0.09089214886786934,0.12286377086100907,-0.06394324398627946
600213,2014-03-19,6.63,6.63,6.67,6.55,6.6,1481926,9757685.0,0.0,,,-0.004524886877828092,6.636000000000005,6.637999999999996,6.650999999999999,6.5589999999999975,6.634463769909594,6.5536360463221195,0.08082772358747459,0.11445644141288659,-0.06725743565082401
600213,2014-03-20,6.6,6.59,6.62,6.39,6.4,2604310,16894235.0,0.0,,,-0.0303030303030302,6.562000000000007,6.617999999999998,6.654499999999999,6.569666666666665,6.598385223468933,6.542026402266449,0.056358821202483256,0.10283678469778004,-0.09295592699059357
600213,2014-03-21,6.4,6.4,6.65,6.39,6.59,1670019,10870137.0,0.0,,,0.02968749999999992,6.564000000000008,6.616999999999999,6.6644999999999985,6.579666666666665,6.597094971298108,6.5456461696986485,0.051448801599459415,0.09255909419773158,-0.08222058519654432
600213,2014-03-24,6.59,6.61,6.84,6.61,6.8,6236892,42035472.0,0.0,,,0.031866464339908945,6.604000000000006,6.640999999999997,6.671000000000001,6.587999999999997,6.6283155887514935,6.564811577872184,0.0635040108793099,0.08674803506968508,-0.04648804838075035
600213,2014-03-25,6.8,6.77,6.85,6.66,6.69,4705716,31662051.0,0.0,,,-0.016176470588235212,6.616000000000005,6.637999999999997,6.6800000000000015,6.594666666666665,6.637806645214256,6.574232435553414,0.0635742096608416,0.08211324289289097,-0.03707806646409875
600213,2014-03-26,6.69,6.69,6.71,6.54,6.58,1861931,12300816.0,0.0,,,-0.01644245142002994,6.6120000000000045,6.623999999999998,6.669000000000001,6.600666666666665,6.628912405640609,6.57466595326862,0.054246452371988774,0.07653985872307824,-0.04458681270217893
600213,2014-03-27,6.58,6.58,6.7,6.5,6.6,2987250,19765023.0,0.0,,,0.003039513677811485,6.6520000000000055,6.6069999999999975,6.656500000000001,6.609333333333331,6.624463958313816,6.576568106637664,0.04789585167615229,0.07081103587962209,-0.0458303684069396
600213,2014-03-28,6.6,6.61,6.71,6.54,6.65,3107783,20597057.0,0.0,,,0.007575757575757683,6.664000000000003,6.613999999999999,6.644000000000001,6.6166666666666645,6.628392867774682,6.582076028729026,0.04631683904565609,0.06591218184979773,-0.03919068560828329
600213,2014-03-31,6.65,6.65,6.75,6.6,6.72,3285611,21943032.0,0.0,,,0.010526315789473592,6.648000000000005,6.626,6.638000000000001,6.625666666666665,6.642487145913154,6.592411677562038,0.05007546835111576,0.06274483156576417,-0.025338726429296826
600213,2014-04-01,6.72,6.69,6.79,6.65,6.74,3688995,24817325.0,0.0,,,0.002976190476190545,6.658000000000006,6.636999999999999,6.642500000000001,6.638999999999999,6.657489909934534,6.603462007858004,0.05402790207652952,0.06100144232824695,-0.013947080503434864
600213,2014-04-02,6.74,6.72,6.81,6.7,6.79,4803379,32530958.0,0.0,,,0.007418397626112733,6.7000000000000055,6.6560000000000015,6.647000000000001,6.652666666666665,6.677876981941696,6.617417458905747,0.06045952303594948,0.060893058303689414,-0.0008670705354798663
600213,2014-04-03,6.79,6.81,6.85,6.58,6.59,2862589,19037345.0,0.0,,,-0.02945508100147278,6.698000000000006,6.675,6.646500000000001,6.661333333333332,6.664356938815224,6.615367793246749,0.04898914556847522,0.05851227283781209,-0.01904625453867373
600213,2014-04-04,6.59,6.58,6.59,6.45,6.55,1838928,11965173.0,0.0,,,-0.0060698027314112345,6.678000000000006,6.6709999999999985,6.644000000000003,6.666666666666666,6.646763004857661,6.61048438691481,0.03627861794285092,0.05406553749747452,-0.03557383910924719
600213,2014-04-08,6.55,6.53,6.64,6.45,6.56,1827368,11945682.0,0.0,,,0.001526717557251876,6.646000000000006,6.647,6.644000000000003,6.6629999999999985,6.633414491556335,6.6067152535546345,0.02669923800170082,0.048592273303790255,-0.04378607060417887
600213,2014-04-09,6.56,6.56,6.65,6.56,6.61,1926820,12741524.0,0.0,,,0.007621951219512305,6.620000000000006,6.638999999999999,6.638500000000002,6.666333333333332,6.629812180175823,6.6069603472529845,0.022851832922838433,0.043444181996090604,-0.04118469814650434
600213,2014-04-10,6.61,6.56,6.66,6.56,6.58,1120983,7412414.0,0.0,,,-0.004538577912254198,6.578000000000006,6.638999999999999,6.6315000000000035,6.659000000000002,6.622148620393658,6.604949770724169,0.017198849669489036,0.038195112894855034,-0.041992526450731996
600213,2014-04-11,6.58,6.61,6.68,6.55,6.65,2034063,13481022.0,0.0,,,0.010638297872340469,6.590000000000006,6.644000000000001,6.625500000000003,6.652333333333334,6.626433517783784,6.608307722836578,0.01812579494720623,0.0341812476928171,-0.03211090549122174
600213,2014-04-14,6.65,6.62,6.97,6.62,6.88,8750028,59736637.0,0.0,,,0.034586466165413464,6.656000000000009,6.667000000000001,6.640500000000002,6.651666666666667,6.665444283207287,6.628549720525714,0.03689456268157265,0.03472391086497343,0.004341303633198443
600213,2014-04-15,6.88,6.92,6.92,6.71,6.74,4293440,29156320.0,0.0,,,-0.020348837209302282,6.692000000000008,6.669,6.647500000000004,6.648333333333333,6.676914527181822,6.636849581661128,0.04006494552069384,0.03579211807076436,0.008545654899858965
600213,2014-04-16,6.74,6.71,6.86,6.68,6.76,1993599,13443425.0,0.0,,,0.002967359050445041,6.722000000000008,6.671000000000001,6.654000000000004,6.652,6.689697033687778,6.646017126078367,0.04367990760941076,0.03736967630297855,0.012620462612864425
600213,2014-04-17,6.76,6.72,6.86,6.72,6.78,3141462,21338783.0,0.0,,,0.002958579881656873,6.7620000000000084,6.67,6.663000000000004,6.654666666666667,6.703589913679092,6.655987391701691,0.047602521977401224,0.039416245774627025,0.0163725524055484
600213,2014-04-18,6.78,6.8,6.97,6.73,6.95,3762690,25956311.0,0.0,,,0.025073746312684355,6.822000000000008,6.706,6.690500000000003,6.666333333333332,6.741499425429975,6.677858741379331,0.06364068405064405,0.04426113406761329,0.038759099966061514
600213,2014-04-21,6.95,6.96,7.09,6.88,6.97,4567073,31965552.0,0.0,,,0.002877697841726557,6.840000000000009,6.747999999999999,6.709500000000002,6.678666666666667,6.776653570032021,6.6995840376942555,0.0770695323377657,0.05082281441266935,0.0524934358501927
600213,2014-04-22,6.97,6.92,7.31,6.83,7.3,7923877,56454907.0,0.0,,,0.04734576757532282,6.952000000000008,6.822,6.734500000000002,6.703333333333334,6.85716881249137,6.744221387156798,0.11294742533457214,0.06324773764384761,0.09939937538144905
600213,2014-04-23,7.3,7.28,7.68,7.22,7.56,12857271,96413293.0,0.0,,,0.035616438356164355,7.112000000000008,6.917000000000001,6.778000000000002,6.731333333333335,6.965297150076219,6.804853297870364,0.16044385220585422,0.08268696186645004,0.15551378067880836
600213,2014-04-24,7.56,7.55,7.71,7.35,7.59,6728489,50672220.0,0.0,,,0.003968253968254001,7.274000000000006,7.018000000000002,6.828500000000003,6.7603333333333335,7.061405628739522,6.863193943674261,0.1982116850652611,0.10579190775202846,0.18483955462646529
600213,2014-04-25,7.59,7.6,7.6,7.15,7.18,6641054,48640466.0,0.0,,,-0.054018445322793165,7.320000000000006,7.0710000000000015,6.857500000000004,6.774000000000001,7.0796509725115335,6.886728902423226,0.19292207008830786,0.12321794097097223,0.13940825823467126
600213,2014-04-28,7.18,7.14,7.24,6.83,6.92,3914450,27347319.0,0.0,,,-0.03621169916434538,7.3100000000000085,7.075000000000001,6.871000000000002,6.785333333333332,7.055089220774106,6.889200023930923,0.16588919684318348,0.13175219243992067,0.06827400880652562
600213,2014-04-29,6.92,6.67,6.67,6.25,6.51,5580101,35821768.0,0.0,,,-0.05924855491329481,7.152000000000006,7.052000000000002,6.860500000000003,6.782333333333333,6.971229156745941,6.861041541750799,0.11018761499514174,0.1274392768318983,-0.03450332367351311
600213,2014-04-30,6.51,6.42,6.58,6.37,6.53,2949569,19032924.0,0.0,,,0.0030721966205837885,6.946000000000009,7.029000000000003,6.850000000000001,6.779,6.903347622051069,6.8364637032566105,0.06688391879445899,0.11532820495693029,-0.0968885723249426
600213,2014-05-05,6.53,6.49,6.54,6.26,6.43,2988909,19059523.0,0.0,,,-0.01531393568147022,6.714000000000008,6.994000000000002,6.8320000000000025,6.773333333333333,6.830524796622086,6.806291350198815,0.02423344642327141,0.0971092529282975,-0.14575161301005218
600213,2014-05-06,6.43,6.4,6.49,6.33,6.45,2152918,13825679.0,0.0,,,0.003110419906687475,6.5680000000000085,6.944000000000003,6.825000000000001,6.775,6.771982442439009,6.779847518305264,-0.0078650758662544,0.07611438687262938,-0.16795892547776756
600213,2014-05-07,6.45,6.4,6.58,6.37,6.44,2954950,19193238.0,0.0,,,-0.0015503875968991914,6.472000000000008,6.891000000000003,6.8195000000000014,6.77,6.720908163107384,6.754627814712718,-0.033719651605333745,0.05414757892864002,-0.17573446106794754
600213,2014-05-08,6.44,6.35,6.51,6.28,6.34,2767267,17679396.0,0.0,,,-0.015527950310559088,6.438000000000009,6.795000000000004,6.8085,6.754666666666666,6.662306851500218,6.72386289638547,-0.06155604488525235,0.03100685395652461,-0.18512579768355392
600213,2014-05-09,6.34,6.3,6.38,5.81,5.82,5142392,30921163.0,0.0,,,-0.08201892744479489,6.296000000000007,6.621000000000004,6.769,6.725666666666666,6.532721077734569,6.656805653244781,-0.12408457551021268,-1.1432161302350156e-05,-0.24814628669782066
600213,2014-05-12,5.82,5.9,6.03,5.8,5.96,2601535,15424175.0,0.0,,,0.024054982817869358,6.202000000000008,6.458000000000002,6.738,6.704999999999999,6.444610082688513,6.605115880354333,-0.16050579766582018,-0.03211030544804568,-0.256790984435549
600213,2014-05-13,5.96,5.96,6.11,5.93,6.09,1876173,11316175.0,0.0,,,0.02181208053691273,6.130000000000009,6.349000000000002,6.709999999999999,6.688,6.390054653911959,6.566908132233515,-0.17685347832155607,-0.061058940156828674,-0.2315890763294548
600213,2014-05-14,6.09,6.08,6.08,5.9,6.02,1860641,11128167.0,0.0,,,-0.011494252873563263,6.046000000000008,6.259000000000002,6.667000000000001,6.667000000000001,6.3331231409331235,6.526346271019926,-0.19322313008680236,-0.08749177824076623,-0.21146270369207226
600213,2014-05-15,6.02,6.01,6.03,5.83,5.86,1180864,7001033.0,0.0,,,-0.026578073089700883,5.950000000000008,6.194000000000004,6.622999999999999,6.638333333333334,6.260334935371702,6.476930719676857,-0.21659578430515491,-0.11331257953018399,-0.20656640954994185
600213,2014-05-16,5.86,5.84,6.03,5.82,6.02,1419077,8410193.0,0.0,,,0.027303754266211483,5.990000000000008,6.1430000000000025,6.586000000000001,6.614333333333334,6.22336031702085,6.443048085771357,-0.21968776875050722,-0.13458761742470074,-0.17020030265161296
600213,2014-05-19,6.02,6.0,6.04,5.9,5.97,820536,4885849.0,0.0,,,-0.008305647840531533,5.992000000000008,6.097000000000002,6.545500000000001,6.5870000000000015,6.184381795194914,6.40797306293348,-0.2235912677385663,-0.15238834752124428,-0.14240584043464405
600213,2014-05-20,5.97,6.0,6.03,5.92,6.03,1127881,6751491.0,0.0,,,0.01005025125628149,5.980000000000008,6.055000000000002,6.499500000000002,6.5683333333333325,6.160630743843242,6.379949592304789,-0.2193188484615467,-0.16577444772962097,-0.10708880146385147
600213,2014-05-21,6.03,6.0,6.05,5.92,6.05,791077,4738458.0,0.0,,,0.0033167495854062308,5.986000000000009,6.016000000000003,6.453500000000003,6.551666666666668,6.143610625805831,6.3554882994637865,-0.2118776736579555,-0.1749950929264833,-0.07376516146294443
600213,2014-05-22,6.05,6.04,6.09,5.96,6.03,1541473,9289055.0,0.0,,,-0.003305785123966872,6.0200000000000085,5.985000000000002,6.390000000000002,6.534000000000002,6.1261320648613555,6.331359256228161,-0.20522719136680578,-0.1810415126204209,-0.04837135749276977
600213,2014-05-23,6.03,6.04,6.06,5.94,5.99,1136839,6812201.0,0.0,,,-0.006633499170812609,6.014000000000008,6.0020000000000024,6.311500000000002,6.513333333333334,6.105188667095657,6.306055131385533,-0.2008664642898763,-0.18500650295739304,-0.03171992266496654
600213,2014-05-26,5.99,6.05,6.19,6.05,6.12,2432857,14915154.0,0.0,,,0.021702838063439048,6.0440000000000085,6.0180000000000025,6.238000000000002,6.497999999999999,6.107467333988314,6.292264058069386,-0.18479672408107195,-0.18496454718210276,0.00033564620206161244
600213,2014-05-27,6.12,6.1,6.12,6.03,6.05,1286940,7816369.0,0.0,,,-0.011437908496732072,6.048000000000008,6.014000000000001,6.181500000000002,6.478,6.098626204723805,6.274307466652022,-0.17568126192821687,-0.18310789013040224,0.01485325640437074
600213,2014-05-28,6.05,6.03,6.1,6.02,6.06,1137810,6887893.0,0.0,,,0.001652892561983436,6.050000000000009,6.0180000000000025,6.138500000000002,6.450666666666668,6.0926837111441765,6.25842374354343,-0.1657400323992535,-0.1796343185827905,0.027788572367073994
600213,2014-05-29,6.06,6.05,6.09,6.0,6.08,1612695,9724207.0,0.0,,,0.003300330033003377,6.0600000000000085,6.040000000000003,6.117000000000003,6.428666666666667,6.090732370816665,6.2452001582822385,-0.1544677874655731,-0.17460101235774497,0.04026644978434374
600213,2014-05-30,6.08,6.04,6.12,6.02,6.08,1017208,6184154.0,0.0,,,0.0,6.078000000000008,6.046000000000002,6.094500000000003,6.4060000000000015,6.089081236736411,6.2329570986390115,-0.14387586190260038,-0.16845598226515135,0.049160240725101945
600213,2014-06-03,6.08,6.17,6.17,6.06,6.09,1469482,8979354.0,0.0,,,0.0016447368421052286,6.072000000000006,6.0580000000000025,6.077500000000002,6.383000000000001,6.089222584938667,6.222362867842918,-0.13314028290425117,-0.1613928423915325,0.056505118974562674
600213,2014-06-04,6.09,6.08,6.19,6.03,6.04,1058069,6445039.0,0.0,,,-0.008210180623973698,6.070000000000007,6.059000000000003,6.057000000000002,6.352666666666668,6.081649879207337,6.208848818913632,-0.12719893970629492,-0.15455406185337053,0.05471024429415122
600213,2014-06-05,6.04,6.01,6.1,6.0,6.09,920632,5563726.0,0.0,,,0.00827814569536421,6.0760000000000085,6.063000000000003,6.039500000000002,6.323333333333335,6.082934513226561,6.200041770223164,-0.1171072569966034,-0.14706470088104073,0.05991488776887466
600213,2014-06-06,6.09,6.06,6.1,5.97,6.01,836654,5034756.0,0.0,,,-0.013136288998357977,6.062000000000008,6.0610000000000035,6.023000000000002,6.280333333333334,6.071713818506178,6.185959520168764,-0.1142457016625853,-0.14050090103666507,0.05251039874815955
600213,2014-06-09,6.01,6.0,6.07,5.95,5.97,728811,4381674.0,0.0,,,-0.006655574043261238,6.040000000000008,6.059000000000004,6.030500000000003,6.227333333333334,6.056065538290139,6.1699571716382104,-0.11389163334807151,-0.13517904749850232,0.04257482830086162
600213,2014-06-10,5.97,5.95,6.06,5.95,6.05,690277,4147192.0,0.0,,,0.013400335008375222,6.032000000000008,6.052000000000005,6.035000000000003,6.176000000000001,6.055132378530697,6.161068705221731,-0.10593632669103403,-0.12933050333661827,0.04678835329116848
600213,2014-06-11,6.05,6.01,6.11,6.01,6.09,1053849,6392014.0,0.0,,,0.00661157024793389,6.042000000000009,6.0560000000000045,6.035000000000003,6.139666666666668,6.060496628096942,6.155802848167095,-0.0953062200701531,-0.12252564668296186,0.054438853225617506
600213,2014-06-12,6.09,6.09,6.14,6.04,6.09,1097479,6685645.0,0.0,,,0.0,6.042000000000009,6.059000000000005,6.038500000000003,6.112000000000001,6.065035608468069,6.1509272698622866,-0.08589166139421778,-0.11519884962490007,0.05861437646136458
600213,2014-06-13,6.09,6.09,6.2,6.06,6.19,1960332,12045082.0,0.0,,,0.016420361247947542,6.078000000000008,6.070000000000005,6.055000000000002,6.101333333333335,6.084260899753784,6.153822257187567,-0.06956135743378322,-0.10607135118636478,0.07301998750516311
600213,2014-06-16,6.19,6.18,6.25,6.15,6.22,1810489,11234577.0,0.0,,,0.004846526655896504,6.128000000000008,6.084000000000005,6.065000000000002,6.091000000000002,6.10514383851129,6.158725427243421,-0.053581588732130925,-0.095573398695231,0.08398361992620015
600213,2014-06-17,6.22,6.2,6.29,6.14,6.28,1869405,11631950.0,0.0,,,0.00964630225080394,6.174000000000008,6.103000000000003,6.0805000000000025,6.086000000000001,6.132044786713946,6.167710620899497,-0.03566583418555069,-0.08359188579303287,0.09585210321496435
600213,2014-06-18,6.28,6.28,6.46,6.22,6.45,2645617,16824175.0,0.0,,,0.027070063694267503,6.246000000000008,6.144000000000005,6.101500000000002,6.086000000000001,6.18096097380618,6.188625022914606,-0.0076640491084258855,-0.06840631845584574,0.12148453869483972
600213,2014-06-19,6.45,6.45,6.47,6.22,6.27,6094318,38469208.0,0.0,,,-0.02790697674418614,6.282000000000008,6.1620000000000035,6.1125000000000025,6.080333333333335,6.19465928563087,6.194653887360851,5.398270018552864e-06,-0.054723975110481354,0.10945874676099981
600213,2014-06-20,6.27,6.25,6.7,6.2,6.59,3941176,25459760.0,0.0,,,0.05103668261563003,6.362000000000008,6.220000000000005,6.140500000000002,6.0886666666666684,6.255480934380681,6.223943680486567,0.03153725389411388,-0.03747172930936911,0.13801796640696598
600213,2014-06-23,6.59,6.57,6.8,6.51,6.79,5753408,38355982.0,0.0,,,0.030349013657056174,6.476000000000008,6.302000000000005,6.180500000000002,6.121000000000001,6.337714637224486,6.26588026883018,0.07183436839430613,-0.01561050976843821,0.17488975632548867
600213,2014-06-24,6.79,6.79,6.88,6.7,6.82,3386017,23024236.0,0.0,,,0.0044182621502209495,6.5840000000000085,6.379000000000008,6.215500000000002,6.149666666666668,6.411912385680357,6.306932057861169,0.10498032781918809,0.008507657749259906,0.19294534013985637
600213,2014-06-25,6.82,6.8,6.82,6.72,6.73,2525980,17089433.0,0.0,,,-0.0131964809384164,6.6400000000000095,6.4430000000000085,6.249500000000002,6.171000000000001,6.460848941917359,6.338274582844247,0.12257435907311187,0.0313209980141611,0.18250672211790153
600213,2014-06-26,6.73,6.72,6.97,6.7,6.95,3351929,23022093.0,0.0,,,0.032689450222882575,6.7760000000000105,6.529000000000006,6.294000000000002,6.202000000000001,6.536102951097551,6.383593144675593,0.15250980642195788,0.05555875969583163,0.1939020934522525
600213,2014-06-27,6.95,6.95,7.07,6.88,7.05,3178005,22229474.0,0.0,,,0.01438848920863304,6.868000000000008,6.6150000000000055,6.342500000000002,6.241666666666666,6.615164035761342,6.4329622317617146,0.18220180399962782,0.08088736855668381,0.20262887088588802
600213,2014-06-30,7.05,7.1,7.13,6.85,7.02,2509988,17481156.0,0.0,,,-0.004255319148936206,6.914000000000009,6.695000000000006,6.389500000000004,6.275,6.677446491942881,6.476451091793741,0.2009954001491403,0.10490897487524564,0.19217285054778932
600213,2014-07-01,7.02,6.94,7.25,6.9,7.15,2877039,20082951.0,0.0,,,0.018518518518518632,6.980000000000008,6.782000000000006,6.442500000000003,6.314333333333334,6.750147031787017,6.526348470128609,0.22379856165840728,0.1286868922319338,0.19022333885294695
600213,2014-07-02,7.15,7.15,7.3,7.05,7.28,2309872,16595165.0,0.0,,,0.018181818181818167,7.090000000000009,6.8650000000000055,6.504500000000002,6.356,6.8316628731862625,6.5821795513642165,0.24948332182204602,0.15284617815000162,0.1932742873440888
600213,2014-07-03,7.28,7.28,7.35,7.2,7.3,1299058,9455201.0,0.0,,,0.0027472527472526885,7.160000000000008,6.968000000000006,6.565000000000002,6.397666666666668,6.903714738951414,6.6353558829678825,0.26835885598353126,0.17594871371674226,0.18482028453357802
600213,2014-07-04,7.3,7.29,7.5,7.22,7.48,2945118,21765813.0,0.0,,,0.024657534246575425,7.246000000000008,7.057000000000008,6.638500000000002,6.446000000000001,6.992374009987645,6.697926958389651,0.2944470515979942,0.19964838129302112,0.1895973406099462
600213,2014-07-07,7.48,7.48,7.65,7.37,7.47,1884359,14245156.0,0.0,,,-0.0013368983957220153,7.336000000000009,7.125000000000004,6.7135000000000025,6.495333333333333,7.065854931602121,6.755121654312016,0.3107332772901046,0.2218653604924592,0.17773583359529077
600213,2014-07-08,7.47,7.47,7.47,7.25,7.32,2392044,17542501.0,0.0,,,-0.02008032128514049,7.37000000000001,7.175000000000006,6.777000000000003,6.535333333333332,7.104954172927471,6.7969672724027275,0.3079869005247433,0.23908966849892926,0.1377944640516281
600213,2014-07-09,7.32,7.29,7.59,7.24,7.42,2210768,16425992.0,0.0,,,0.0136612021857923,7.3980000000000095,7.244000000000005,6.8435000000000015,6.580999999999999,7.153422761742862,6.843120681498956,0.3103020802439058,0.2533321508479333,0.11393985879194501
600213,2014-07-10,7.42,7.56,8.16,7.45,8.01,5892048,46222738.0,0.0,,,0.07951482479784365,7.540000000000012,7.350000000000006,6.939500000000002,6.645999999999997,7.285203875401406,6.92956110583499,0.3556427695664155,0.2737942745916398,0.1636969899495514
600213,2014-07-11,8.01,8.0,8.06,7.81,7.91,3499645,27655193.0,0.0,,,-0.012484394506866371,7.626000000000009,7.436000000000004,7.025500000000001,6.706999999999997,7.38132635615858,7.002190036198855,0.3791363199597244,0.294862683665265,0.16854727258891877
600213,2014-07-14,7.91,7.92,8.36,7.88,8.3,5308223,43283746.0,0.0,,,0.04930467762326177,7.79200000000001,7.5640000000000045,7.129500000000002,6.780999999999998,7.522660762965246,7.098328798252756,0.4243319647124899,0.3207565398747181,0.20715084967554365
600213,2014-07-15,8.3,8.4,8.41,8.01,8.12,3767194,30826134.0,0.0,,,-0.021686746987951984,7.95200000000001,7.661000000000006,7.2215000000000025,6.848666666666664,7.614559107158457,7.174011565606612,0.4405475415518447,0.3447147402101495,0.1916656026833905
600213,2014-07-16,8.12,8.11,8.15,7.82,7.9,3723378,29621192.0,0.0,,,-0.027093596059113163,8.048000000000009,7.723000000000006,7.294000000000002,6.910666666666665,7.658473090686296,7.227790736256361,0.4306823544299343,0.3619082630541099,0.13754818275164882
600213,2014-07-17,7.9,7.86,8.47,7.84,8.21,3231115,26366120.0,0.0,,,0.03924050632911399,8.08800000000001,7.8140000000000045,7.391000000000003,6.981333333333331,7.743323384449354,7.300549796082408,0.44277358836694614,0.37808132811667977,0.12938452050053273
600213,2014-07-18,8.21,8.12,8.37,8.1,8.17,2096655,17179533.0,0.0,,,-0.0048721071863582115,8.14000000000001,7.8830000000000044,7.4700000000000015,7.053333333333331,7.808965940702637,7.3649558246521,0.44401011605053764,0.3912670857034531,0.1054860606941691
600213,2014-07-21,8.17,8.17,8.37,7.97,8.37,2697123,22107720.0,0.0,,,0.024479804161566626,8.154000000000009,7.973000000000006,7.549000000000002,7.133333333333331,7.89527887291861,7.439406013538654,0.4558728593799559,0.40418824043875495,0.10336923788240193
600213,2014-07-22,8.37,8.36,8.55,8.26,8.35,2910826,24457099.0,0.0,,,-0.0023894862604539515,8.200000000000008,8.076000000000004,7.625500000000002,7.209999999999997,7.965235969403903,7.506859493888851,0.4583764755150517,0.41502588745401525,0.08670117612207284
600213,2014-07-23,8.35,8.34,8.38,8.24,8.31,1473682,12216726.0,0.0,,,-0.004790419161676545,8.282000000000009,8.165000000000003,7.704500000000002,7.283999999999998,8.018276589502817,7.566353076941696,0.4519235125611205,0.4224054124754368,0.05903620017136746
600213,2014-07-24,8.31,8.31,8.45,8.0,8.43,3569798,29500429.0,0.0,,,0.014440433212996297,8.32600000000001,8.207000000000004,7.778500000000004,7.361999999999997,8.081618652663511,7.630328609489559,0.4512900431739526,0.4281823386151402,0.046215409117624784
600213,2014-07-25,8.43,8.43,8.56,8.38,8.5,1671692,14148815.0,0.0,,,0.008303677342823284,8.392000000000008,8.266000000000004,7.8510000000000035,7.438999999999997,8.145985013798464,7.6947502848567435,0.4512347289417207,0.4327928166804565,0.03688382452252836
600213,2014-07-28,8.5,8.5,8.65,8.42,8.58,2238360,19074093.0,0.0,,,0.009411764705882359,8.434000000000008,8.294000000000004,7.929000000000004,7.517666666666665,8.212756550142657,7.760325819801742,0.4524307303409154,0.4367203994125484,0.03142066185673398
600213,2014-07-29,8.58,8.56,8.76,8.45,8.64,1889882,16235472.0,0.0,,,0.006993006993007051,8.492000000000008,8.346000000000004,8.003500000000004,7.596333333333333,8.27848631166375,7.825488233737829,0.45299807792592084,0.43997593511522304,0.026044285621395602
600213,2014-07-30,8.64,8.64,8.97,8.6,8.63,6365734,55967236.0,0.0,,,-0.0011574074074073824,8.556000000000008,8.419000000000002,8.071000000000002,7.668999999999999,8.332565340641745,7.885082852574441,0.44748248806730384,0.4414772457056392,0.012010484723329329
600213,2014-07-31,8.63,8.58,8.95,8.4,8.87,3830782,33523880.0,0.0,,,0.02780996523754327,8.644000000000009,8.485000000000003,8.149500000000002,7.7556666666666665,8.415247595931753,7.9580409871915085,0.4572066087402442,0.44462311831256024,0.02516698085536795
600213,2014-08-01,8.87,8.81,9.0,8.8,8.86,2530955,22517845.0,0.0,,,-0.0011273957158962555,8.716000000000008,8.554000000000002,8.218500000000004,7.831333333333332,8.48367104271437,8.024853875765322,0.45881716694904817,0.4474619280398578,0.02271047781838076
600213,2014-08-04,8.86,8.86,9.24,8.82,9.1,2510655,22668257.0,0.0,,,0.027088036117381517,8.82000000000001,8.627,8.300000000000004,7.908333333333332,8.57849088230016,8.104495554365869,0.47399532793429167,0.4527686080187446,0.042453439831094175
600213,2014-08-05,9.1,9.12,10.01,8.95,9.96,4645912,44699125.0,0.0,,,0.09450549450549464,9.084000000000009,8.788000000000002,8.432000000000006,8.013,8.791030746568095,8.241942285562907,0.5490884610051889,0.4720325786160336,0.15411176477831068
600213,2014-08-06,9.96,9.81,10.65,9.52,9.87,6650233,66970395.0,0.0,,,-0.009036144578313416,9.332000000000008,8.944000000000003,8.554500000000006,8.117666666666667,8.957026016331094,8.362540743578462,0.5944852727526317,0.4965231174433533,0.19592431061855686
600213,2014-08-07,9.87,10.1,10.29,9.68,9.9,4183786,41665881.0,0.0,,,0.0030395136778116646,9.53800000000001,9.091000000000003,8.649000000000006,8.216000000000001,9.102098936898678,8.476428004963244,0.6256709319354332,0.5223526803417694,0.20663650318732762
600213,2014-08-08,9.9,9.73,9.99,9.62,9.65,2836248,27718967.0,0.0,,,-0.02525252525252525,9.696000000000009,9.206000000000003,8.736000000000008,8.302666666666665,9.186391408146577,8.563360246654673,0.6230311614919035,0.5424883765717963,0.1610855698402145
600213,2014-08-11,9.65,9.65,9.79,9.48,9.68,2393542,23021939.0,0.0,,,0.003108808290155374,9.812000000000008,9.316000000000004,8.805000000000009,8.391333333333332,9.262331191509817,8.646075168311288,0.6162560231985292,0.5572419058971428,0.11802823460277279
600213,2014-08-12,9.68,9.68,9.68,9.49,9.55,2030468,19391999.0,0.0,,,-0.0134297520661156,9.730000000000008,9.407000000000004,8.876500000000009,8.471333333333332,9.306587931278116,8.71303321224333,0.5935547190347865,0.5645044685246716,0.05810050102022979
600213,2014-08-13,9.55,9.6,9.66,9.02,9.24,4729515,43590767.0,0.0,,,-0.032460732984293236,9.60400000000001,9.468000000000004,8.943500000000009,8.536666666666665,9.296343634158292,8.752068139435293,0.5442754947229993,0.5604586737643371,-0.03236635808267563
600213,2014-08-14,9.24,9.19,9.44,9.07,9.2,3337903,30825626.0,0.0,,,-0.004329004329004429,9.46400000000001,9.501000000000003,8.993000000000006,8.599999999999998,9.281521536595339,8.78524855297661,0.49627298361872896,0.5476215357352154,-0.10269710423297296
600213,2014-08-15,9.2,9.22,9.35,9.12,9.29,2191447,20246983.0,0.0,,,0.009782608695652159,9.392000000000008,9.544000000000004,9.049000000000008,8.660333333333332,9.28282591558068,8.822637836734328,0.46018807884635216,0.5301348443574427,-0.13989353102218116
600213,2014-08-18,9.29,9.26,9.53,9.25,9.5,2399495,22579899.0,0.0,,,0.02260495156081817,9.356000000000009,9.584000000000003,9.105500000000006,8.727999999999998,9.316237313183878,8.872813169254718,0.4434241439291604,0.5127927042717862,-0.13873712068525168
600213,2014-08-19,9.5,9.5,9.79,9.3,9.4,2835692,26935678.0,0.0,,,-0.01052631578947365,9.326000000000008,9.528000000000006,9.158000000000008,8.79733333333333,9.329123880386431,8.911864303209596,0.4172595771768357,0.49368607885279603,-0.15285300335192065
600213,2014-08-20,9.4,9.35,9.45,9.08,9.29,1995998,18446843.0,0.0,,,-0.011702127659574596,9.33600000000001,9.470000000000004,9.207000000000006,8.859666666666664,9.323104821865414,8.939874525908214,0.3832302959571994,0.47159492227367666,-0.17672925263295458
600213,2014-08-21,9.29,9.33,9.34,9.05,9.21,1674608,15335753.0,0.0,,,-0.008611410118406706,9.338000000000008,9.401000000000003,9.246000000000006,8.899666666666663,9.305704080039895,8.959883933448426,0.3458201465914694,0.44643996713723516,-0.20123964109153147
600213,2014-08-22,9.21,9.21,9.3,9.16,9.27,1250497,11542071.0,0.0,,,0.006514657980455887,9.334000000000009,9.363000000000003,9.284500000000008,8.944999999999993,9.300211144649122,8.982855614226464,0.31735553042265785,0.42062307979431973,-0.20653509874332376
600213,2014-08-25,9.27,9.29,9.33,9.07,9.11,1608805,14818061.0,0.0,,,-0.017259978425026985,9.256000000000009,9.306000000000003,9.311000000000003,8.971999999999996,9.270947891626095,8.992273762541876,0.2786741290842194,0.3922332896522997,-0.2271183211361606
600213,2014-08-26,9.11,9.09,9.09,8.68,8.73,3387764,29868016.0,0.0,,,-0.04171240395170132,9.122000000000009,9.224000000000004,9.315500000000004,8.99233333333333,9.18772513906803,8.972845989206444,0.21487914986158607,0.356762461694157,-0.2837666236651418
600213,2014-08-27,8.73,8.73,8.92,8.72,8.79,1814651,16013494.0,0.0,,,0.006872852233676829,9.02200000000001,9.179000000000004,9.323500000000006,9.021999999999997,9.126536656134359,8.959301785555168,0.1672348705791915,0.3188569434711639,-0.30324414578394476
600213,2014-08-28,8.79,8.73,8.93,8.73,8.91,1159238,10260074.0,0.0,,,0.013651877133105915,8.962000000000009,9.150000000000002,9.325500000000003,9.045333333333332,9.093223324421322,8.95564978738331,0.137573537038012,0.28260026218453355,-0.2900534502930431
600213,2014-08-29,8.91,8.91,9.29,8.91,9.24,1724441,15665197.0,0.0,,,0.037037037037037035,8.956000000000008,9.145,9.344500000000004,9.080999999999998,9.115804351433459,8.97671284116268,0.13909151027077904,0.25389851180178263,-0.2296140030620072
600213,2014-09-01,9.24,9.24,9.63,9.24,9.37,2664372,25205550.0,0.0,,,0.014069264069263959,9.008000000000008,9.132,9.358000000000006,9.114333333333333,9.154911374289899,9.005845319433778,0.1490660548561209,0.2329320204126503,-0.16773193111305879
600213,2014-09-02,9.37,9.33,9.52,9.28,9.51,2624074,24596564.0,0.0,,,0.014941302027748194,9.164000000000009,9.143000000000002,9.335500000000003,9.152999999999997,9.209540393629972,9.043190224693678,0.16635016893629384,0.21961565011737902,-0.10653096236217036
600213,2014-09-03,9.51,9.49,9.58,9.37,9.49,1755577,16612329.0,0.0,,,-0.0021030494216613643,9.30400000000001,9.163000000000002,9.316500000000003,9.19233333333333,9.252688025379246,9.07628733872357,0.17640068665567554,0.21097265742503835,-0.0691439415387256
600213,2014-09-04,9.49,9.55,9.55,9.41,9.49,2102123,19928050.0,0.0,,,0.0,9.420000000000009,9.191000000000004,9.296000000000003,9.227666666666664,9.289197559936314,9.1069328013188,0.18226475861751368,0.2052310776635334,-0.04593263809203946
600213,2014-09-05,9.49,9.52,9.67,9.4,9.64,3888481,37159317.0,0.0,,,0.01580611169652269,9.500000000000009,9.228000000000003,9.295500000000006,9.265666666666664,9.343167166099992,9.146419356256729,0.1967478098432629,0.2035344240994793,-0.013573228512432811
600213,2014-09-09,9.64,9.76,9.79,9.59,9.73,2655619,25704044.0,0.0,,,0.009336099585062223,9.572000000000006,9.290000000000003,9.298000000000004,9.303999999999998,9.402679909776948,9.18964764917485,0.21303226060209823,0.20543399140000312,0.015196538404190219
600213,2014-09-10,9.73,9.67,10.24,9.6,10.0,2171500,21581905.0,0.0,,,0.027749229188078064,9.670000000000009,9.417000000000003,9.320500000000004,9.349333333333332,9.494575308272845,9.249673874061266,0.24490143421157917,0.21332747996231838,0.06314790849852159
600213,2014-09-11,10.0,10.0,10.1,9.89,10.03,3486593,34716651.0,0.0,,,0.002999999999999936,9.778000000000008,9.541000000000002,9.360000000000003,9.395999999999997,9.576948337769362,9.307475920612363,0.2694724171569991,0.2245564674012545,0.08983189951148918
600213,2014-09-12,10.03,9.98,10.35,9.9,10.17,3158914,32094546.0,0.0,,,0.013958125623130663,9.914000000000009,9.667000000000003,9.408500000000004,9.439333333333332,9.668187055035645,9.371366707067088,0.2968203479685574,0.23900924351471511,0.11562220890768454
600213,2014-09-15,10.17,10.1,10.2,10.0,10.04,2867966,28823414.0,0.0,,,-0.01278269419862348,9.994000000000009,9.747000000000003,9.446000000000003,9.478666666666664,9.725389046568639,9.420895180897013,0.30449386567162584,0.2521061679460973,0.10477539545105707
600213,2014-09-16,10.04,10.04,10.04,9.68,9.72,3670550,36056463.0,0.0,,,-0.031872509960159216,9.992000000000008,9.782000000000004,9.457000000000004,9.499333333333333,9.724559962481155,9.443051127288609,0.28150883519254677,0.2579867013953872,0.04704426759431912
600213,2014-09-17,9.72,9.72,9.9,9.65,9.86,1995178,19612838.0,0.0,,,0.014403292181069834,9.964000000000008,9.817000000000004,9.480000000000002,9.496,9.745396891330213,9.473936272682105,0.2714606186481081,0.2606814848459314,0.02155826760435342
600213,2014-09-18,9.86,9.86,10.12,9.86,10.07,3954441,39608171.0,0.0,,,0.02129817444219076,9.972000000000008,9.875000000000004,9.519000000000002,9.502666666666666,9.795335831125573,9.518089199232334,0.27724663189323984,0.2639945142553931,0.026504235275693455
600213,2014-09-19,10.07,10.16,10.16,9.95,10.0,2678449,26868227.0,0.0,,,-0.006951340615690197,9.938000000000006,9.926000000000004,9.558500000000002,9.506,9.826822626337028,9.553786338899535,0.27303628743749364,0.2658028688918132,0.014466837091360873
600213,2014-09-22,10.0,9.99,10.12,9.86,10.07,3035167,30475377.0,0.0,,,0.007000000000000029,9.944000000000006,9.969000000000003,9.5985,9.52,9.86423452997749,9.592024430830284,0.2722100991472054,0.26708431494289164,0.01025156840862751
600213,2014-09-23,10.07,10.07,10.34,10.02,10.3,2008407,20499126.0,0.0,,,0.022840119165839168,10.060000000000008,10.026000000000003,9.658,9.540666666666667,9.93127537151942,9.644467120138366,0.28680825138105526,0.2710291022305244,0.031558298301061716
600213,2014-09-24,10.3,10.3,10.46,10.19,10.34,1612446,16648580.0,0.0,,,0.003883495145630985,10.15600000000001,10.060000000000004,9.738500000000002,9.567,9.99415608359336,9.695988123828082,0.2981679597652782,0.2764568737374752,0.043422172055606056
600213,2014-09-25,10.34,10.3,10.42,10.2,10.24,1385223,14242083.0,0.0,,,-0.009671179883945807,10.190000000000008,10.081000000000003,9.811000000000003,9.600333333333333,10.031978224579001,9.736285335780584,0.29569288879841693,0.28030407674966357,0.03077762409750673
600213,2014-09-26,10.24,10.23,10.37,10.21,10.28,1878040,19308382.0,0.0,,,0.003906249999999917,10.24600000000001,10.092000000000002,9.879500000000004,9.636333333333333,10.07013542079762,9.776560529352512,0.2935748914451075,0.2829582396887524,0.021233303512710244
600213,2014-09-29,10.28,10.28,10.39,10.25,10.32,1655265,17116662.0,0.0,,,0.0038910505836576782,10.29600000000001,10.120000000000003,9.933500000000002,9.670666666666666,10.108576125290295,9.81681533573616,0.2917607895541341,0.28471874966182875,0.014084079784610681
600213,2014-09-30,10.32,10.33,10.6,10.29,10.46,1608106,16793815.0,0.0,,,0.013565891472868272,10.328000000000008,10.194000000000006,9.988000000000003,9.702666666666664,10.1626413367841,9.864458677931305,0.29818265885279516,0.287411531500022,0.02154225470554627
600213,2014-10-08,10.46,10.46,10.72,10.42,10.7,1486438,15790733.0,0.0,,,0.02294455066921591,10.40000000000001,10.278000000000006,10.047500000000003,9.746,10.24531190035578,9.92635066828741,0.3189612320683697,0.29372147161369155,0.05047952090935626
600213,2014-10-09,10.7,10.69,11.48,10.66,11.14,2872972,31527709.0,0.0,,,0.04112149532710293,10.580000000000009,10.385000000000003,10.13,9.807666666666664,10.382956223377974,10.016250673353037,0.3667055500249372,0.3083182872959407,0.11677452545799305
600213,2014-10-10,11.14,11.06,11.3,11.0,11.08,3826842,42511538.0,0.0,,,-0.0053859964093357715,10.740000000000007,10.493000000000006,10.209500000000002,9.869999999999996,10.490193727473674,10.09504696405703,0.3951467634166441,0.3256839825200814,0.13892556179312543
600213,2014-10-13,11.08,11.06,11.06,10.8,10.84,2631310,28693216.0,0.0,,,-0.021660649819494605,10.844000000000007,10.570000000000004,10.269500000000004,9.92233333333333,10.544010077093109,10.15022869913953,0.39378137795357837,0.3393034616067808,0.1089558326935951
600213,2014-10-14,10.84,10.83,11.09,10.8,10.9,1617002,17638633.0,0.0,,,0.005535055350553551,10.932000000000004,10.630000000000006,10.328000000000003,9.981999999999996,10.598777757540326,10.205767340779277,0.3930104167610491,0.3500448526376345,0.08593112824682914
600213,2014-10-15,10.9,10.9,10.99,10.79,10.83,1272192,13785556.0,0.0,,,-0.006422018348623879,10.958000000000007,10.679000000000006,10.369500000000004,10.051999999999994,10.634350410226432,10.252006817647857,0.3823435925785752,0.3565046006258227,0.05167798390550504
600213,2014-10-16,10.83,10.81,10.88,10.69,10.73,1602171,17225046.0,0.0,,,-0.00923361034164355,10.876000000000007,10.728000000000003,10.404500000000002,10.116666666666662,10.649065731730058,10.287413734671162,0.36165199705889606,0.3575340799124374,0.008235834292917299
600213,2014-10-17,10.73,10.71,10.78,10.38,10.6,3408885,36053344.0,0.0,,,-0.012115563839701844,10.780000000000005,10.760000000000005,10.426000000000004,10.172999999999996,10.641517157617741,10.310568281700435,0.33094887591730604,0.3522170391134112,-0.04253632639221028
600213,2014-10-20,10.6,10.53,10.85,10.53,10.79,1615704,17370016.0,0.0,,,0.017924528301886747,10.770000000000005,10.807000000000004,10.463500000000003,10.22466666666666,10.664360671830398,10.346081754893124,0.31827891693727395,0.3454294146781838,-0.05430099548181966
600213,2014-10-21,10.79,10.79,11.02,10.7,11.0,1823029,19675627.0,0.0,,,0.019462465245597856,10.790000000000004,10.861000000000004,10.527500000000003,10.278999999999996,10.715997491548798,10.394520159304342,0.32147733224445574,0.3406389981914382,-0.038323331893964974
600213,2014-10-22,11.0,10.85,11.05,10.82,10.99,3522912,38498862.0,0.0,,,-0.0009090909090908897,10.822000000000005,10.890000000000004,10.584000000000003,10.328333333333328,10.758151723618214,10.438629790527367,0.3195219330908472,0.33641558517132003,-0.033787304160945664
600213,2014-10-23,10.99,10.99,11.1,10.7,11.02,3149448,34464872.0,0.0,,,0.002729754322110952,10.880000000000004,10.878000000000005,10.631500000000004,10.379333333333328,10.798436073830796,10.481694262596042,0.3167418112347544,0.33248083038400694,-0.03147803829850504
600213,2014-10-24,11.02,11.0,11.38,11.0,11.24,3081241,34591008.0,0.0,,,0.0199637023593467,11.008000000000004,10.894000000000002,10.693500000000004,10.437666666666663,10.866368985549135,10.53786507258211,0.32850391296702597,0.3316854469006108,-0.0063630678671696694
600213,2014-10-27,11.24,11.17,11.65,11.17,11.63,3105804,35581463.0,0.0,,,0.0346975088967972,11.176000000000005,10.973000000000004,10.771500000000005,10.503999999999994,10.983850680080037,10.618763975594744,0.365086704485293,0.33836569841754727,0.05344201213549149
600213,2014-10-28,11.63,11.56,11.91,11.56,11.9,3946576,46434948.0,0.0,,,0.02321582115219257,11.356000000000005,11.073000000000002,10.851500000000005,10.576333333333327,11.124796729298494,10.713670368954968,0.4111263603435251,0.35291783080274286,0.11641705908156452
600213,2014-10-29,11.9,11.93,12.31,11.75,12.23,4223220,50817134.0,0.0,,,0.027731092436974795,11.604000000000005,11.213000000000005,10.946000000000005,10.65066666666666,11.294828001714112,10.825991105577513,0.4688368961365992,0.37610164386951417,0.18547050453417002
600213,2014-10-30,12.23,12.35,12.45,12.1,12.18,4802478,58739194.0,0.0,,,-0.0040883074407196,11.836000000000006,11.358000000000002,11.043000000000005,10.722333333333328,11.431008309142712,10.9262880799116,0.5047202292311113,0.40182536094183363,0.20578973657855526
600213,2014-10-31,12.18,12.16,12.24,11.78,12.16,3279767,39509760.0,0.0,,,-0.0016420361247947105,12.020000000000005,11.514000000000005,11.137000000000004,10.788666666666662,11.543160876966912,11.017674164257587,0.5254867127093252,0.42655763129533203,0.1978581628279864
600213,2014-11-03,12.16,12.16,12.24,12.0,12.15,2326744,28159357.0,0.0,,,-0.0008223684210526143,12.124000000000002,11.650000000000002,11.228500000000004,10.858999999999993,11.636520742048926,11.10155016585026,0.534970576198667,0.448240220275999,0.17346071184533585
600213,2014-11-04,12.15,12.09,12.25,12.06,12.14,2904131,35201768.0,0.0,,,-0.0008230452674896944,12.172000000000004,11.764000000000005,11.312500000000005,10.93966666666666,11.713979089426015,11.178472387471658,0.5355067019543576,0.46569351661167074,0.13962637068537365
600213,2014-11-05,12.14,12.15,12.2,12.03,12.1,1893300,22934284.0,0.0,,,-0.0032948929159803066,12.146000000000004,11.875000000000005,11.382500000000006,11.014333333333326,11.773366921822012,11.246733701704128,0.5266332201178834,0.4778814573129133,0.09750352560994013
600213,2014-11-06,12.1,12.12,12.3,12.05,12.14,2469565,29931453.0,0.0,,,0.0033057851239670184,12.138000000000005,11.987000000000005,11.432500000000005,11.083333333333325,11.829772010772473,11.312901584268921,0.5168704265035515,0.48567925115104094,0.06238235070502118
600213,2014-11-07,12.14,12.14,12.55,12.09,12.55,2782332,34353042.0,0.0,,,0.033772652388797376,12.216000000000005,12.118000000000006,11.506000000000006,11.168333333333326,11.940576316807476,11.404538515002475,0.5360378018050014,0.4957509612818331,0.08057368104633655
600213,2014-11-10,12.55,12.65,13.0,12.51,12.55,2886118,36692156.0,0.0,,,0.0,12.296000000000005,12.210000000000004,11.591500000000005,11.250999999999996,12.034333806529403,11.489387523364575,0.544946283164828,0.5055900256584321,0.07871251501279164
600213,2014-11-11,12.55,12.45,12.45,12.16,12.32,3033435,37132764.0,0.0,,,-0.018326693227091663,12.332000000000004,12.252000000000004,11.662500000000005,11.318333333333326,12.078282451678728,11.550914379846343,0.5273680718323845,0.5099456348932226,0.0348448738783238
600213,2014-11-12,12.32,11.7,12.74,11.55,12.7,1553093,19235062.0,0.0,,,0.030844155844155764,12.452000000000005,12.299000000000005,11.756000000000006,11.396999999999993,12.173931305266615,11.636031841338664,0.5378994639279515,0.5155364007001684,0.044726126455566284
600213,2014-11-13,12.7,12.74,12.78,12.6,12.69,3420898,43299798.0,0.0,,,-0.0007874015748031329,12.562000000000005,12.350000000000005,11.854000000000005,11.47866666666666,12.253326489071751,11.714103563714666,0.5392229253570857,0.5202737056315518,0.037898439451067745
600213,2014-11-14,12.69,12.67,13.2,12.67,13.2,2447729,31690607.0,0.0,,,0.040189125295508256,12.692000000000007,12.454000000000002,11.984000000000005,11.575999999999993,12.398968567676098,11.82416997543519,0.5747985922409082,0.5311786829534231,0.08723981857497032
600213,2014-11-17,13.2,13.2,13.35,12.95,13.26,2020750,26743349.0,0.0,,,0.0045454545454545825,12.834000000000007,12.565,12.107500000000005,11.673999999999996,12.531434941879777,11.930527763114407,0.6009071787653699,0.5451243821158125,0.11156559329911486
600213,2014-11-18,13.26,13.16,13.28,13.1,13.27,1166005,15401396.0,0.0,,,0.0007541478129713264,13.024000000000004,12.677999999999999,12.221000000000005,11.76766666666666,12.645060335436733,12.029747935790617,0.6153123996461165,0.5591619856218734,0.11230082804848629
600213,2014-11-19,13.27,13.16,13.45,13.1,13.33,3566797,47436020.0,0.0,,,0.004521477015825207,13.150000000000004,12.801000000000002,12.338000000000005,11.855333333333327,12.750435668446467,12.126062909784435,0.624372758662032,0.5722041402299051,0.10433723686425389
600213,2014-11-20,13.33,13.28,13.41,13.16,13.33,3335049,44456211.0,0.0,,,0.0,13.278000000000004,12.920000000000005,12.453500000000002,11.928333333333326,12.839599411762395,12.215243440365052,0.6243559713973426,0.5826345064633925,0.08344292986790003
600213,2014-11-21,13.33,13.25,13.38,13.19,13.31,2603774,34611921.0,0.0,,,-0.0015003750937734113,13.300000000000004,12.996000000000004,12.557,12.002666666666661,12.911968733029719,12.296336523385806,0.6156322096439126,0.5892340470994966,0.05279632508883214
600213,2014-11-24,13.31,13.31,13.59,13.3,13.56,2193214,29589737.0,0.0,,,0.018782870022539443,13.360000000000005,13.097000000000005,12.6535,12.093333333333328,13.011665851025146,12.389941230198048,0.6217246208270986,0.595732161845017,0.05198491796416316
600213,2014-11-25,13.56,13.63,13.64,13.43,13.54,3318194,44938468.0,0.0,,,-0.0014749262536874151,13.414000000000007,13.219000000000005,12.7355,12.18133333333333,13.092948027790507,12.475130772781178,0.6178172550093297,0.6001491804778796,0.03533614906290028
600213,2014-11-26,13.54,13.54,13.61,13.45,13.53,3396520,45844348.0,0.0,,,-0.0007385524372230273,13.454000000000008,13.302000000000005,12.8005,12.271333333333331,13.160186792745813,12.55326923752113,0.6069175552246833,0.6015028554272404,0.010829399594885825
600213,2014-11-27,13.53,13.55,13.8,13.47,13.72,3085026,41949820.0,0.0,,,0.01404286770140438,13.532000000000007,13.405000000000005,12.8775,12.370999999999995,13.246311901554149,12.639693741993518,0.6066181595606306,0.6025259162539185,0.008184486613424191
600213,2014-11-28,13.72,13.77,14.59,13.6,14.57,3972946,56536010.0,0.0,,,0.061953352769679275,13.78400000000001,13.542000000000005,12.998,12.503333333333329,13.449956224391972,12.782679396169979,0.6672768282219934,0.6154760986475335,0.10360145914891983
600213,2014-12-01,14.57,14.7,14.8,13.8,13.81,3244785,46108405.0,0.0,,,-0.052161976664378835,13.834000000000007,13.597000000000005,13.081,12.603999999999996,13.505347574485516,12.858777221354302,0.6465703531312137,0.6216949495442696,0.049750807173888134
600213,2014-12-02,13.81,13.7,14.06,13.58,13.94,2511986,34503661.0,0.0,,,0.009413468501086096,13.91400000000001,13.664000000000005,13.171,12.701999999999995,13.57221717841082,12.938867800160399,0.633349378250422,0.6240258352855002,0.018647085929843765
600213,2014-12-03,13.94,13.9,13.9,13.54,13.65,2797599,38146258.0,0.0,,,-0.020803443328550872,13.938000000000011,13.696000000000005,13.248499999999998,12.79066666666666,13.584183766347618,12.991544260997317,0.5926395053503004,0.6177485692984602,-0.05021812789631963
600213,2014-12-04,13.65,13.65,13.75,13.59,13.66,1956634,26725847.0,0.0,,,0.000732600732600717,13.926000000000009,13.729000000000005,13.3245,12.878666666666662,13.595847802294138,13.041059502306913,0.5547882999872247,0.6051565154362132,-0.10073643089797701
600213,2014-12-05,13.66,13.65,14.1,13.4,13.84,2848302,39080044.0,0.0,,,0.013177159590043905,13.780000000000012,13.782000000000002,13.389000000000001,12.965333333333325,13.633409678864272,13.100240281444854,0.5331693974194174,0.590759091832854,-0.11517938882687329
600213,2014-12-08,13.84,13.84,13.84,13.58,13.66,2091319,28556104.0,0.0,,,-0.013005780346820787,13.750000000000009,13.792000000000002,13.4445,13.032999999999996,13.637500497500538,13.141703965294024,0.4957965322065139,0.5717665799075861,-0.15194009540214437
600213,2014-12-09,13.66,13.59,14.03,13.53,13.94,6068559,83078224.0,0.0,,,0.020497803806734945,13.750000000000009,13.832000000000004,13.5255,13.100999999999996,13.684038882500454,13.20083700621344,0.48320187628701383,0.5540536391834716,-0.14170352579291556
600213,2014-12-10,13.94,13.83,14.19,13.74,14.17,2045466,28624121.0,0.0,,,0.016499282639885253,13.85400000000001,13.895999999999999,13.599,13.16566666666666,13.758802131346538,13.272626859079383,0.48617527226715573,0.5404779658002085,-0.10860538706610545
600213,2014-12-11,14.17,14.17,15.07,14.0,14.55,4122358,59381425.0,0.0,,,0.02681721947777,14.032000000000009,13.979000000000005,13.692000000000002,13.244666666666662,13.880524880370148,13.36724709353944,0.5132777868307077,0.5350379300063083,-0.0435202863512012
600213,2014-12-12,14.55,14.54,14.54,14.18,14.39,2344427,33598994.0,0.0,,,-0.010996563573883171,14.14200000000001,13.961000000000002,13.751500000000002,13.318999999999996,13.95890566800551,13.443006569425984,0.515899098579526,0.5312101637209519,-0.030622130282851767
600213,2014-12-15,14.39,14.2,14.54,14.0,14.53,2579903,36640232.0,0.0,,,0.009728978457261905,14.316000000000011,14.033,13.815,13.398333333333328,14.0467663344662,13.523524602633033,0.523241731833167,0.5296164773433949,-0.01274949102045575
600213,2014-12-16,14.53,14.52,14.67,14.22,14.59,1767400,25671476.0,0.0,,,0.0041293874741913615,14.446000000000012,14.098000000000004,13.880999999999998,13.479999999999993,14.130340744548326,13.602522781408272,0.5278179631400537,0.5292567745027267,-0.002877622725345974
600213,2014-12-17,14.59,14.5,14.79,14.32,14.46,1542778,22307341.0,0.0,,,-0.008910212474297395,14.50400000000001,14.179000000000002,13.9375,13.558666666666658,14.181057553079354,13.66603961330285,0.515017939776504,0.5264090075574821,-0.022782135561956185
600213,2014-12-18,14.46,14.47,14.54,14.33,14.46,2387619,34540154.0,0.0,,,0.0,14.48600000000001,14.259000000000004,13.994000000000002,13.635999999999992,14.223971775682529,13.724851494560067,0.49912028112246176,0.520951262270478,-0.043661962296032586
600213,2014-12-19,14.46,14.45,14.7,14.11,14.68,3276608,47348131.0,0.0,,,0.015214384508990238,14.544000000000008,14.343000000000005,14.0625,13.706999999999994,14.294129964039062,13.795603236551592,0.4985267274874694,0.5164663553138763,-0.0358792556528138
600213,2014-12-22,14.68,14.65,14.8,14.24,14.5,3548510,51197280.0,0.0,,,-0.012261580381471371,14.538000000000007,14.427000000000005,14.1095,13.771999999999993,14.325802277263822,13.847780775163741,0.47802150210008065,0.5087773846711172,-0.06151176514207313
600213,2014-12-23,14.5,14.5,14.5,14.2,14.3,1545823,22103042.0,0.0,,,-0.013793103448275813,14.480000000000008,14.463000000000005,14.1475,13.837999999999992,14.321832696146311,13.881278495866127,0.4405542002801841,0.4951327477929306,-0.10915709502549298
600213,2014-12-24,14.3,14.24,14.39,14.2,14.22,2154431,30799946.0,0.0,,,-0.0055944055944056,14.432000000000004,14.468000000000007,14.182000000000002,13.88866666666666,14.306166127508416,13.906368977892496,0.39979714961591917,0.4760656281575283,-0.15253695708321824
600213,2014-12-25,14.22,14.22,14.65,14.21,14.61,2470411,35601321.0,0.0,,,0.027426160337552657,14.462000000000007,14.474000000000007,14.2265,13.95266666666666,14.352909800199429,13.958489794803983,0.3944200053954461,0.4597365036051119,-0.13063299641933168
600213,2014-12-26,14.61,14.7,14.99,14.51,14.98,2731613,40278199.0,0.0,,,0.02532511978097201,14.52200000000001,14.533000000000005,14.247000000000005,14.011999999999995,14.449385215553363,14.0341572180282,0.4152279975251627,0.4508348023891221,-0.07121360972791879
600213,2014-12-29,14.98,14.98,15.2,14.6,15.12,2900889,43229382.0,0.0,,,0.009345794392523284,14.64600000000001,14.592000000000004,14.312500000000005,14.073999999999995,14.552556720852847,14.11459001730016,0.4379667035526875,0.44826118262183523,-0.02058895813829542
600213,2014-12-30,15.12,14.9,15.1,14.8,14.88,2260502,33755424.0,0.0,,,-0.015873015873015768,14.76200000000001,14.621000000000004,14.359500000000002,14.127666666666665,14.602932609952408,14.17128705345213,0.43164555650027836,0.44493805739752385,-0.02658500179449097
600213,2014-12-31,14.88,14.88,15.08,14.72,15.03,2578469,38345294.0,0.0,,,0.010080645161290229,14.92400000000001,14.678000000000004,14.428500000000005,14.18433333333333,14.668635285344346,14.23489542027489,0.4337398650694553,0.44269841893191014,-0.01791710772490973
600213,2015-01-05,15.03,15.05,15.42,14.88,15.41,2305149,35038720.0,0.0,,,0.025282767797737908,15.084000000000007,14.773,14.516000000000002,14.253666666666666,14.78269139529137,14.321940204480025,0.46075119081134375,0.4463089733077969,0.0288844350070937
600213,2015-01-06,15.41,15.41,16.2,15.19,15.55,2232341,35020514.0,0.0,,,0.009085009733939038,15.198000000000008,14.860000000000005,14.601500000000005,14.32833333333333,14.90073887293885,14.412907597245681,0.48783127569316953,0.45461343378487146,0.06643568381659615
600213,2015-01-07,15.55,15.5,15.55,15.27,15.48,1987036,30669790.0,0.0,,,-0.004501607717041819,15.270000000000007,14.958000000000002,14.692500000000004,14.392333333333333,14.989855969409797,14.49195147933742,0.49790449007237747,0.46327164504237267,0.0692656900600096
600213,2015-01-08,15.48,15.5,15.65,15.36,15.57,1849154,28688712.0,0.0,,,0.005813953488372082,15.40800000000001,15.085,14.774000000000004,14.459999999999996,15.079108897192906,14.571806925692432,0.5073019715004747,0.4720777103339931,0.07044852233296328
600213,2015-01-09,15.57,15.58,15.95,15.58,15.69,1953447,30686413.0,0.0,,,0.007707129094412281,15.54000000000001,15.232000000000001,14.850000000000005,14.531999999999998,15.173092143778613,14.654636042672767,0.518456101105846,0.4813533884883637,0.07420542523496454
600213,2015-01-12,15.69,15.83,16.5,15.7,16.16,5214526,84159718.0,0.0,,,0.02995538559592101,15.690000000000007,15.387,14.930500000000006,14.613333333333333,15.324924121658826,14.766144484411194,0.5587796372476319,0.49683863824021735,0.12388199801482913
600213,2015-01-13,16.16,16.16,16.2,15.9,16.07,3318264,53097778.0,0.0,,,-0.00556930693069306,15.794000000000008,15.495999999999999,15.014500000000005,14.66333333333333,15.439551179865163,14.862726374819655,0.5768248050455078,0.5128358716012755,0.12797786688846458
600213,2015-01-14,16.07,15.99,17.02,15.9,16.84,5179507,85892884.94,0.0,,,0.04791537025513376,16.06600000000001,15.668,15.130000000000004,14.76433333333333,15.655004844501292,15.009191088308274,0.645813756193018,0.539431448519624,0.21276461534678792
600213,2015-01-15,16.84,16.75,18.22,16.65,17.39,11919540,209649687.0,0.0,,,0.03266033254156773,16.430000000000007,15.919,15.270000000000005,14.87933333333333,15.921927176116478,15.185547304560302,0.736379871556176,0.5788211331269344,0.31511747685848324
600213,2015-01-16,17.39,17.01,17.05,16.06,16.2,9619174,157716550.0,0.0,,,-0.06843013225991956,16.532000000000007,16.035999999999998,15.357000000000005,14.96433333333333,15.964707610560096,15.260691948892287,0.7040156616678086,0.6038600388351093,0.2003112456653986
600213,2015-01-19,16.2,15.85,16.19,15.26,15.71,5282195,83129428.0,0.0,,,-0.03024691358024682,16.442000000000007,16.066,15.419500000000005,15.032666666666662,15.925521824320082,15.29397402684453,0.6315477974755517,0.6093975905631979,0.04430041382470762
600213,2015-01-20,15.71,15.7,16.18,15.69,16.14,3661039,58029515.18,0.0,,,0.027371101209420733,16.456000000000007,16.125,15.492500000000005,15.109333333333328,15.958518466732377,15.356642617609758,0.601875849122619,0.6078932422750821,-0.01203478630492616
600213,2015-01-21,16.14,16.14,16.29,15.75,16.22,5529201,88541366.0,0.0,,,0.004956629491945371,16.332000000000004,16.199,15.578500000000002,15.19466666666666,15.998746394927396,15.420595016457572,0.5781513784698245,0.6019448695140306,-0.04758698208841228
600213,2015-01-22,16.22,16.3,16.9,16.1,16.89,4605564,75513044.0,0.0,,,0.04130702836004943,16.232000000000006,16.331,15.708000000000002,15.292999999999996,16.135862334169335,15.529439830293219,0.6064225038761162,0.6028403963864477,0.007164214979336947
600213,2015-01-23,16.89,16.91,16.91,16.34,16.44,3500986,58031543.0,0.0,,,-0.026642984014209548,16.280000000000005,16.406,15.819,15.36866666666666,16.18265274429713,15.596888731890637,0.5857640124064929,0.5994251195904567,-0.0273222143679277
600213,2015-01-26,16.44,16.45,16.57,16.1,16.49,3362918,55065212.57,0.0,,,0.003041362530413452,16.436,16.439,15.913,15.433333333333328,16.229936937482186,15.663045122245979,0.5668918152362075,0.5929184587196069,-0.052053286966798895
600213,2015-01-27,16.49,16.49,16.69,16.24,16.41,3299285,54149096.0,0.0,,,-0.004851425106124821,16.490000000000002,16.473000000000006,15.9845,15.500666666666662,16.25763894710031,15.718375113287536,0.5392638338127753,0.5821875337382406,-0.0858473998509306
600213,2015-01-28,16.41,16.41,16.41,16.18,16.28,2324466,37835558.0,0.0,,,-0.007921998781230895,16.502000000000002,16.417,16.0425,15.558999999999996,16.26107910908488,15.75997695681512,0.501102152269759,0.5659704574445443,-0.12973661034957074
600213,2015-01-29,16.28,16.04,16.27,16.04,16.21,2529182,40899886.0,0.0,,,-0.004299754299754317,16.366,16.299,16.109,15.612999999999996,16.25322078461028,15.793311997101043,0.4599087875092387,0.5447581234574832,-0.16969867189648902
600213,2015-01-30,16.21,16.25,16.31,16.16,16.29,2058668,33423232.0,0.0,,,0.00493522516964826,16.336000000000002,16.308,16.172000000000004,15.673999999999998,16.258879125439467,15.830103701070588,0.4287754243688795,0.5215615836397625,-0.18557231854176592
600213,2015-02-02,16.29,16.03,16.15,15.58,16.12,2157418,34332048.0,0.0,,,-0.010435850214855626,16.262000000000004,16.349,16.207500000000003,15.729333333333333,16.237513106141087,15.851577501018904,0.3859356051221834,0.49443638793624667,-0.21700156562812656
600213,2015-02-03,16.12,16.12,16.49,16.09,16.47,2964832,48180483.0,0.0,,,0.021712158808932867,16.274000000000004,16.381999999999998,16.2535,15.788999999999994,16.27328032058092,15.897386575072055,0.3758937455088649,0.4707278594507704,-0.189668227883811
600213,2015-02-04,16.47,16.45,16.71,16.44,16.5,2843713,47140069.0,0.0,,,0.0018214936247723825,16.318000000000005,16.41,16.304499999999994,15.855666666666664,16.30816027126078,15.94202460659742,0.3661356646633589,0.4498094204932881,-0.1673475116598584
600213,2015-02-05,16.5,16.5,17.19,16.5,16.8,4018050,67674025.0,0.0,,,0.018181818181818226,16.436,16.401,16.366,15.938999999999995,16.383827921836044,16.005578339506943,0.3782495823291008,0.4354974528604506,-0.11449574106269966
600213,2015-02-06,16.8,16.76,17.06,16.5,16.86,4307000,72190496.0,0.0,,,0.0035714285714284954,16.55,16.442999999999998,16.424500000000002,16.026999999999994,16.4570851646305,16.06886883293663,0.3882163316938687,0.4260412286271343,-0.07564979386653115
600213,2015-02-09,16.86,16.9,16.97,16.49,16.86,3636704,61125242.0,0.0,,,0.0,16.698,16.48,16.4595,16.101999999999997,16.519072062379653,16.12747114165929,0.39160092072036434,0.4191531670457803,-0.05510449265083195
600213,2015-02-10,16.86,17.5,17.65,16.65,17.02,2582200,44006783.0,0.0,,,0.00948991696322658,16.808,16.541000000000004,16.506999999999998,16.169999999999995,16.59613789893663,16.19358439047885,0.40255350845777826,0.41583323532817995,-0.026559453740803374
600213,2015-02-11,17.02,16.82,16.94,16.63,16.81,3158867,52674831.0,0.0,,,-0.012338425381903693,16.869999999999994,16.594,16.5055,16.22633333333333,16.629039760638687,16.239244806033202,0.38979495460548463,0.41062557918364095,-0.04166124915631264
600213,2015-02-12,16.81,17.0,17.0,16.66,16.83,1567549,26260739.0,0.0,,,0.0011897679952409027,16.875999999999998,16.656000000000002,16.4775,16.291333333333327,16.65995672054043,16.28300445006115,0.37695227047927915,0.40389091744276867,-0.05387729392697904
600213,2015-02-13,16.83,16.82,17.01,16.75,16.94,1967326,33169725.0,0.0,,,0.006535947712418479,16.892,16.721000000000004,16.5145,16.354999999999997,16.703040301995745,16.331670787124967,0.3713695148707785,0.3973866369283707,-0.052034244115184314
600213,2015-02-16,16.94,16.94,16.94,16.72,16.87,1328353,22319468.0,0.0,,,-0.0041322314049586925,16.894000000000002,16.796000000000006,16.5725,16.403666666666666,16.728726409381014,16.371547025139467,0.3571793842415474,0.38934518639100607,-0.06433160429891738
600213,2015-02-17,16.87,16.83,16.96,16.77,16.92,1430428,24166247.0,0.0,,,0.002963841138115039,16.874000000000002,16.841000000000005,16.611500000000003,16.449333333333332,16.75815311563009,16.412173171447844,0.34597994418224687,0.38067213794925425,-0.06938438753401477
600213,2015-02-25,16.92,16.92,17.09,16.8,16.92,886690,14944549.0,0.0,,,0.0,16.896,16.883000000000006,16.646500000000003,16.497333333333327,16.783052636302383,16.449789973582032,0.333262662720351,0.37119024290347363,-0.07585516036624529
600213,2015-02-26,16.92,16.92,16.95,16.79,16.86,1429747,24097559.0,0.0,,,-0.0035460992907802758,16.902,16.889000000000006,16.645000000000003,16.54033333333333,16.794890692255862,16.480175901479214,0.3147147907766481,0.35989515247810855,-0.0903607234029209
600213,2015-02-27,16.86,16.85,16.86,16.6,16.79,1911966,31954280.0,0.0,,,-0.004151838671411642,16.872000000000003,16.882000000000005,16.662500000000005,16.576999999999995,16.794138278062654,16.503125834713025,0.2910124433496293,0.34611861065241273,-0.1102123346055669
600213,2015-03-02,16.79,16.8,16.84,16.56,16.65,1835711,30545835.0,0.0,,,-0.008338296605122131,16.828000000000007,16.861000000000008,16.670500000000004,16.59333333333333,16.771963158360705,16.51400540251647,0.2579577558442345,0.3284864396907771,-0.1410573676930852
600213,2015-03-03,16.65,16.65,16.65,16.38,16.49,4049100,66643679.0,0.0,,,-0.00960960960960962,16.742,16.808000000000007,16.674500000000002,16.60733333333333,16.728584210920598,16.51222722455162,0.2163569863689787,0.30606054902641744,-0.17940712531487746
600213,2015-03-04,16.49,16.48,16.68,16.44,16.67,2192943,36494281.0,0.0,,,0.010915706488781278,16.692,16.794000000000004,16.694000000000006,16.601666666666667,16.719571255394353,16.523914096811115,0.19565715858323784,0.28397987093778154,-0.1766454247090874
600213,2015-03-05,16.67,16.76,17.5,16.67,17.31,3675858,63268653.0,0.0,,,0.03839232153569268,16.782000000000004,16.842000000000006,16.749000000000006,16.598999999999997,16.810406446872143,16.582142682251256,0.2282637646208876,0.27283664967440274,-0.08914577010703029
600213,2015-03-06,17.31,17.32,17.47,16.5,16.66,4330764,72619772.0,0.0,,,-0.03755054881571338,16.756,16.814000000000007,16.767500000000005,16.61433333333333,16.7872669935072,16.587909890975105,0.19935710253209393,0.25814074024594097,-0.11756727542769407
600213,2015-03-09,16.66,16.64,16.64,16.38,16.47,1596613,26273655.0,0.0,,,-0.011404561824729969,16.72,16.774000000000008,16.785000000000007,16.639666666666667,16.738456686813784,16.579175824974538,0.15928086183924606,0.238368764564602,-0.15817580545071186
600213,2015-03-10,16.47,16.47,16.65,16.4,16.63,1686750,27940271.0,0.0,,,0.009714632665452349,16.747999999999998,16.745000000000005,16.793000000000006,16.656,16.721771042688587,16.58294057868109,0.13883046400749777,0.21846110445318112,-0.1592612808913667
600213,2015-03-11,16.63,16.63,17.0,16.54,16.93,1461385,24364363.0,0.0,,,0.01803968731208664,16.799999999999994,16.746000000000002,16.814500000000006,16.679666666666662,16.75380626689034,16.608648683970053,0.14515758292028735,0.20380040014660236,-0.11728563445263002
600213,2015-03-12,16.93,16.93,17.03,16.84,16.92,3348466,56679641.0,0.0,,,-0.0005906674542231548,16.721999999999998,16.752000000000002,16.820500000000006,16.68066666666666,16.779374533522596,16.631711744421768,0.14766278910082775,0.19257287793744746,-0.08982017767323941
600213,2015-03-13,16.92,16.92,17.16,16.84,17.0,3755237,63807040.0,0.0,,,0.004728132387706754,16.79,16.773000000000003,16.827500000000008,16.699333333333332,16.813316912980657,16.658992355951614,0.15432455702904235,0.18492321375576645,-0.0611973134534482
600213,2015-03-16,17.0,17.0,17.26,17.0,17.16,2813905,48261057.0,0.0,,,0.009411764705882359,16.927999999999994,16.824000000000005,16.84250000000001,16.72166666666666,16.866652772522094,16.6961040332955,0.17054873922659297,0.18204831884993178,-0.022999159246677614
600213,2015-03-17,17.16,17.16,17.28,17.0,17.19,2422346,41349036.0,0.0,,,0.0017482517482518144,17.04,16.894000000000002,16.851000000000006,16.747666666666664,16.91639849982639,16.73268891972442,0.18370958010196858,0.18238057110033917,0.002658018003258822
600213,2015-03-18,17.19,17.23,17.3,17.0,17.11,5039706,85956458.0,0.0,,,-0.004653868528214185,17.076,16.938,16.866000000000007,16.77533333333333,16.946183346006944,16.760637888638225,0.1855454573687183,0.183013548354015,0.005063818029406586
600213,2015-03-19,17.11,17.13,17.16,16.31,16.64,7206154,120226202.0,0.0,,,-0.02746931618936288,17.02,16.871,16.856500000000008,16.789666666666662,16.89907821585203,16.751701748737766,0.14737646711426322,0.17588613210606466,-0.05701932998360287
600213,2015-03-20,16.64,16.68,16.68,16.3,16.61,7465288,122714580.0,0.0,,,-0.001802884615384684,16.942,16.866,16.84000000000001,16.800333333333327,16.854604644182487,16.741205322903888,0.11339932127859953,0.16338876994057164,-0.09997889732394422
600213,2015-03-23,16.61,16.54,16.56,16.33,16.55,11257132,185020581.0,0.0,,,-0.0036122817579770455,16.82,16.874000000000002,16.82400000000001,16.81466666666666,16.807742391231333,16.72704196564994,0.08070042558139434,0.1468511010687362,-0.1323013509746837
600213,2015-03-24,16.55,16.56,16.57,16.35,16.53,9985088,163864116.0,0.0,,,-0.0012084592145014848,16.688,16.864,16.804500000000008,16.81666666666666,16.765012792580357,16.712446264488957,0.0525665280914005,0.12799418647326904,-0.1508553167637371
600213,2015-03-25,16.53,16.48,16.54,16.3,16.36,6957346,114077483.0,0.0,,,-0.010284331518451402,16.538,16.807000000000002,16.77650000000001,16.811999999999994,16.70270313218338,16.68633913378321,0.016363998400169777,0.10566814885864918,-0.1786083009169588
600213,2015-03-26,16.36,16.38,16.52,16.32,16.41,9318305,152939773.0,0.0,,,0.003056234718826449,16.491999999999994,16.756,16.754000000000012,16.798999999999992,16.657671881078244,16.66586956831571,-0.008197687237466056,0.08289498163942613,-0.18218533775378437
600213,2015-03-27,16.41,16.47,16.51,16.13,16.24,7973436,129803094.0,0.0,,,-0.010359536867763662,16.418,16.68,16.72650000000001,16.77833333333332,16.593414668604666,16.634323674363436,-0.040909005758770434,0.058134184159786814,-0.1980863798371145
600213,2015-03-30,16.24,16.23,16.39,16.12,16.3,10624744,172623661.0,0.0,,,0.0036945812807883172,16.368,16.594,16.70900000000001,16.759666666666654,16.548273950357792,16.609558957741772,-0.06128500738397946,0.03425034585103356,-0.19107070647002605
600213,2015-03-31,16.3,16.32,16.37,16.23,16.29,6406968,104300883.0,0.0,,,-0.0006134969325154332,16.32,16.504,16.699000000000012,16.73533333333332,16.508539496456596,16.585887923833067,-0.07734842737647085,0.011930591205532668,-0.17855803716400703
600213,2015-04-01,16.29,16.29,16.33,16.24,16.3,6792881,110598923.0,0.0,,,0.0006138735420504336,16.308,16.423000000000002,16.680500000000013,16.71833333333332,16.476456497001735,16.564711040584594,-0.08825454358285967,-0.008106435752145804,-0.16029621566142774
600213,2015-04-02,16.3,16.33,16.33,16.16,16.24,8516191,138060471.0,0.0,,,-0.003680981595092164,16.273999999999994,16.383000000000006,16.627000000000013,16.69866666666665,16.44007857438608,16.540658370910002,-0.10057979652392035,-0.02660110790650072,-0.14795737723483926
600213,2015-04-03,16.24,16.23,16.23,16.02,16.1,7473875,120437047.0,0.0,,,-0.008620689655172232,16.246000000000002,16.332000000000004,16.59900000000001,16.67066666666665,16.3877587937113,16.508017010099767,-0.12025821638846779,-0.04533252960289414,-0.1498513735711473
600213,2015-04-07,16.1,16.14,16.87,16.14,16.84,22259403,367370230.0,0.0,,,0.04596273291925456,16.354000000000006,16.361000000000004,16.617500000000017,16.66966666666665,16.457334363909563,16.532608342686427,-0.07527397877686326,-0.05132081943768798,-0.04790631867835056
600213,2015-04-08,16.84,16.87,17.3,16.5,17.24,23582851,400768483.0,0.0,,,0.02375296912114006,16.544,16.432000000000006,16.648000000000017,16.680333333333312,16.57774446176963,16.58500772471253,-0.007263262942899473,-0.04250930813873028,0.07049209039166161
600213,2015-04-09,17.24,17.3,17.49,16.36,16.56,13428285,226517323.0,0.0,,,-0.03944315545243618,16.596,16.452000000000005,16.629500000000018,16.668333333333315,16.5750145445743,16.583155300659655,-0.008140756085353473,-0.03563559772805492,0.05498968328540289
600213,2015-04-10,16.56,16.48,16.49,16.17,16.45,10111079,165086153.0,0.0,,,-0.006642512077294652,16.637999999999998,16.456000000000003,16.606000000000012,16.654666666666643,16.555781537716715,16.573291945054773,-0.017510407338058087,-0.03201055965005555,0.02900030462399493
600213,2015-04-13,16.45,16.43,16.48,16.22,16.29,12963567,211130234.0,0.0,,,-0.00972644376899697,16.676000000000005,16.461000000000002,16.570500000000013,16.63799999999998,16.51489207037568,16.552307356531283,-0.03741528615560341,-0.03309150495116513,-0.008647562408876569
600213,2015-04-14,16.29,16.3,16.34,16.02,16.2,11532617,185804603.0,0.0,,,-0.005524861878453032,16.548000000000005,16.451,16.522500000000008,16.62299999999998,16.46644713647173,16.526210515305692,-0.05976337883396354,-0.038425879727724814,-0.04267499821247746
600213,2015-04-15,16.2,16.18,16.18,15.39,15.4,8901141,139963560.0,0.0,,,-0.04938271604938265,16.180000000000007,16.362000000000002,16.43300000000001,16.586666666666645,16.30237834624531,16.442787514168824,-0.1404091679235151,-0.05882253736688287,-0.16317326111326447
600213,2015-04-16,15.4,13.86,14.8,13.86,14.76,31709653,449140551.0,0.0,,,-0.04155844155844159,15.820000000000007,16.208,16.315500000000007,16.522999999999982,16.065089369899876,16.31813658718905,-0.253047217289172,-0.09766747335134073,-0.31075948787566254
600213,2015-04-17,14.76,14.5,14.5,14.09,14.24,19924072,284190461.0,0.0,,,-0.035230352303523005,15.378000000000005,16.008,16.19550000000001,16.420666666666644,15.78430638991528,16.16420054368864,-0.37989415377336044,-0.15411280943574468,-0.4515626886752315
600213,2015-04-20,14.24,14.19,14.19,13.69,13.71,16930867,235456846.0,0.0,,,-0.037219101123595465,14.862000000000005,15.769,16.050500000000007,16.322333333333308,15.465182329928314,15.982407910817432,-0.517225580889118,-0.22673536372641936,-0.5809804343253973
600213,2015-04-21,13.71,13.67,14.6,13.64,14.59,19127850,272043415.0,0.0,,,0.06418672501823479,14.540000000000004,15.544,15.952500000000004,16.259666666666643,15.330538894554728,15.879266584087388,-0.5487276895326598,-0.2911338288876675,-0.5151877212899847
600213,2015-04-22,14.59,14.6,15.4,14.6,15.29,18863800,286413468.0,0.0,,,0.04797806716929399,14.518000000000004,15.348999999999998,15.890500000000007,16.214999999999982,15.324302141546308,15.835617207487214,-0.5113150659409058,-0.3351700762983152,-0.35228997928518124
600213,2015-04-23,15.29,15.29,15.55,15.01,15.15,12339345,187396504.0,0.0,,,-0.009156311314584616,14.596000000000007,15.207999999999998,15.830000000000007,16.155666666666644,15.29748642746226,15.784830747672153,-0.4873443202098926,-0.3656049250806307,-0.24347879025852381
600213,2015-04-24,15.15,15.12,15.12,14.59,14.75,9046753,134209101.0,0.0,,,-0.026402640264026424,14.698000000000008,15.038,15.747000000000005,16.083333333333307,15.213257746314222,15.708176618213287,-0.49491887189906514,-0.39146771444431766,-0.20690231490949496
600213,2015-04-27,14.75,14.8,14.98,14.76,14.84,8253806,122696581.0,0.0,,,0.006101694915254228,14.924000000000007,14.892999999999999,15.677000000000005,16.011333333333305,15.155833477650496,15.64386723908508,-0.48803376143458443,-0.410780923842371,-0.15450567518442682
600213,2015-04-28,14.84,14.84,14.84,14.07,14.15,9665991,138293003.0,0.0,,,-0.04649595687331533,14.836000000000007,14.688000000000002,15.5695,15.910999999999973,15.001089865704266,15.533210406558194,-0.5321205408539278,-0.4350488472446825,-0.19414338721849056
600213,2015-04-29,14.15,14.08,14.75,13.8,14.61,6156405,88073805.0,0.0,,,0.03250883392226142,14.700000000000005,14.609000000000002,15.485500000000002,15.824999999999974,14.940922194057455,15.464824450515664,-0.523902256458209,-0.45281952908738776,-0.14216545474164244
600213,2015-04-30,14.61,14.61,14.91,14.54,14.62,6676840,98719288.0,0.0,,,0.0006844626967830108,14.594000000000005,14.595000000000002,15.401500000000002,15.741999999999974,14.891549548817848,15.402244861587576,-0.5106953127697285,-0.4643946858238559,-0.09260125389174512
600213,2015-05-04,14.62,14.61,15.25,14.17,14.97,8834637,131692193.0,0.0,,,0.023939808481532245,14.638000000000005,14.668,15.338000000000005,15.686333333333307,14.903618848999717,15.370226723691724,-0.4666078746920075,-0.4648373235974862,-0.0035411021890425776
600213,2015-05-05,14.97,14.98,15.11,14.5,14.56,7771530,115264306.0,0.0,,,-0.027388109552438214,14.582000000000004,14.753,15.261,15.617999999999974,14.850754410692069,15.310209929343367,-0.4594555186512981,-0.4637609626082487,0.008610887913901188
600213,2015-05-06,14.56,14.48,14.78,13.96,14.17,6121939,88562600.0,0.0,,,-0.02678571428571432,14.586000000000006,14.711,15.127500000000005,15.538666666666641,14.746022962893289,15.225749934576118,-0.47972697168282963,-0.4669541644231649,-0.025545614519329463
600213,2015-05-07,14.17,14.2,14.2,13.21,13.41,5804077,79777780.0,0.0,,,-0.053634438955539855,14.346000000000005,14.523,14.936000000000005,15.434666666666644,14.540480968602012,15.091249939420749,-0.5507689708187371,-0.48371712570227937,-0.13410369023291546
600213,2015-05-08,13.41,13.41,14.12,13.4,14.03,5661746,78159057.0,0.0,,,0.046234153616703896,14.228000000000005,14.410999999999998,14.809500000000005,15.356999999999974,14.461945434970934,15.012638832796133,-0.5506933978251993,-0.49711238012686343,-0.1071620353966718
600213,2015-05-11,14.03,14.14,14.37,13.88,14.36,7073500,100129562.0,0.0,,,0.02352102637205988,14.106000000000005,14.371999999999995,14.705000000000005,15.288666666666641,14.446261521898483,14.964295215551488,-0.5180336936530043,-0.5012966428320917,-0.03347410164182518
600213,2015-05-12,14.36,14.4,14.65,14.25,14.53,7718623,111672092.0,0.0,,,0.011838440111420608,14.100000000000005,14.340999999999998,14.617,15.23166666666664,14.459144364683333,14.93212519958441,-0.4729808349010778,-0.49563348124588896,0.045305292689622356
600213,2015-05-13,14.53,14.48,14.8,14.31,14.45,8293544,120674874.0,0.0,,,-0.005505849965588443,14.156000000000002,14.370999999999995,14.529500000000002,15.169999999999973,14.457737539347436,14.896412221837107,-0.4386746824896708,-0.48424172149464534,0.0911340780099491
600213,2015-05-14,14.45,14.42,14.82,14.27,14.74,8631114,126363239.0,0.0,,,0.0200692041522492,14.422000000000002,14.383999999999995,14.496500000000005,15.118333333333304,14.501162533293982,14.884826131330563,-0.38366359803658057,-0.4641260968030324,0.16092499753290368
600213,2015-05-15,14.74,14.86,15.24,14.71,14.75,10178023,152102210.0,0.0,,,0.0006784260515603652,14.566000000000004,14.396999999999995,14.496000000000004,15.066666666666636,14.539445220479525,14.874839010491188,-0.33539379001166303,-0.4383796354447586,0.20597169086619116
600213,2015-05-18,14.75,14.8,15.18,14.75,15.0,9198680,137950522.0,0.0,,,0.01694915254237288,14.694000000000004,14.399999999999995,14.534000000000002,15.025333333333304,14.610299801944214,14.884110194899312,-0.2738103929550988,-0.40546578694682667,0.26331078798345575
600213,2015-05-19,15.0,15.01,15.17,14.85,14.96,8211166,122757199.0,0.0,,,-0.002666666666666609,14.78,14.439999999999998,14.596500000000002,14.987333333333304,14.664099832414337,14.889731661943845,-0.2256318295295081,-0.369498995463363,0.2877343318677098
600213,2015-05-20,14.96,14.98,15.25,14.88,15.04,12990800,195419749.0,0.0,,,0.005347593582887587,14.898,14.526999999999996,14.619000000000005,14.927333333333303,14.721930627427515,14.90086264994807,-0.17893202252055573,-0.33138560087480157,0.30490715670849167
600213,2015-05-21,15.04,15.04,15.44,15.04,15.39,11806536,180216161.0,0.0,,,0.023271276595744773,15.027999999999999,14.724999999999998,14.624000000000004,14.865666666666634,14.824710530900205,14.93709504624841,-0.11238451534820548,-0.28758538376948234,0.3504017368425537
600213,2015-05-22,15.39,15.52,15.59,15.13,15.39,13011969,199550179.0,0.0,,,0.0,15.155999999999999,14.861,14.636000000000005,14.826666666666634,14.911678141530942,14.970643561341289,-0.058965419810347086,-0.24186139097765527,0.36579194233461637
600213,2015-05-25,15.39,15.33,16.19,15.17,16.14,16653317,263806289.0,0.0,,,0.048732943469785565,15.384,15.038999999999998,14.705500000000004,14.8163333333333,15.100650735141567,15.057262556797893,0.043388178343674255,-0.18481147711338936,0.4563993109141272
600213,2015-05-26,16.14,16.18,17.75,15.86,17.75,25225891,433071110.0,0.0,,,0.09975216852540268,15.942000000000002,15.361,14.851000000000004,14.864999999999972,15.508242929735172,15.256724589628542,0.2515183401066299,-0.09754551366938549,0.6981277075520307
600213,2015-05-27,17.75,18.02,18.79,17.43,18.05,23217774,422594201.0,0.0,,,0.016901408450704262,16.544,15.720999999999998,15.046000000000005,14.926666666666634,15.899282479006683,15.463633879286515,0.43564859972016734,0.0090933090085251,0.8531105814232844
600213,2015-05-28,18.05,18.08,18.86,16.25,16.48,16723266,298996519.0,0.0,,,-0.08698060941828256,16.762,15.895,15.139500000000007,14.96266666666664,15.988623636082577,15.538920258598905,0.4497033774836723,0.09721532270355457,0.7049761095602354
600213,2015-05-29,16.48,16.31,17.3,15.08,16.64,15698609,255621699.0,0.0,,,0.009708737864077678,17.012,16.083999999999996,15.240500000000004,15.025333333333304,16.088835384377568,15.620481720925193,0.4683536634523744,0.17144299085331857,0.5938213451981116
600213,2015-06-01,16.64,16.68,17.8,16.47,17.44,12394732,213749118.0,0.0,,,0.04807692307692312,17.272000000000002,16.327999999999996,15.364000000000004,15.131999999999973,16.296706863704095,15.75526085270894,0.5414460109951555,0.245443594881686,0.5920048322269391
600213,2015-06-02,17.44,17.5,19.18,17.21,19.06,19012110,346180859.0,0.0,,,0.09288990825688058,17.534000000000002,16.737999999999996,15.589000000000004,15.310333333333304,16.721828884672696,16.00005634510159,0.7217725395711057,0.34070938381956994,0.7621263115030714
600213,2015-06-03,19.06,19.06,19.28,17.65,18.56,13820437,257600086.0,0.0,,,-0.026232948583420783,17.636000000000006,17.089999999999996,15.808500000000004,15.442666666666641,17.004624440876896,16.18968180102051,0.8149426398563868,0.4355560350269334,0.7587732096589068
600213,2015-06-04,18.56,18.75,19.05,16.8,18.15,11818121,212442631.0,0.0,,,-0.02209051724137932,17.970000000000006,17.365999999999996,16.0455,15.537999999999974,17.180836065357372,16.334890556500838,0.8459455088565342,0.5176339297928536,0.6566231581273612
600213,2015-06-05,18.15,18.3,18.95,18.1,18.52,13800155,254767989.0,0.0,,,0.02038567493112953,18.346,17.678999999999995,16.270000000000003,15.650333333333304,17.38686128607162,16.496750515278933,0.8901107707926883,0.5921292979928205,0.5959629455997355
600213,2015-06-08,18.52,18.56,20.37,18.56,20.37,20256135,388352304.0,0.0,,,0.09989200863930893,18.932,18.102,16.570500000000006,15.83766666666664,17.845805703599066,16.783657884518153,1.0621478190809128,0.686133002210439,0.7520296337409476
600213,2015-06-09,20.37,19.8,20.47,19.11,19.34,14989506,295838786.0,0.0,,,-0.05056455571919495,18.988000000000003,18.261,16.811,15.987666666666634,18.07568174919921,16.97301655973941,1.102665189459799,0.7694394396603111,0.6664514995989756
600213,2015-06-10,19.34,19.25,20.0,18.6,19.51,13053031,254723667.0,0.0,,,0.008790072388831525,19.178000000000004,18.407,17.064,16.166333333333306,18.296346095476252,17.16094125901832,1.1354048364579334,0.8426325190198358,0.5855446348761952
600213,2015-06-11,19.51,19.26,20.0,18.98,19.97,14135257,275898419.0,0.0,,,0.02357765248590453,19.542,18.756,17.325499999999998,16.34499999999997,18.55383131155683,17.369019684276576,1.1848116272802542,0.9110683406719197,0.5474865732166692
600213,2015-06-12,19.97,19.98,20.49,19.9,20.03,12249852,247313541.0,0.0,,,0.0030045067601403245,19.844,19.095,17.589499999999994,16.525333333333304,18.780934186701934,17.56612933729344,1.2148048494084946,0.9718156424192348,0.4859784139785197
600213,2015-06-15,20.03,20.2,21.35,19.81,20.74,14120547,287860173.0,0.0,,,0.03544682975536681,19.918,19.425,17.8765,16.717666666666634,19.08232892720933,17.801230867864643,1.2810980593446857,1.033672125804325,0.49485186708072115
600213,2015-06-16,20.74,20.03,20.65,19.25,19.56,10638447,211584655.0,0.0,,,-0.05689488910318225,19.962,19.475,18.1065,16.884333333333302,19.15581678456174,17.93151006283781,1.2243067217239307,1.0717990449882462,0.3050153534713691
600213,2015-06-17,19.56,19.35,19.7,18.28,19.59,9652582,183745153.0,0.0,,,0.0015337423312884015,19.977999999999998,19.578,18.334,17.064999999999966,19.222614202321473,18.054361169294424,1.1682530330270495,1.091089842596007,0.15432638086208517
600213,2015-06-18,19.59,19.61,19.87,18.58,18.61,7436324,143995316.0,0.0,,,-0.05002552322613581,19.706,19.624000000000002,18.495,17.238333333333298,19.128365863502786,18.09551960119859,1.0328462623041972,1.0794411265376451,-0.09318972846689588
600213,2015-06-19,18.61,18.0,18.34,16.75,16.76,8579864,148942805.0,0.0,,,-0.09940891993551842,19.052,19.448,18.5635,17.329333333333302,18.764001884502356,17.99659222333192,0.7674096611704364,1.0170348334642034,-0.49925034458753403
600213,2015-06-23,16.76,16.6,16.99,15.11,16.58,6317339,102043521.0,0.0,,,-0.0107398568019095,18.22,19.069,18.5855,17.4033333333333,18.428001594578916,17.89165946604797,0.5363421285309471,0.9208962924775521,-0.76910832789321
600213,2015-06-24,16.58,16.75,16.99,16.0,16.96,8427790,140078532.0,0.0,,,0.022919179734620185,17.7,18.831,18.546,17.484333333333304,18.202155195412928,17.822647653748056,0.37950754166487144,0.8126185423150161,-0.8662220013002893
600213,2015-06-25,16.96,17.02,17.07,15.6,16.02,7915249,131687175.0,0.0,,,-0.05542452830188686,16.985999999999994,18.482,18.4445,17.536666666666633,17.866439011503246,17.689118197914752,0.17732081358849427,0.6855589965697118,-1.016476365962435
600213,2015-06-26,16.02,15.09,15.6,14.42,14.42,7945123,117074782.0,0.0,,,-0.09987515605493133,16.148,17.926999999999996,18.3415,17.525999999999964,17.33621762511813,17.446961294365316,-0.11074366924718504,0.5262984634063324,-1.2740842653070348
600213,2015-06-29,14.42,14.5,14.8,12.98,12.98,8937480,120501637.0,0.0,,,-0.09986130374479886,15.392000000000001,17.221999999999994,18.1585,17.466999999999967,16.66603029817688,17.11607527256023,-0.45004497438334923,0.331029775848396,-1.5621495004634904
600213,2015-06-30,12.98,12.38,13.56,11.68,13.36,10884974,136222358.0,0.0,,,0.029275808936825805,14.748,16.48399999999999,17.9545,17.4123333333333,16.157410252303514,16.837847474592614,-0.6804372222891004,0.12873637622089668,-1.618347197019994
600213,2015-07-01,13.36,13.2,14.0,12.04,12.08,9949425,132418156.0,0.0,,,-0.09580838323353287,13.771999999999995,15.735999999999995,17.6055,17.3163333333333,15.530116367333742,16.48541432832627,-0.9552979609925298,-0.0880704912217887,-1.7344549395414823
600213,2015-07-02,12.08,12.09,12.3,10.87,10.87,10803648,120559746.0,0.0,,,-0.10016556291390737,12.742,14.863999999999995,17.220999999999997,17.1773333333333,14.813175387743936,16.069457711412973,-1.256282323669037,-0.3217128577112385,-1.869138931915597
600213,2015-07-03,10.87,10.2,10.77,9.78,9.78,10020596,99956785.0,0.0,,,-0.10027598896044156,11.813999999999998,13.980999999999995,16.8025,16.9903333333333,14.038840712706408,15.60357195501176,-1.5647312423053528,-0.5703165346300615,-1.9888294153505826
600213,2015-07-06,9.78,10.6,10.6,8.8,8.8,11191251,104979346.0,0.0,,,-0.10020449897750497,10.977999999999998,13.184999999999995,16.316499999999998,16.77066666666663,13.232865218443884,15.099603662047675,-1.8667384436037917,-0.8296009164248076,-2.074275054357968
600213,2015-07-07,8.8,8.38,8.38,7.92,7.92,10016101,79527118.0,0.0,,,-0.10000000000000007,9.889999999999997,12.318999999999996,15.694,16.496666666666634,12.415501338683287,14.567781168562416,-2.152279829879129,-1.094136699115672,-2.116286261526914
600213,2015-07-08,7.92,7.13,7.43,7.13,7.13,20494895,146634402.0,0.0,,,-0.09974747474747477,8.899999999999997,11.335999999999995,15.0835,16.142666666666635,11.602347286578166,14.016834415335333,-2.414487128757168,-1.3582067850439714,-2.112560687426393
600213,2015-07-09,7.13,6.8,7.84,6.8,7.84,18743263,145204097.0,0.0,,,0.09957924263674614,8.293999999999999,10.517999999999997,14.5,15.802333333333301,11.023524627104601,13.559291125310313,-2.535766498205712,-1.5937187276763198,-1.8840955410587843
600213,2015-07-10,7.84,8.4,8.62,8.2,8.62,12474594,106929927.0,0.0,,,0.09948979591836726,8.061999999999998,9.937999999999997,13.9325,15.540333333333301,10.653751607550047,13.193417708620524,-2.539666101070477,-1.7829082023551512,-1.5135157974306512
600213,2015-07-13,8.62,9.07,9.48,9.04,9.48,13240078,124158222.0,0.0,,,0.09976798143851524,8.197999999999999,9.587999999999996,13.405,15.301666666666632,10.473174437157732,12.918349730204094,-2.4451752930463613,-1.9153616204933932,-1.0596273451059361
600213,2015-07-14,9.48,10.11,10.43,9.9,10.43,20431240,210640937.0,0.0,,,0.10021097046413494,8.7,9.294999999999998,12.889500000000002,15.067999999999964,10.466532216056542,12.734027527966695,-2.267495311910153,-1.9857883587767453,-0.5634139062668155
600213,2015-07-15,10.43,10.0,10.3,9.39,9.39,11577691,112248721.0,0.0,,,-0.09971236816874393,9.151999999999996,9.025999999999998,12.380999999999998,14.745666666666631,10.300911875124768,12.486321785154278,-2.1854099100295095,-2.0257126690272984,-0.3193944820044221
600213,2015-07-16,9.39,8.53,9.96,8.45,9.48,12117252,111268334.0,0.0,,,0.009584664536741198,9.48,8.886999999999997,11.8755,14.442999999999964,10.17461774049019,12.263631282550197,-2.089013542060007,-2.03837284363384,-0.10128139685233428
600213,2015-07-17,9.48,9.6,10.33,9.4,10.16,10655509,106280885.0,0.0,,,0.07172995780590714,9.787999999999998,8.924999999999997,11.453,14.176666666666634,10.172368857337853,12.107806743101996,-1.9354378857641432,-2.017785852059901,0.16469593259151516
600213,2015-07-20,10.16,10.21,10.66,9.79,10.21,18457126,187193149.0,0.0,,,0.0049212598425197535,9.933999999999996,9.066,11.1255,13.899666666666635,10.178158263901262,11.967228465835149,-1.789070201933887,-1.972042722034698,0.365945040201622
600213,2015-07-21,10.21,9.91,11.12,9.82,10.94,17471351,184822860.0,0.0,,,0.07149853085210564,10.035999999999998,9.368,10.8435,13.5853333333333,10.29536468483953,11.891137468365862,-1.595772783526332,-1.896788734333025,0.6020319016133859
600213,2015-07-22,10.94,10.75,11.89,10.7,11.66,14803899,167048202.0,0.0,,,0.06581352833638032,10.489999999999998,9.820999999999998,10.5785,13.329333333333302,10.505308579479602,11.874016174412832,-1.3687075949332304,-1.7911725064530664,0.844929823039672
600213,2015-07-23,11.66,11.41,12.22,11.41,11.93,12407115,147177675.0,0.0,,,0.02315608919382501,10.98,10.23,10.374,13.076666666666634,10.72449187494428,11.878163124456327,-1.1536712495120476,-1.6636722550648626,1.02000201110563
600213,2015-07-24,11.93,12.08,12.5,11.41,11.69,12799387,154017160.0,0.0,,,-0.02011735121542332,11.285999999999998,10.536999999999997,10.2375,12.800666666666634,10.873031586491313,11.864225115237337,-0.9911935287460238,-1.529176509801095,1.0759659621101423
600213,2015-07-27,11.69,11.28,12.0,10.52,10.52,9883243,112273383.0,0.0,,,-0.10008554319931563,11.347999999999995,10.640999999999996,10.1145,12.483666666666634,10.818719034723419,11.764652884479002,-0.9459338497555834,-1.4125279777919928,0.9331882560728189
600213,2015-07-28,10.52,9.81,10.49,9.47,9.5,13756527,133857119.0,0.0,,,-0.09695817490494292,11.059999999999995,10.547999999999996,9.9215,12.108999999999972,10.615839183227509,11.596900818962014,-0.9810616357345054,-1.3262347093804954,0.6903461472919799
600213,2015-07-29,9.5,9.7,10.45,9.2,10.45,11413500,112780690.0,0.0,,,0.09999999999999992,10.817999999999998,10.653999999999996,9.84,11.805333333333301,10.590325462730968,11.511945202742593,-0.921619740011625,-1.2453117155067215,0.6473839509901929
600213,2015-07-30,10.45,10.4,10.92,9.91,10.19,10035140,105485724.0,0.0,,,-0.0248803827751196,10.469999999999997,10.724999999999996,9.806000000000001,11.491999999999967,10.528736930003127,11.41402333587276,-0.8852864058696319,-1.1733066535793035,0.5760404954193432
600213,2015-07-31,10.19,10.0,10.44,9.68,9.89,7568167,76592294.0,0.0,,,-0.029440628066731988,10.109999999999998,10.697999999999997,9.8115,11.201333333333302,10.430469710002647,11.301132718400691,-0.8706630083980436,-1.1127779245430516,0.48422983229001604
600213,2015-08-03,9.89,9.77,9.96,8.98,9.2,6505881,60987981.0,0.0,,,-0.06976744186046524,9.845999999999998,10.596999999999998,9.831499999999998,10.949333333333302,10.241166677694547,11.1454932577784,-0.9043265800838522,-1.0710876556512117,0.33352215113471884
600213,2015-08-04,9.2,9.16,10.08,9.16,10.04,8592320,82843457.0,0.0,,,0.09130434782608694,9.953999999999997,10.506999999999996,9.937499999999998,10.731333333333305,10.210217958049231,11.063604868313323,-0.8533869102640921,-1.0275475065737878,0.34832119261939143
600213,2015-08-05,10.04,10.04,10.55,9.92,10.13,9815324,100501584.0,0.0,,,0.008964143426294984,9.889999999999997,10.353999999999996,10.0875,10.503666666666636,10.197876733733965,10.994448952141958,-0.7965722184079933,-0.9813524489406289,0.3695604610652712
600213,2015-08-06,10.13,9.81,10.9,9.6,10.55,12061089,126088432.0,0.0,,,0.04146100691016781,9.961999999999998,10.215999999999998,10.223,10.321333333333305,10.252049543928742,10.96152680753885,-0.7094772636101077,-0.9269774118745246,0.435000296528834
600213,2015-08-07,10.55,10.65,11.3,10.41,11.17,14827940,161526344.0,0.0,,,0.05876777251184826,10.217999999999998,10.163999999999998,10.350499999999998,10.21299999999997,10.393272691016628,10.976969266239676,-0.5836965752230476,-0.8583212445442292,0.5492493386423631
600213,2015-08-10,11.17,11.2,11.8,11.02,11.57,11605440,132654839.0,0.0,,,0.035810205908684015,10.691999999999998,10.268999999999998,10.454999999999998,10.16599999999997,10.574307661629454,11.020897468740444,-0.44658980711098906,-0.7759749570575811,0.6587702998931841
600213,2015-08-11,11.57,11.58,11.75,11.2,11.36,12333284,141732147.0,0.0,,,-0.018150388936905862,10.956,10.454999999999998,10.501499999999998,10.099333333333306,10.695183405994154,11.046016174759671,-0.3508327687655175,-0.6909465193991685,0.680227501267302
600213,2015-08-12,11.36,11.22,11.6,11.0,11.06,9479463,107792368.0,0.0,,,-0.026408450704225258,11.141999999999998,10.515999999999998,10.585,10.065333333333305,10.751309035841206,11.047052013666363,-0.29574297782515657,-0.6119058110843661,0.6323256665184191
600213,2015-08-13,11.06,11.05,12.0,10.9,11.86,13067776,149854863.0,0.0,,,0.07233273056057858,11.404000000000002,10.682999999999998,10.704,10.098333333333304,10.92187687648102,11.107270383024412,-0.1853935065433916,-0.5266033501761712,0.6824196872655592
600213,2015-08-14,11.86,11.86,12.42,11.7,11.97,8845289,106429149.0,0.0,,,0.009274873524452042,11.563999999999998,10.890999999999998,10.7945,10.171333333333306,11.083126587791632,11.171176280578164,-0.08804969278653196,-0.43889261869824336,0.7016858518234228
600213,2015-08-17,11.97,11.8,13.17,11.75,13.17,14069950,176997101.0,0.0,,,0.10025062656641598,11.884,11.287999999999998,10.9425,10.316999999999975,11.40418403582369,11.31923729683164,0.08494673899205019,-0.33412474716018464,0.8381429723044697
600213,2015-08-18,13.17,13.2,13.58,11.85,11.85,13498607,170889893.0,0.0,,,-0.10022779043280183,11.982000000000001,11.468999999999998,10.988,10.447999999999976,11.472771107235431,11.35855305262189,0.1142180546135414,-0.24445618680543943,0.7173484828379617
600213,2015-08-19,11.85,11.2,12.45,10.87,12.14,9545686,110083920.0,0.0,,,0.024472573839662524,12.198,11.669999999999998,11.012,10.614999999999975,11.575421706122286,11.416438011686935,0.1589836944353511,-0.1637682105572813,0.6455038099852648
600213,2015-08-20,12.14,11.95,12.11,11.25,11.94,7831790,92047766.0,0.0,,,-0.01647446457990124,12.214,11.809000000000001,11.0125,10.751666666666642,11.631510674411166,11.455220381191607,0.1762902932195587,-0.09575650980191329,0.544093606042944
600213,2015-08-21,11.94,11.35,11.8,10.76,10.86,6269714,70498456.0,0.0,,,-0.09045226130653268,11.992,11.778,10.970999999999998,10.826333333333306,11.512816724501757,11.41112998258482,0.1016867419169376,-0.05626785945814311,0.31590920275016143
600213,2015-08-24,10.86,10.26,10.44,9.77,9.77,4112100,40344760.0,0.0,,,-0.1003683241252302,11.311999999999998,11.598,10.9335,10.835999999999974,11.24469107457841,11.289564798689643,-0.04487372411123225,-0.05398903238876093,0.018230616555057366
600213,2015-08-25,9.77,8.89,9.25,8.79,8.79,5714404,50632277.0,0.0,,,-0.1003070624360287,10.7,11.340999999999998,10.897999999999998,10.781333333333306,10.867046293874038,11.104411850638552,-0.2373655567645141,-0.09066433726391157,-0.29340243900120505
600213,2015-08-26,8.79,8.79,9.4,7.91,9.02,17379453,146177483.0,0.0,,,0.02616609783845284,10.076,11.136999999999995,10.8265,10.768999999999973,10.582885325585725,10.95001097281347,-0.3671256472277449,-0.14595659925667825,-0.44233809594213325
600213,2015-08-27,9.02,8.87,9.88,8.44,9.37,13405266,122691724.0,0.0,,,0.03880266075388023,9.562000000000001,10.887999999999998,10.7855,10.765333333333306,10.39628758318792,10.832973122975432,-0.43668553978751135,-0.2041023873628449,-0.4651663048493329
600213,2015-08-28,9.37,9.48,10.03,9.15,9.96,14343805,137750946.0,0.0,,,0.0629669156883673,9.382,10.686999999999998,10.788999999999998,10.758666666666636,10.329166416543625,10.768308447199471,-0.4391420306558462,-0.2511103160214452,-0.3760634292688021
600213,2015-08-31,9.96,9.8,10.1,9.51,9.7,14033801,137222985.0,0.0,,,-0.02610441767068289,9.368,10.339999999999998,10.813999999999998,10.74166666666664,10.232371583229222,10.689174488147655,-0.45680290491843323,-0.2922488338008428,-0.3291081422351808
600213,2015-09-01,9.7,9.69,9.97,8.74,8.84,12523727,117012571.0,0.0,,,-0.08865979381443294,9.378000000000002,10.038999999999998,10.754000000000001,10.671666666666637,10.018160570424726,10.552198600136714,-0.5340380297119882,-0.34060667298307196,-0.3868627134578325
600213,2015-09-02,8.84,8.35,9.38,8.03,8.3,9645109,85284696.0,0.0,,,-0.06108597285067864,9.234000000000004,9.654999999999998,10.6625,10.559666666666637,9.753828174974768,10.385369074200659,-0.6315408992258913,-0.3987935182316359,-0.4654947619885108
600213,2015-09-07,8.3,8.5,9.0,8.44,8.77,12046415,105922514.0,0.0,,,0.05662650602409625,9.114000000000004,9.337999999999996,10.5735,10.454333333333302,9.60246999420942,10.26571210574135,-0.6632421115319307,-0.45168323689169493,-0.4231177492804715
600213,2015-09-08,8.77,8.7,9.46,8.5,9.3,6040991,54073810.0,0.0,,,0.06043329532497161,8.982000000000003,9.182,10.48,10.374666666666636,9.555936148946433,10.194177875686435,-0.6382417267400022,-0.4889949348613564,-0.2984935837572916
600213,2015-09-09,9.3,9.35,9.85,9.26,9.75,11467209,109589937.0,0.0,,,0.04838709677419347,8.992000000000004,9.179999999999998,10.389,10.34899999999997,9.585792126031597,10.161275810820774,-0.5754836847891767,-0.5062926848469205,-0.13838199988451239
600213,2015-09-10,9.75,9.48,9.7,9.28,9.31,7139673,67640809.0,0.0,,,-0.04512820512820508,9.086000000000004,9.232000000000001,10.2865,10.342666666666636,9.543362568180584,10.098218343352569,-0.5548557751719851,-0.5160053029119334,-0.07770094452010357
600213,2015-09-11,9.31,9.38,9.59,9.35,9.53,4521662,42790286.0,0.0,,,0.023630504833512228,9.332000000000004,9.283,10.21,10.311999999999973,9.541306788460494,10.056128095696822,-0.5148213072363284,-0.5157685037768124,0.0018943930809680598
600213,2015-09-14,9.53,9.55,9.81,8.58,8.62,8401625,76722385.0,0.0,,,-0.09548793284365163,9.302000000000003,9.208,10.048000000000002,10.259666666666636,9.399567282543495,9.949748236756315,-0.55018095421282,-0.5226509938640139,-0.05505992069761212
600213,2015-09-15,8.62,8.32,9.48,8.0,9.41,9769033,84260047.0,0.0,,,0.09164733178654304,9.324000000000003,9.152999999999999,9.920000000000002,10.243666666666636,9.401172315998341,9.909766885885476,-0.5085945698871353,-0.5198397090686382,0.022490278363005878
600213,2015-09-16,9.41,9.08,10.35,9.01,10.3,12687719,122982757.0,0.0,,,0.0945802337938364,9.434000000000003,9.213,9.776500000000002,10.280333333333306,9.539453498152444,9.938673042486554,-0.39921954433411067,-0.4957156761217327,0.19299226357524402
600213,2015-09-17,10.3,10.28,10.5,9.6,9.68,11224542,113930411.0,0.0,,,-0.060194174757281636,9.508000000000004,9.297,9.668000000000003,10.268333333333306,9.561076036898221,9.919512076376439,-0.35843603947821734,-0.4682597487930296,0.21964741862962456
600213,2015-09-18,9.68,9.68,10.0,9.4,9.86,5461614,52848273.0,0.0,,,0.018595041322314026,9.574000000000002,9.453,9.554000000000006,10.259333333333306,9.60706433891388,9.91510377442263,-0.3080394355087499,-0.4362156861361737,0.25635250125484754
600213,2015-09-21,9.86,9.84,10.31,9.6,10.28,6310817,63519103.0,0.0,,,0.04259634888438133,9.906000000000002,9.604,9.471000000000004,10.250333333333305,9.710592902157899,9.942133124465398,-0.23154022230749938,-0.3952805933704388,0.32748074212587885
600213,2015-09-22,10.28,10.15,10.47,10.09,10.22,6098093,62283803.0,0.0,,,-0.005836575875486257,10.068000000000003,9.696000000000002,9.439000000000004,10.21866666666664,9.788963224902837,9.962715855986481,-0.17375263108364436,-0.3509750009130799,0.35444473965887113
600213,2015-09-23,10.22,9.95,10.11,9.65,9.67,5153268,50819947.0,0.0,,,-0.05381604696673197,9.942000000000004,9.687999999999999,9.434000000000003,10.155333333333306,9.7706611903024,9.941033199987482,-0.1703720096850816,-0.31485440266748027,0.28896478596479735
600213,2015-09-24,9.67,9.81,10.2,9.41,10.1,10691614,105176039.0,0.0,,,0.044467425025853116,10.026000000000003,9.767000000000001,9.499500000000003,10.113333333333307,9.821328699486646,9.952808518506927,-0.1314798190202815,-0.27817948593804054,0.2933993338355181
600213,2015-09-25,10.1,9.95,10.03,9.41,9.63,7221082,70025235.0,0.0,,,-0.046534653465346416,9.980000000000006,9.777000000000001,9.530000000000003,10.06566666666664,9.791893514950239,9.928896776395302,-0.13700326144506292,-0.24994424103944501,0.2258819591887642
600213,2015-09-28,9.63,9.6,9.92,9.45,9.75,3697582,35962857.0,0.0,,,0.01246105919003107,9.874000000000006,9.89,9.549000000000003,9.995333333333305,9.785448358804048,9.915645163328982,-0.13019680452493354,-0.2259947537365427,0.19159589842321834
600213,2015-09-29,9.75,9.7,10.28,9.41,9.84,6143473,60332408.0,0.0,,,0.009230769230769216,9.798000000000004,9.933,9.543000000000003,9.924333333333305,9.793840918988042,9.910041817897206,-0.11620089890916319,-0.20403598277106683,0.17567016772380728
600213,2015-09-30,9.84,10.0,10.18,9.42,9.59,6830156,67263711.0,0.0,,,-0.02540650406504065,9.782000000000004,9.862,9.537500000000003,9.80499999999997,9.762480777605267,9.886335016571488,-0.12385423896622072,-0.18799963401009762,0.1282907900877538
600213,2015-10-08,9.59,9.88,10.17,9.68,9.93,11964978,118180867.0,0.0,,,0.0354535974973931,9.748000000000003,9.887,9.592000000000002,9.740999999999966,9.788252965665995,9.889569459788415,-0.10131649412242005,-0.17066300603256213,0.13869302382028414
600213,2015-10-09,9.93,9.85,10.22,9.71,10.19,11586117,115692481.0,0.0,,,0.026183282980866043,9.860000000000003,9.92,9.686500000000002,9.675999999999966,9.850060201717382,9.911823573878163,-0.061763372160781316,-0.14888307925820599,0.17423941419484934
600213,2015-10-12,10.19,10.2,10.76,10.1,10.59,16476080,172716484.0,0.0,,,0.03925417075564282,10.028000000000002,9.951,9.777500000000002,9.630999999999966,9.963897093760862,9.962058864702001,0.001838229058860108,-0.11873881759479277,0.24115409330730575
600213,2015-10-13,10.59,10.43,10.96,10.33,10.78,12832342,136864973.0,0.0,,,0.017941454202077385,10.216000000000003,10.007,9.8515,9.6283333333333,10.08945138702842,10.022647096946297,0.06680429008212307,-0.08163019605940959,0.2968689722830653
600213,2015-10-14,10.78,10.68,10.86,10.3,10.36,9274693,97947888.0,0.0,,,-0.03896103896103896,10.37,10.076,9.882,9.647999999999966,10.13107425056251,10.047636200876202,0.08343804968630764,-0.04861654691026614,0.2641091931931475
600213,2015-10-15,10.36,10.44,11.01,10.3,10.93,12701658,136797153.0,0.0,,,0.05501930501930505,10.570000000000002,10.158999999999999,9.963000000000003,9.719333333333301,10.253985904322123,10.112996482292779,0.14098942202934417,-0.010695353122344068,0.3033695503033765
600213,2015-10-16,10.93,11.14,11.25,10.81,11.06,10823152,119525073.0,0.0,,,0.01189387008234225,10.744000000000005,10.302,10.039500000000002,9.7873333333333,10.377988072887952,10.183144891011834,0.19484318187611827,0.030412353877348412,0.3288616559975397
600213,2015-10-19,11.06,11.24,11.79,10.8,11.68,15763212,177685192.0,0.0,,,0.05605786618444839,10.962,10.495,10.192500000000004,9.8643333333333,10.578297600135958,10.294023047233178,0.2842745529027795,0.08118479368243464,0.40617951844068967
600213,2015-10-20,11.68,11.5,12.58,11.41,12.49,24600292,298963315.0,0.0,,,0.06934931506849319,11.303999999999998,10.760000000000002,10.346500000000002,9.948666666666636,10.872405661653504,10.456688006697389,0.415717654956115,0.14809136593717073,0.5352525780378885
600213,2015-10-21,12.49,12.28,12.38,11.24,11.24,18698274,220152249.0,0.0,,,-0.100080064051241,11.48,10.925,10.393500000000003,9.99999999999997,10.928958636783733,10.514711117312398,0.41424751947133487,0.20132259664400357,0.4258498456546626
600213,2015-10-22,11.24,10.95,11.46,10.46,11.35,13169200,145393903.0,0.0,,,0.009786476868327352,11.563999999999995,11.066999999999998,10.477000000000002,10.083666666666636,10.993734231124696,10.57658436788185,0.4171498632428463,0.24448804996377219,0.34532362655814824
600213,2015-10-23,11.35,11.36,11.38,10.78,11.12,14516519,160936278.0,0.0,,,-0.020264317180616786,11.575999999999995,11.16,10.540000000000003,10.177666666666637,11.013159734028589,10.61683737766838,0.3963223563602085,0.2748549112430595,0.24293489023429804
600213,2015-10-26,11.12,11.3,11.8,11.04,11.5,15965142,183314488.0,0.0,,,0.03417266187050367,11.539999999999996,11.251,10.601000000000004,10.268666666666636,11.088058236485729,10.682256831174428,0.40580140531130127,0.3010442100567079,0.20951439050918674
600213,2015-10-27,11.5,11.21,11.34,10.56,11.21,10584086,117166419.0,0.0,,,-0.02521739130434775,11.283999999999995,11.294,10.650500000000003,10.332333333333304,11.106818507795616,10.721348917754101,0.3854695900415148,0.3179292860536693,0.135080607975691
600213,2015-10-28,11.21,11.2,11.42,10.8,11.03,8551269,95467172.0,0.0,,,-0.016057091882248124,11.241999999999996,11.360999999999999,10.718500000000004,10.37499999999997,11.09500027582706,10.744211960883428,0.3507883149436317,0.3245010918316618,0.05257444622393981
600213,2015-10-29,11.03,11.14,11.29,11.01,11.17,7395688,82508768.0,0.0,,,0.012692656391659164,11.205999999999992,11.385,10.772000000000006,10.436999999999973,11.106538694930588,10.775751815632802,0.3307868792977864,0.32575824932488673,0.010057259945799313
600213,2015-10-30,11.17,11.1,12.0,10.85,11.79,17213071,194730207.0,0.0,,,0.05550581915846009,11.339999999999993,11.457999999999998,10.880000000000004,10.512333333333306,11.211686588018189,10.850881310771113,0.360805277247076,0.33276765490932464,0.05607524467550273
600213,2015-11-02,11.79,11.3,11.62,11.2,11.31,13024015,148891596.0,0.0,,,-0.040712468193384116,11.301999999999992,11.420999999999998,10.958000000000006,10.601999999999972,11.226811728323081,10.884890102565846,0.3419216257572355,0.33459844907890685,0.014646353356657316
600213,2015-11-03,11.31,11.4,11.47,11.0,11.19,5511386,61970795.0,0.0,,,-0.010610079575596905,11.297999999999993,11.291,11.025500000000005,10.661333333333305,11.221148385504145,10.907490835709117,0.31365754979502825,0.3304102692221312,-0.03350543885420587
600213,2015-11-04,11.19,11.23,11.77,11.2,11.68,11190855,129159207.0,0.0,,,0.043789097408400375,11.427999999999994,11.334999999999996,11.130000000000004,10.707333333333304,11.29174094158043,10.964713736767703,0.32702720481272785,0.32973365634025054,-0.005412903055045382
600213,2015-11-05,11.68,11.69,12.07,11.6,11.77,12584534,148177303.0,0.0,,,0.007705479452054783,11.547999999999993,11.377,11.222000000000005,10.776999999999967,11.365319258260364,11.024364571081207,0.3409546871791562,0.3319778625080317,0.01795364934224908
600213,2015-11-06,11.77,11.86,12.08,11.72,11.96,9936726,118337913.0,0.0,,,0.016142735768904102,11.581999999999994,11.461,11.310500000000005,10.846999999999971,11.456808603143386,11.093670899149267,0.36313770399411993,0.33820983080524936,0.04985574637774115
600213,2015-11-09,11.96,11.81,12.2,11.5,12.01,10988739,130847891.0,0.0,,,0.0041806020066888746,11.72199999999999,11.512,11.381500000000004,10.904666666666637,11.541914971890558,11.161547128841912,0.3803678430486457,0.34664143325392865,0.06745281958943405
600213,2015-11-10,12.01,12.05,12.48,11.88,12.28,10856724,132310903.0,0.0,,,0.022481265611989973,11.939999999999992,11.619000000000002,11.456500000000005,10.9733333333333,11.655466514676625,11.244395489668438,0.41107102500818726,0.35952735160478044,0.10308734680681364
600213,2015-11-11,12.28,12.35,12.99,12.2,12.73,11026230,138491827.0,0.0,,,0.03664495114006523,12.149999999999993,11.788999999999998,11.575000000000005,11.075333333333301,11.820779358572532,11.354440268211517,0.4663390903610143,0.38088969935602723,0.1708987820099741
600213,2015-11-12,12.73,12.72,13.2,12.51,12.97,10057210,128946340.0,0.0,,,0.018853102906520047,12.389999999999995,11.968999999999998,11.677000000000005,11.170999999999967,11.997582534176757,11.47411135945511,0.5234711747216476,0.4094059944291514,0.22813036058499248
600213,2015-11-13,12.97,12.99,14.0,12.6,13.52,19562582,261058248.0,0.0,,,0.042405551272166456,12.701999999999995,12.142000000000001,11.800000000000002,11.300666666666634,12.231800605841872,11.62565866616214,0.6061419396797323,0.4487531834792676,0.3147775124009293
600213,2015-11-16,13.52,13.1,13.66,12.87,13.63,13457296,178139529.0,0.0,,,0.008136094674556303,13.025999999999993,12.374,11.897500000000004,11.429999999999966,12.446908204943123,11.774128394594575,0.6727798103485476,0.4935585088531237,0.35844260299084785
600213,2015-11-17,13.63,13.58,14.0,13.08,13.1,13454012,182239705.0,0.0,,,-0.03888481291269267,13.189999999999992,12.564999999999998,11.927999999999999,11.538666666666634,12.547383865721104,11.872341106106088,0.6750427596150157,0.5298553590055022,0.29037480121902703
600213,2015-11-18,13.1,13.1,13.2,12.51,12.62,8053244,103882507.0,0.0,,,-0.03664122137404584,13.167999999999992,12.658999999999995,11.997000000000002,11.639666666666635,12.55855557868709,11.927723246394526,0.6308323322925631,0.5500507536629143,0.16156315725929749
600213,2015-11-19,12.62,12.63,13.06,12.5,12.97,5924228,75587021.0,0.0,,,0.027733755942947816,13.167999999999992,12.778999999999998,12.078,11.740999999999971,12.621854720427535,12.004928931846784,0.6169257885807511,0.5634257606464818,0.10700005586853867
600213,2015-11-20,12.97,12.97,13.22,12.88,13.21,7028621,91980342.0,0.0,,,0.01850424055512723,13.105999999999993,12.903999999999995,12.1825,11.841666666666635,12.71233860959253,12.09419345541369,0.6181451541788405,0.5743696393529535,0.08755102965177408
600213,2015-11-23,13.21,13.03,13.7,12.98,13.24,9565388,128143008.0,0.0,,,0.0022710068130203905,13.027999999999993,13.026999999999996,12.269500000000004,11.929999999999973,12.793517285039833,12.179068014271936,0.6144492707678975,0.5823855656359423,0.06412741026391022
600213,2015-11-24,13.24,13.18,13.26,12.9,13.14,5669365,74052250.0,0.0,,,-0.007552870090634414,13.035999999999992,13.112999999999996,12.366,12.008666666666636,12.846822318110627,12.250248161362903,0.5965741567477245,0.5852232838582988,0.022701745778851423
600213,2015-11-25,13.14,13.17,13.5,12.98,13.39,7634956,101497337.0,0.0,,,0.01902587519025875,13.189999999999992,13.178999999999998,12.484000000000002,12.109666666666634,12.930388115324378,12.334674223484168,0.5957138918402105,0.5873214054546811,0.016784972771058726
600213,2015-11-26,13.39,13.34,14.26,13.34,13.85,12362949,170663287.0,0.0,,,0.034353995519043994,13.36599999999999,13.267000000000001,12.618000000000002,12.20699999999997,13.071866866812934,12.446920577300155,0.6249462895127795,0.5948463822663008,0.060199814492957415
600213,2015-11-27,13.85,13.73,14.39,12.47,12.87,11296130,153239256.0,0.0,,,-0.07075812274368233,13.297999999999993,13.201999999999998,12.672,12.267333333333305,13.040810425764791,12.47825979379644,0.5625506319683513,0.588387232206711,-0.051673200476719305
600213,2015-11-30,12.87,12.75,13.2,11.6,12.82,8394107,106111148.0,0.0,,,-0.003885003885003802,13.21399999999999,13.121,12.747500000000002,12.305333333333303,13.006839591031744,12.50357388314485,0.503265707886893,0.5713629273427474,-0.1361944389117089
600213,2015-12-01,12.82,13.02,13.65,12.84,13.46,8590750,114444668.0,0.0,,,0.04992199687987524,13.277999999999988,13.157,12.860999999999999,12.337666666666633,13.076556577026858,12.57442026217116,0.502136314855699,0.5575176048453377,-0.11076257997927752
600213,2015-12-02,13.46,13.43,14.36,13.32,13.8,10591426,146726265.0,0.0,,,0.02526002971768201,13.359999999999989,13.275,12.967000000000002,12.422999999999972,13.187855565176573,12.66520394645478,0.5226516187217936,0.550544407620629,-0.05578557779767079
600213,2015-12-03,13.8,13.78,15.02,13.52,14.97,14283084,205835924.0,0.0,,,0.08478260869565217,13.583999999999987,13.475,13.127000000000004,12.543666666666635,13.462031632072485,12.835929580050722,0.6261020520217624,0.5656559365008557,0.12089223104181346
600213,2015-12-04,14.97,14.6,14.9,14.22,14.83,12830467,186229562.0,0.0,,,-0.00935203740814967,13.975999999999988,13.637,13.270500000000006,12.667333333333302,13.672488304061332,12.983638500046965,0.6888498040143674,0.590294710003558,0.19711018802161862
600213,2015-12-07,14.83,14.6,14.9,14.35,14.76,6885196,100987459.0,0.0,,,-0.004720161834120046,14.363999999999988,13.788999999999998,13.408000000000005,12.775999999999971,13.839797795744206,13.115220833376819,0.7245769623673866,0.6171511604763238,0.21485160378212553
600213,2015-12-08,14.76,14.76,14.76,14.03,14.35,6582475,94074055.0,0.0,,,-0.027777777777777787,14.541999999999984,13.909999999999995,13.511500000000007,12.880666666666635,13.918290442552788,13.206685956830386,0.7116044857224022,0.6360418255255396,0.15112532039372528
600213,2015-12-09,14.35,14.28,14.33,14.0,14.09,4344099,61445515.0,0.0,,,-0.018118466898954688,14.599999999999984,13.979999999999995,13.579500000000005,12.982666666666635,13.944707297544667,13.272116626694801,0.6725906708498659,0.6433515945904049,0.058478152518921966
600213,2015-12-10,14.09,14.33,14.41,13.28,13.41,8162700,112920201.0,0.0,,,-0.048261178140525184,14.287999999999982,13.935999999999995,13.601500000000005,13.057333333333304,13.862444636383948,13.282330209902593,0.5801144264813551,0.630704160968595,-0.10117946897447982
600213,2015-12-11,13.41,13.55,13.74,13.3,13.69,4258374,57484944.0,0.0,,,0.020879940343027543,14.059999999999983,14.017999999999995,13.610000000000005,13.120666666666635,13.835914692324879,13.312527972132031,0.5233867201928479,0.6092406728134456,-0.1717079052411954
600213,2015-12-14,13.69,13.3,14.23,13.3,14.06,5192409,72234812.0,0.0,,,0.0270270270270271,13.919999999999984,14.141999999999996,13.631500000000004,13.212333333333303,13.870389355044129,13.367896270492622,0.5024930845515065,0.5878911551610578,-0.17079614121910258
600213,2015-12-15,14.06,14.08,14.32,13.86,14.04,4509525,63298769.0,0.0,,,-0.001422475106685729,13.857999999999983,14.199999999999996,13.678500000000005,13.307333333333304,13.896483300421954,13.417681731937613,0.4788015684843412,0.5660732378257145,-0.17454333868274663
600213,2015-12-16,14.04,14.0,14.18,13.66,13.97,4326845,60342927.0,0.0,,,-0.00498575498575488,13.833999999999984,14.216999999999993,13.746000000000004,13.383666666666636,13.907793561895499,13.45859419623853,0.4491993656569697,0.5426984633919656,-0.18699819546999175
600213,2015-12-17,13.97,13.98,14.65,13.97,14.28,7553233,107689753.0,0.0,,,0.022190408017179586,14.007999999999988,14.147999999999993,13.811500000000004,13.467333333333304,13.965056090834654,13.51943907059123,0.4456170202434233,0.5232821747622571,-0.15533030903766765
600213,2015-12-18,14.28,14.33,14.34,13.75,13.99,6007970,84339772.0,0.0,,,-0.020308123249299655,14.067999999999989,14.063999999999993,13.850500000000006,13.534999999999973,13.96889361532163,13.554295435732623,0.4145981795890066,0.501545375727607,-0.17389439227720094
600213,2015-12-21,13.99,13.9,14.33,13.77,14.3,7677143,107971641.0,0.0,,,0.022158684774839205,14.115999999999984,14.017999999999995,13.903500000000005,13.611333333333304,14.019833059118302,13.60953281086354,0.41030024825476197,0.483296350233038,-0.1459922039565521
600213,2015-12-22,14.3,14.29,14.59,14.15,14.43,7204971,103447249.0,0.0,,,0.009090909090909021,14.193999999999988,14.025999999999994,13.968000000000007,13.682999999999973,14.082935665407794,13.67030815820698,0.4126275072008134,0.46916258162659313,-0.11307014885155942
600213,2015-12-23,14.43,14.42,14.58,14.16,14.34,6616467,94833550.0,0.0,,,-0.006237006237006227,14.26799999999999,14.050999999999995,14.015500000000007,13.736666666666641,14.122484024575826,13.719914961302761,0.40256906327306474,0.4558438779558875,-0.10654962936564549
600213,2015-12-24,14.34,14.22,14.98,14.12,14.76,7558328,109867590.0,0.0,,,0.029288702928870286,14.36399999999999,14.185999999999995,14.061000000000005,13.796333333333305,14.220563405410315,13.796958297502556,0.4236051079077594,0.4493961239462619,-0.05158203207700496
600213,2015-12-25,14.76,14.79,15.66,14.6,15.49,12450513,189390234.0,0.0,,,0.04945799457994583,14.66399999999999,14.365999999999996,14.192000000000005,13.861999999999973,14.415861343039497,13.92236879398385,0.493492549055647,0.45821540896813895,0.07055428017501608
600213,2015-12-28,15.49,15.35,15.77,15.03,15.08,9518493,146945465.0,0.0,,,-0.026468689477082002,14.81999999999999,14.467999999999998,14.305000000000005,13.910333333333304,14.51803652103342,14.00811925368875,0.5099172673446688,0.4685557806434449,0.08272297340244783
600213,2015-12-29,15.08,15.15,15.28,14.59,15.08,5851076,87155058.0,0.0,,,0.0,14.949999999999989,14.572000000000001,14.386000000000005,13.976333333333304,14.604492440874433,14.087517827489586,0.5169746133848463,0.4782395471917252,0.07747013238624223
600213,2015-12-30,15.08,15.09,15.5,15.01,15.17,5536341,84438215.0,0.0,,,0.0059681697612732005,15.115999999999987,14.691999999999998,14.454500000000005,14.061333333333303,14.691493603816829,14.167701692119985,0.5237919116968435,0.48735002009274886,0.07288378320818922
600213,2015-12-31,15.17,15.1,15.48,14.93,14.98,3705129,56280681.0,0.0,,,-0.01252471984179298,15.159999999999988,14.761999999999995,14.455000000000005,14.128333333333304,14.735879203229626,14.227871937148135,0.5080072660814903,0.49148146929049724,0.03305159358198606
600213,2016-01-04,14.98,15.0,15.0,13.48,13.48,6330243,87882046.0,0.0,,,-0.1001335113484646,14.75799999999999,14.710999999999995,14.387500000000005,14.137333333333304,14.542667018117376,14.172474015877901,0.3701930022394748,0.4672237758802928,-0.19406154728163594
600213,2016-01-05,13.48,12.51,13.58,12.2,13.14,7490003,96613683.0,0.0,,,-0.02522255192878337,14.36999999999999,14.594999999999995,14.306500000000005,14.133999999999972,14.326872092253165,14.095994459146207,0.2308776331069584,0.4199545473256259,-0.378153828437335
600213,2016-01-06,13.14,13.02,13.54,12.84,13.45,5158432,68133738.0,0.0,,,0.02359208523592076,14.043999999999993,14.496999999999993,14.261500000000005,14.144333333333304,14.191968693444986,14.04814301772797,0.1438256757170162,0.364728773003904,-0.44180619457377557
600213,2016-01-07,13.45,13.0,13.19,12.11,12.11,1376600,17292901.0,0.0,,,-0.09962825278810407,13.431999999999993,14.273999999999992,14.162500000000005,14.101666666666636,13.871665817530372,13.90457686826664,-0.0329110507362671,0.2852008082558698,-0.6362237179842738
600213,2016-01-08,12.11,12.25,12.6,10.98,11.9,4901920,59197693.0,0.0,,,-0.017341040462427668,12.815999999999994,13.987999999999996,14.087000000000005,14.036666666666633,13.568332614833393,13.756089692839481,-0.1877570780060882,0.19060923100347818,-0.7567326180191327
600213,2016-01-11,11.9,11.5,11.7,10.71,10.71,5279798,58453053.0,0.0,,,-0.09999999999999996,12.261999999999993,13.509999999999994,13.938000000000002,13.964666666666634,13.128589135628257,13.530453419295815,-0.40186428366755855,0.07211452806927081,-0.9479576234736588
600213,2016-01-12,10.71,10.71,10.71,9.98,10.14,6728335,69264475.0,0.0,,,-0.05322128851540618,11.661999999999994,13.015999999999995,13.742,13.875333333333304,12.668806191685448,13.2793087215702,-0.6105025298847515,-0.0644088835215337,-1.0921872927264356
600213,2016-01-13,10.14,10.2,10.42,9.33,9.42,5195958,51988572.0,0.0,,,-0.07100591715976337,10.855999999999993,12.449999999999992,13.511,13.740666666666634,12.16898985450307,12.993434001453886,-0.8244441469508157,-0.21641593620739016,-1.216056421486851
600213,2016-01-14,9.42,8.99,9.89,8.87,9.77,6863275,64629078.0,0.0,,,0.03715498938428871,10.387999999999991,11.909999999999993,13.300999999999998,13.606333333333303,11.79991449227183,12.754661112457303,-0.9547466201854728,-0.36408207300300677,-1.1813290943649322
600213,2016-01-15,9.77,9.69,9.93,8.9,9.03,6439216,60754417.0,0.0,,,-0.07574206755373596,9.813999999999991,11.31499999999999,13.0385,13.408333333333301,11.373773801153087,12.478760289312318,-1.1049864881592306,-0.5122629560342516,-1.185447064249958
600213,2016-01-18,9.03,8.97,9.46,8.85,9.29,6184157,57034345.0,0.0,,,0.028792912513842726,9.52999999999999,10.89599999999999,12.8035,13.223666666666634,11.053193216360304,12.24255582343733,-1.189362607077026,-0.6476828862428066,-1.083359441668439
600213,2016-01-19,9.29,9.33,10.15,9.22,9.93,8052689,77552583.0,0.0,,,0.06889128094725518,9.48799999999999,10.57499999999999,12.585,13.062666666666635,10.88039425999718,12.071255392071603,-1.1908611320744225,-0.7563185354091299,-0.8690851933305852
600213,2016-01-20,9.93,9.91,10.16,9.7,9.86,6864926,68269581.0,0.0,,,-0.007049345417925506,9.57599999999999,10.21599999999999,12.3565,12.912999999999972,10.72341052768992,11.907458696362593,-1.184048168672673,-0.8418644620618386,-0.6843674132216686
600213,2016-01-21,9.86,9.76,10.04,9.29,9.36,4912888,47831589.0,0.0,,,-0.05070993914807303,9.493999999999991,9.94099999999999,12.1075,12.755333333333304,10.513655061891471,11.718758052187587,-1.2051029902961155,-0.914512167708694,-0.5811816451748428
600213,2016-01-22,9.36,9.49,9.7,9.17,9.67,4051909,38426463.0,0.0,,,0.033119658119658175,9.621999999999991,9.717999999999991,11.853,12.630666666666635,10.38386197544663,11.566998196469987,-1.1831362210233571,-0.9682369783716268,-0.42979848530346065
600213,2016-01-25,9.67,9.86,10.64,9.75,10.64,13847230,145204927.0,0.0,,,0.10031023784901764,9.891999999999992,9.71099999999999,11.610499999999998,12.528999999999971,10.423267825377916,11.498331663398135,-1.0750638380202187,-0.9896023503013452,-0.17092297543774682
600213,2016-01-26,10.64,10.41,10.58,9.58,9.58,12290511,124071415.0,0.0,,,-0.09962406015037598,9.821999999999992,9.65499999999999,11.3355,12.379666666666633,10.293534313781313,11.356233021664941,-1.0626987078836283,-1.004221621817802,-0.11695417213165271
600213,2016-01-27,9.58,9.5,9.77,8.62,9.09,9629727,86777699.0,0.0,,,-0.051148225469728616,9.667999999999992,9.621999999999991,11.035999999999998,12.214666666666634,10.108375188584187,11.18836390894902,-1.0799887203648328,-1.019375041527208,-0.12122735767524961
600213,2016-01-28,9.09,8.85,9.05,8.3,8.43,6103366,53247369.0,0.0,,,-0.07260726072607263,9.481999999999992,9.487999999999989,10.699000000000002,12.029999999999967,9.850163621109695,10.98404065643428,-1.1338770353245842,-1.0422754402866832,-0.183203190075802
600213,2016-01-29,8.43,8.4,9.04,8.31,8.9,6178613,53449106.0,0.0,,,0.05575326215895618,9.327999999999992,9.47499999999999,10.395,11.850666666666632,9.703984602477433,10.829667274476185,-1.1256826719987512,-1.0589568866290968,-0.1334515707393087
600213,2016-02-01,8.9,8.9,9.4,8.78,9.1,8894036,80579769.0,0.0,,,0.02247191011235947,9.019999999999992,9.455999999999989,10.176,11.687666666666635,9.611063894403982,10.701543772663134,-1.0904798782591527,-1.065261484955108,-0.05043678660808926
600213,2016-02-02,9.1,9.01,9.49,9.01,9.39,6558303,61288278.0,0.0,,,0.03186813186813197,8.981999999999992,9.40199999999999,9.988500000000002,11.523999999999967,9.577054064495677,10.604392382095494,-1.027338317599817,-1.0576768514840498,0.0606770677684656
600213,2016-02-03,9.39,9.24,9.69,9.0,9.57,6974183,64789930.0,0.0,,,0.0191693290734824,9.077999999999992,9.372999999999989,9.794500000000003,11.361999999999965,9.575968823804034,10.527770724162494,-0.9518019003584595,-1.0365018612589316,0.16939992180094432
600213,2016-02-04,9.57,9.5,9.85,9.43,9.7,6945589,67403202.0,0.0,,,0.013584117032392793,9.331999999999992,9.406999999999991,9.674,11.2073333333333,9.595050543218798,10.466454374224531,-0.8714038310057326,-1.0034822552082918,0.26415684840511844
600213,2016-02-05,9.7,9.85,9.93,9.4,9.48,5578431,54278143.0,0.0,,,-0.022680412371133902,9.447999999999992,9.387999999999991,9.552999999999999,11.031333333333302,9.577350459646675,10.393383679837529,-0.8160332201908531,-0.965992448204804,0.2999184560279018
600213,2016-02-15,9.48,9.1,9.49,8.88,9.43,5122784,47205115.0,0.0,,,-0.0052742616033756035,9.513999999999992,9.266999999999989,9.488999999999999,10.829333333333302,9.554681158162571,10.322021925775491,-0.7673407676129198,-0.9262621120864273,0.31784268894701495
600213,2016-02-16,9.43,9.45,10.18,9.45,9.97,6621148,65376555.0,0.0,,,0.05726405090137868,9.629999999999992,9.305999999999989,9.4805,10.658999999999967,9.618576364599098,10.2959462275699,-0.6773698629708012,-0.8764836622633021,0.3982275985850019
600213,2016-02-17,9.97,9.98,10.29,9.92,10.13,6068780,61311742.0,0.0,,,0.016048144433299914,9.741999999999992,9.409999999999988,9.516000000000002,10.49399999999997,9.697256923891546,10.283653914416574,-0.5863969905250279,-0.8184663279156473,0.4641386747812388
600213,2016-02-18,10.13,10.4,10.45,10.01,10.17,5157356,52876552.0,0.0,,,0.003948667324777803,9.835999999999991,9.583999999999987,9.536,10.327333333333305,9.769986627908231,10.275235105941272,-0.5052484780330406,-0.7558227579391261,0.501148559812171
600213,2016-02-19,10.17,10.17,10.42,10.06,10.37,5668866,57825746.0,0.0,,,0.019665683382497468,10.013999999999992,9.730999999999991,9.603,10.173666666666637,9.862296377460812,10.2822547277234,-0.4199583502625881,-0.6886498764038186,0.537383052282461
600213,2016-02-22,10.37,10.41,11.41,10.41,10.74,9876073,106932091.0,0.0,,,0.035679845708775415,10.275999999999991,9.894999999999989,9.6755,10.082333333333304,9.997327704005302,10.316161784929074,-0.3188340809237715,-0.6146867173078092,0.5917052727680754
600213,2016-02-23,10.74,10.62,10.99,10.5,10.97,9323568,100041136.0,0.0,,,0.021415270018622014,10.475999999999994,10.052999999999988,9.7275,10.00999999999997,10.146969595696795,10.364594245304698,-0.2176246496079024,-0.5352743037678279,0.635299308319851
600213,2016-02-24,10.97,10.89,11.2,10.62,11.14,8622567,94300093.0,0.0,,,0.015496809480401087,10.677999999999994,10.209999999999988,9.7915,9.93299999999997,10.299743504051134,10.42203170861546,-0.12228820456432565,-0.45267708392712747,0.6607777587256036
600213,2016-02-25,11.14,11.34,11.38,10.03,10.03,13172521,140128139.0,0.0,,,-0.09964093357271106,10.649999999999991,10.242999999999988,9.825,9.863666666666637,10.258244503427884,10.392992322792093,-0.13474781936420932,-0.38909123101454385,0.508686823300669
600213,2016-02-26,10.03,10.08,10.33,9.6,10.21,8131572,81389749.0,0.0,,,0.01794616151545379,10.617999999999991,10.315999999999988,9.852,9.807333333333302,10.250822272131286,10.379437335918604,-0.12861506378731846,-0.3369959975690988,0.4167618675635607
600213,2016-02-29,10.21,10.1,10.1,9.19,9.19,7430726,69341447.0,0.0,,,-0.09990205680705204,10.307999999999991,10.291999999999987,9.779500000000002,9.756666666666636,10.08761884564955,10.2913308665913,-0.2037120209417509,-0.31033920224362926,0.21325436260375674
600213,2016-03-01,9.19,9.19,9.54,8.94,9.35,6582534,60978370.0,0.0,,,0.0174102285092492,9.983999999999991,10.229999999999986,9.767999999999999,9.730333333333306,9.974139023241927,10.221602654251203,-0.2474636310092766,-0.29776408799675874,0.10060091397496429
600213,2016-03-02,9.35,9.28,9.95,9.26,9.89,6238309,60141137.0,0.0,,,0.05775401069518726,9.733999999999991,10.205999999999989,9.808,9.74599999999997,9.961194558127785,10.19703949467704,-0.2358449365492561,-0.2853802577072582,0.09907064231600426
600213,2016-03-03,9.89,9.81,10.15,9.76,9.83,6422867,63888104.0,0.0,,,-0.006066734074823103,9.693999999999992,10.171999999999986,9.878,9.747999999999971,9.94101077995428,10.169851383960223,-0.22884060400594386,-0.27407232696699535,0.09046344592210298
600213,2016-03-04,9.83,9.78,9.89,9.2,9.31,7454851,71398749.0,0.0,,,-0.05289928789420138,9.513999999999992,10.065999999999988,9.8985,9.757333333333305,9.843932198422852,10.106158688852057,-0.2622264904292049,-0.27170315965943725,0.018953338460464764
600213,2016-03-07,9.31,9.42,9.7,9.4,9.59,4993800,47647211.0,0.0,,,0.030075187969924738,9.593999999999994,9.950999999999988,9.923,9.767333333333305,9.804865706357798,10.067924711900051,-0.26305900554225303,-0.2699743288360004,0.013830646587494777
600213,2016-03-08,9.59,9.7,9.79,9.02,9.74,5485802,51906096.0,0.0,,,0.015641293013555824,9.671999999999992,9.827999999999989,9.9405,9.760999999999967,9.794886366918139,10.043633992500048,-0.24874762558190966,-0.26572898818518226,0.0339627252065452
600213,2016-03-09,9.74,9.51,9.63,9.3,9.4,4743584,44801456.0,0.0,,,-0.034907597535934275,9.573999999999996,9.653999999999987,9.932,9.745666666666637,9.734134618161502,9.995957400463006,-0.261822782301504,-0.2649477470084466,0.006249929413885136
600213,2016-03-10,9.4,9.39,9.52,9.09,9.14,4243509,39460407.0,0.0,,,-0.027659574468085084,9.435999999999996,9.564999999999989,9.904000000000002,9.7383333333333,9.642729292290502,9.932553148576858,-0.28982385628635576,-0.26992296886402845,-0.039801774844654636
600213,2016-03-11,9.14,9.03,9.26,8.92,9.18,3375536,30906117.0,0.0,,,0.004376367614879556,9.409999999999991,9.461999999999987,9.889000000000003,9.721999999999966,9.571540170399656,9.876808470904498,-0.3052683005048422,-0.27699203519219123,-0.05655253062530197
600213,2016-03-14,9.18,9.34,9.68,9.22,9.56,6185172,58999545.0,0.0,,,0.041394335511982655,9.403999999999991,9.498999999999986,9.895500000000002,9.685999999999966,9.56976475956894,9.853341176763424,-0.28357641719448345,-0.2783089115926497,-0.01053501120366751
600213,2016-03-15,9.56,9.59,9.77,9.51,9.7,5552936,53687519.0,0.0,,,0.014644351464435018,9.395999999999994,9.533999999999988,9.882,9.689999999999966,9.589800950404486,9.841982571077244,-0.25218162067275784,-0.27308345340867135,0.04180366547182701
600213,2016-03-16,9.7,10.08,10.48,9.75,10.02,9409574,94524137.0,0.0,,,0.03298969072164951,9.519999999999994,9.546999999999986,9.876500000000004,9.720999999999966,9.655985419573028,9.855169047293744,-0.19918362772071596,-0.2583034882710803,0.11823972110072867
600213,2016-03-17,10.02,10.02,10.49,9.85,10.34,9889232,100898961.0,0.0,,,0.03193612774451101,9.759999999999994,9.597999999999988,9.885000000000003,9.784666666666633,9.761218431946409,9.89108245119791,-0.12986401925150126,-0.23261559446716448,0.20550315043132644
600213,2016-03-18,10.34,10.4,10.78,10.34,10.65,7789224,82499203.0,0.0,,,0.029980657640232163,10.053999999999991,9.731999999999989,9.899000000000004,9.842999999999966,9.897954057800806,9.94729856592399,-0.04934450812318403,-0.1959613771983684,0.29323373815036874
600213,2016-03-21,10.65,10.9,11.72,10.7,11.72,11194699,124784011.0,0.0,,,0.10046948356807514,10.485999999999994,9.944999999999988,9.948000000000004,9.9303333333333,10.178268818139145,10.078609783262953,0.09965903487619165,-0.13683729478345638,0.47299265931929607
600213,2016-03-22,11.72,11.55,11.65,11.28,11.33,7151543,81788499.0,0.0,,,-0.033276450511945437,10.811999999999992,10.103999999999989,9.966000000000003,9.994999999999967,10.355458230733122,10.171305354873105,0.1841528758600166,-0.07263926065476177,0.5135842730295568
600213,2016-03-23,11.33,11.33,11.8,11.21,11.52,9112702,104755144.0,0.0,,,0.016769638128861387,11.111999999999993,10.315999999999988,9.985000000000003,10.059999999999967,10.534618502928026,10.271208661919541,0.2634098410084853,-0.005429440322112335,0.5376785626611953
600213,2016-03-24,11.52,11.38,11.64,10.9,11.01,5896096,66325239.0,0.0,,,-0.04427083333333332,11.245999999999993,10.502999999999988,10.034000000000004,10.103666666666633,10.607754117862177,10.325933946221795,0.28182017164038164,0.05202048207038648,0.4595993791399903
600213,2016-03-25,11.01,11.01,11.25,10.99,11.2,4689067,52128192.0,0.0,,,0.017257039055404134,11.355999999999993,10.704999999999988,10.083500000000004,10.160999999999966,10.698868868960302,10.390679579834995,0.3081892891253073,0.10325424348137066,0.4098700912878733
600213,2016-03-28,11.2,11.11,11.47,10.98,11.04,4479203,50339593.0,0.0,,,-0.0142857142857143,11.219999999999995,10.852999999999986,10.176000000000004,10.214666666666632,10.75135058142795,10.438777388736106,0.31257319269184336,0.14511803332346523,0.33491031873675625
600213,2016-03-29,11.04,11.0,11.12,10.3,10.56,6691390,71383432.0,0.0,,,-0.0434782608695651,11.065999999999995,10.938999999999986,10.236500000000003,10.234333333333296,10.721912030439032,10.447756841422322,0.2741551890167102,0.17092546446211423,0.20645944910919195
600213,2016-03-30,10.56,10.7,11.08,10.63,10.98,5848978,63454525.0,0.0,,,0.03977272727272727,10.957999999999995,11.034999999999986,10.291000000000002,10.262666666666632,10.76161787190995,10.487182260576223,0.2744356113337272,0.19162749383643685,0.16561623499458067
600213,2016-03-31,10.98,11.26,11.75,11.11,11.36,9160899,104315837.0,0.0,,,0.03460837887067386,11.027999999999995,11.136999999999986,10.367500000000003,10.3023333333333,10.853676660846881,10.551835426459467,0.30184123438741395,0.2136702419466323,0.17634198488156327
600213,2016-04-01,11.36,11.3,12.07,11.21,11.76,13169108,154464129.0,0.0,,,0.03521126760563384,11.139999999999995,11.247999999999989,10.490000000000002,10.348666666666633,10.993111020716592,10.64132909857358,0.3517819221430116,0.24129257798590817,0.22097868831420692
600213,2016-04-05,11.76,11.85,12.51,11.6,12.32,11275437,136630247.0,0.0,,,0.04761904761904767,11.395999999999995,11.307999999999987,10.626500000000002,10.401333333333296,11.197247786760194,10.765675091271834,0.4315726954883594,0.27934860148639845,0.3044481880039219
600213,2016-04-06,12.32,12.28,12.43,11.86,12.18,9491059,115012604.0,0.0,,,-0.011363636363636407,11.719999999999995,11.392999999999988,10.748500000000002,10.441666666666633,11.348440434950932,10.870439899325774,0.4780005356251582,0.31907898831415044,0.31784309462201554
600213,2016-04-07,12.18,12.1,12.89,12.05,12.23,9181418,114173371.0,0.0,,,0.004105090311986922,11.969999999999995,11.463999999999988,10.89,10.477999999999962,11.48406498342002,10.971148054931271,0.5129169284887478,0.35784657634906997,0.3101407042793557
600213,2016-04-08,12.23,12.0,12.1,11.7,11.93,6929545,82332104.0,0.0,,,-0.02452984464431731,12.083999999999996,11.555999999999989,11.029500000000002,10.5413333333333,11.55267037058617,11.042174124936363,0.5104962456498079,0.3883765102092176,0.2442394708811806
600213,2016-04-11,11.93,12.04,12.55,12.0,12.27,6370261,78581768.0,0.0,,,0.02849958088851633,12.185999999999995,11.662999999999982,11.184,10.609999999999967,11.663028775111377,11.133124189755891,0.5299045853554851,0.41668212523847115,0.22644492023402796
600213,2016-04-12,12.27,12.31,12.6,12.02,12.31,5866257,72124110.0,0.0,,,0.003259983700081575,12.183999999999996,11.789999999999988,11.321500000000002,10.713999999999967,11.762562809709626,11.220300175699899,0.5422626340097274,0.44179822699272236,0.20092881403401008
600213,2016-04-13,12.31,12.36,13.19,12.36,12.79,8984057,115743879.0,0.0,,,0.038992688870836616,12.305999999999996,12.012999999999984,11.476000000000004,10.828666666666631,11.9206300697543,11.336574236759166,0.5840558329951335,0.47024974819320464,0.22761216960385777
600213,2016-04-14,12.79,12.83,13.85,12.83,13.62,11066762,147983906.0,0.0,,,0.06489444878811572,12.583999999999993,12.276999999999983,11.656000000000002,10.952999999999967,12.18207159748441,11.505716885888118,0.6763547115962911,0.5114707408738219,0.3297679414449384
600213,2016-04-15,13.62,13.41,14.58,13.41,14.52,9806014,137843481.0,0.0,,,0.06607929515418505,13.101999999999993,12.592999999999984,11.865000000000002,11.109333333333302,12.541752890179115,11.728997116563072,0.8127557736160433,0.5717277474222663,0.4820560523875541
600213,2016-04-18,14.52,14.3,14.95,13.82,14.67,11829568,170791399.0,0.0,,,0.01033057851239672,13.581999999999995,12.883999999999983,12.065999999999999,11.287999999999967,12.869175522459251,11.946849182002843,0.9223263404564079,0.6418474660290947,0.5609577488546265
600213,2016-04-19,14.67,14.58,14.94,14.1,14.23,7016307,101393286.0,0.0,,,-0.02999318336741646,13.965999999999996,13.074999999999983,12.1915,11.442666666666634,13.078533134388596,12.115971464817447,0.9625616695711496,0.7059903067375057,0.5131427256672878
600213,2016-04-20,14.23,14.41,14.57,12.82,13.28,10732525,144864811.0,0.0,,,-0.06676036542515819,14.063999999999993,13.184999999999983,12.289000000000001,11.560666666666634,13.10952803679035,12.202195800756895,0.9073322360334544,0.7462586925966955,0.3221470868735177
600213,2016-04-21,13.28,13.26,13.8,13.01,13.21,8339040,112240071.0,0.0,,,-0.005271084337349285,13.981999999999996,13.282999999999989,12.3735,11.687666666666635,13.124985261899528,12.276847963663792,0.848137298235736,0.7666344137245037,0.16300576902246466
600213,2016-04-22,13.21,13.25,13.76,13.04,13.53,6084722,81621470.0,0.0,,,0.024224072672217902,13.783999999999995,13.442999999999989,12.4995,11.833999999999966,13.187295221607293,12.369674040429437,0.8176211811778558,0.7768317672151742,0.08157882792536308
600213,2016-04-25,13.53,13.44,13.69,12.82,12.99,6571278,86112238.0,0.0,,,-0.03991130820399107,13.447999999999993,13.514999999999983,12.589000000000002,11.960999999999967,13.156942110590785,12.41562411150874,0.741317999082046,0.7697290135885486,-0.05682202901300526
600213,2016-04-26,12.99,12.95,13.43,12.9,13.38,7403323,97789943.0,0.0,,,0.03002309468822175,13.277999999999993,13.621999999999984,12.706,12.088333333333301,13.191258708961431,12.487059362508091,0.7041993464533398,0.7566230801615069,-0.10484746741633422
600213,2016-04-27,13.38,13.33,14.02,13.26,13.99,8651855,119211868.0,0.0,,,0.04559043348281012,13.419999999999993,13.741999999999988,12.8775,12.231333333333302,13.314141984505826,12.598388298618604,0.715753685887222,0.74844920130665,-0.06539103083885611
600213,2016-04-28,13.99,13.91,14.17,13.09,13.66,8571913,115874610.0,0.0,,,-0.02358827734095784,13.509999999999993,13.745999999999983,13.011500000000002,12.352666666666634,13.367350909966467,12.677026202424633,0.6903247075418335,0.7368243025536868,-0.0929991900237066
600213,2016-04-29,13.66,13.32,13.75,13.19,13.49,5662641,76207103.0,0.0,,,-0.012445095168374812,13.50199999999999,13.642999999999983,13.118,12.457666666666634,13.386220000740856,12.737246483726512,0.648973517014344,0.7192541454458183,-0.14056125686294862
600213,2016-05-03,13.49,13.48,13.85,13.24,13.79,6926750,94318812.0,0.0,,,0.022238695329873902,13.661999999999994,13.554999999999987,13.219500000000002,12.562333333333305,13.448340000626878,12.815228225672696,0.6331117749541821,0.7020256713474912,-0.13782779278661805
600213,2016-05-04,13.79,13.75,13.88,13.45,13.53,5818620,79705394.0,0.0,,,-0.018854242204496,13.691999999999993,13.484999999999989,13.28,12.622666666666634,13.460903077453512,12.868174283030275,0.5927287944232376,0.6801662959626406,-0.174875003078806
600213,2016-05-05,13.53,13.49,13.61,13.07,13.37,5572551,74067880.0,0.0,,,-0.011825572801182571,13.567999999999996,13.493999999999991,13.3395,12.690666666666633,13.446917988614512,12.905346558361366,0.5415714302531462,0.6524473228207417,-0.2217517851351909
600213,2016-05-06,13.37,13.3,13.43,12.28,12.31,10122308,129671318.0,0.0,,,-0.07928197456993259,13.297999999999995,13.403999999999987,13.3435,12.716999999999974,13.272007528827665,12.86124681329756,0.4107607155301043,0.6041100013626143,-0.38669857166502
600213,2016-05-09,12.31,11.85,12.06,11.08,11.08,12070460,136302759.0,0.0,,,-0.09991876523151913,12.815999999999995,13.158999999999988,13.300999999999998,12.719333333333305,12.934775601315716,12.72930260490515,0.20547299641056505,0.5243826003722044,-0.6378192079232787
600213,2016-05-10,11.08,11.08,11.21,10.93,11.14,5407911,60093976.0,0.0,,,0.00541516245487369,12.285999999999998,12.973999999999991,13.2445,12.717333333333304,12.658656278036375,12.611576486023289,0.04707979201308632,0.42892203870038076,-0.7636844933745889
600213,2016-05-11,11.14,11.3,11.3,10.66,10.7,7621689,83269136.0,0.0,,,-0.03949730700179545,11.719999999999995,12.705999999999989,13.163999999999998,12.705999999999971,12.357324542953856,12.46997822779934,-0.11265368484548333,0.3206068939912079,-0.8665211576733824
600213,2016-05-12,10.7,10.4,11.17,10.08,10.93,8809277,93277584.0,0.0,,,0.02149532710280378,11.231999999999996,12.39999999999999,13.070999999999998,12.718333333333304,12.137736151730184,12.35590576648087,-0.21816961475068553,0.2128515922428292,-0.8620424139870295
600213,2016-05-13,10.93,10.69,11.12,10.69,10.81,3764228,41088738.0,0.0,,,-0.010978956999085016,10.931999999999993,12.114999999999991,12.9305,12.712666666666633,11.933469051464003,12.241394228223028,-0.3079251767590243,0.10869623844245847,-0.8332428304029655
600213,2016-05-16,10.81,10.85,11.27,10.85,11.25,4676612,51647540.0,0.0,,,0.040703052728954615,10.965999999999996,11.890999999999991,12.766999999999998,12.708999999999971,11.828319966623388,12.167957618725024,-0.33963765210163643,0.019029460333639465,-0.7173342248705518
600213,2016-05-17,11.25,11.22,11.3,10.97,11.03,4846130,53783539.0,0.0,,,-0.01955555555555561,10.943999999999996,11.614999999999991,12.584999999999996,12.684666666666635,11.70550151021979,12.08366446178243,-0.3781629515626399,-0.060409022045616434,-0.6355078590340469
600213,2016-05-18,11.03,10.72,10.96,10.27,10.48,4961405,52146892.0,0.0,,,-0.049864007252946416,10.899999999999995,11.30999999999999,12.397499999999996,12.623333333333305,11.516962816339824,11.964874501650396,-0.44791168531057224,-0.13790955469860763,-0.6200042612239292
600213,2016-05-19,10.48,10.42,10.99,10.42,10.85,5847553,62368768.0,0.0,,,0.035305343511450316,10.883999999999993,11.057999999999991,12.275999999999998,12.578999999999972,11.414353152287543,11.882291205231848,-0.4679380529443051,-0.20391525434774713,-0.528045597193116
600213,2016-05-20,10.85,10.63,11.94,10.52,11.73,13587339,156236725.0,0.0,,,0.08110599078341021,11.067999999999993,10.999999999999991,12.201999999999995,12.562333333333305,11.462914205781768,11.871010375214674,-0.4080961694329055,-0.24475143736477883,-0.3266894641362533
600213,2016-05-23,11.73,11.44,12.33,11.44,11.77,14739152,173148155.0,0.0,,,0.003410059676044258,11.171999999999993,11.068999999999988,12.113999999999995,12.556999999999967,11.510158174123035,11.863528125198773,-0.353369951075738,-0.2664751401069707,-0.17378962193753456
600213,2016-05-24,11.77,11.62,11.87,11.25,11.51,7337459,84709752.0,0.0,,,-0.022090059473237025,11.267999999999994,11.105999999999991,12.039999999999996,12.531666666666634,11.510133839642569,11.83734085666553,-0.3272070170229622,-0.278621515490169,-0.09717100306558635
600213,2016-05-25,11.51,11.58,11.66,11.23,11.3,5098571,58570362.0,0.0,,,-0.018245004344048573,11.431999999999993,11.165999999999988,11.935999999999995,12.497999999999971,11.477805556620636,11.797537830245863,-0.3197322736252275,-0.28684366711718073,-0.06577721301609352
600213,2016-05-26,11.3,11.3,11.76,11.02,11.65,7572912,86727637.0,0.0,,,0.0309734513274336,11.591999999999993,11.237999999999989,11.818999999999996,12.459999999999967,11.504297009448232,11.786609102079504,-0.28231209263127255,-0.2859373522199991,0.007250519177453119
600213,2016-05-27,11.65,11.6,11.8,11.5,11.64,5008084,58222428.0,0.0,,,-0.000858369098712428,11.573999999999993,11.320999999999987,11.717999999999995,12.393999999999966,11.525174392610042,11.775749168592135,-0.2505747759820931,-0.27886483697241793,0.056580121980649656
600213,2016-05-30,11.64,11.52,11.73,11.3,11.47,3665897,42310720.0,0.0,,,-0.014604810996563569,11.513999999999992,11.342999999999988,11.616999999999996,12.292333333333302,11.51668602451619,11.753101082029755,-0.23641505751356462,-0.2703748810806473,0.06791964713416532
600213,2016-05-31,11.47,11.47,12.31,11.47,12.23,10099479,120848787.0,0.0,,,0.06625980819529205,11.657999999999996,11.462999999999989,11.538999999999994,12.210999999999967,11.626426636129084,11.788426927805329,-0.16200029167624486,-0.24869996319976678,0.17339934304704385
600213,2016-06-01,12.23,12.2,12.4,12.06,12.15,6855235,83563708.0,0.0,,,-0.006541291905151273,11.827999999999996,11.629999999999988,11.469999999999995,12.141666666666634,11.706976384416917,11.815210118338268,-0.1082337339213506,-0.22060671734408357,0.22474596684546594
600213,2016-06-02,12.15,12.1,12.21,11.98,12.16,5540115,67045793.0,0.0,,,0.0008230452674896944,11.929999999999994,11.76099999999999,11.409499999999996,12.104333333333305,11.776672325275852,11.84075010957247,-0.06407778429661803,-0.18930093073459048,0.2504462928759449
600213,2016-06-03,12.16,12.15,12.28,12.03,12.1,4586409,55693405.0,0.0,,,-0.00493421052631583,12.021999999999995,11.797999999999991,11.398999999999996,12.067333333333304,11.82641504446418,11.859953805159693,-0.03353876069551198,-0.15814849672677478,0.2492194720625256
600213,2016-06-06,12.1,12.08,12.43,12.07,12.23,5227552,63825159.0,0.0,,,0.010743801652892626,12.173999999999996,11.84399999999999,11.456499999999995,12.023999999999974,11.888505037623538,11.887364634407122,0.0011404032164161748,-0.12629071673813658,0.2548622399091055
600213,2016-06-07,12.23,12.22,12.35,12.03,12.22,4355626,53080390.0,0.0,,,-0.000817661488143891,12.171999999999993,11.91499999999999,11.510499999999993,11.998333333333305,11.939504262604533,11.912004291117707,0.027499971486825814,-0.09553257909314408,0.2460651011599398
600213,2016-06-08,12.22,12.24,12.88,12.06,12.46,7515470,93973696.0,0.0,,,0.01963993453355157,12.233999999999993,12.03099999999999,11.598499999999996,11.967666666666641,12.019580529896146,11.952596565849728,0.06698396404641827,-0.06302927046523162,0.26002646902329973
600213,2016-06-13,12.46,12.1,12.39,11.62,11.65,7569887,90935065.0,0.0,,,-0.06500802568218303,12.131999999999994,12.030999999999988,11.634499999999996,11.889666666666637,11.9627219868352,11.930182005416414,0.03253998141878611,-0.04391542008842806,0.15291080301442833
600213,2016-06-14,11.65,11.52,11.66,11.25,11.65,4378510,50156627.0,0.0,,,0.0,12.041999999999994,12.031999999999991,11.676499999999995,11.822666666666635,11.914610911937478,11.909427782792976,0.005183129144501919,-0.03409571024184207,0.07855767877268797
600213,2016-06-15,11.65,11.5,12.34,11.35,12.14,7660193,91820475.0,0.0,,,0.042060085836909886,12.023999999999992,12.098999999999991,11.720999999999995,11.777666666666635,11.94928615625479,11.926507206289793,0.022778949964996187,-0.022720778200474415,0.0909994563309412
600213,2016-06-16,12.14,12.15,12.68,12.05,12.3,10295910,127687818.0,0.0,,,0.013179571663920931,12.039999999999992,12.105999999999993,11.784499999999996,11.727999999999971,12.003242132215592,11.954173339157215,0.049068793058376414,-0.008362863948704247,0.11486331401416132
600213,2016-06-17,12.3,12.31,12.95,12.26,12.55,10588316,133649454.0,0.0,,,0.02032520325203252,12.057999999999993,12.14599999999999,11.887999999999995,11.695333333333304,12.087358727259346,11.998308647367793,0.08905007989155322,0.011119724819347254,0.15586071014441194
600213,2016-06-20,12.55,12.06,12.44,11.9,12.39,8538563,104099825.0,0.0,,,-0.012749003984063756,12.20599999999999,12.168999999999993,11.964999999999995,11.662666666666635,12.133918923065602,12.027322821636846,0.10659610142875664,0.030215000141229142,0.152762202575055
600213,2016-06-21,12.39,12.49,12.88,12.26,12.36,6783000,85388903.0,0.0,,,-0.0024213075060533604,12.347999999999994,12.19499999999999,11.996499999999996,11.664333333333303,12.168700627209356,12.051965575589673,0.116735051619683,0.047519010436919924,0.13843208236552618
600213,2016-06-22,12.36,12.28,12.64,12.08,12.6,6089079,75065970.0,0.0,,,0.01941747572815536,12.439999999999992,12.231999999999989,12.037999999999995,11.714999999999973,12.235054376869455,12.092560718138586,0.14249365873086894,0.06651394009570975,0.15195943727031838
600213,2016-06-23,12.6,12.5,12.6,12.23,12.5,6199665,76963357.0,0.0,,,-0.007936507936507908,12.479999999999993,12.259999999999987,12.087499999999995,11.760333333333303,12.275815241966463,12.122741405683875,0.1530738362825872,0.08382591933308525,0.13849583389900388
600213,2016-06-24,12.5,12.41,13.0,11.82,12.68,10517611,132179484.0,0.0,,,0.014399999999999975,12.505999999999993,12.281999999999988,12.156499999999996,11.826333333333304,12.337997512433159,12.164019820077662,0.17397769235549632,0.10185627393756748,0.14424283683585767
600213,2016-06-27,12.68,12.65,12.89,12.55,12.85,8674117,110511005.0,0.0,,,0.013406940063091477,12.59799999999999,12.401999999999989,12.216499999999995,11.890333333333304,12.416767125904979,12.214833166738575,0.20193395916640355,0.12187181098333473,0.16012429636613765
600213,2016-06-28,12.85,12.76,13.08,12.63,12.91,6584157,84666182.0,0.0,,,0.004669260700389144,12.707999999999991,12.527999999999983,12.279999999999996,11.960333333333304,12.492649106534982,12.266327006239422,0.22632210029556,0.1427618688457798,0.1671204628995604
600213,2016-06-29,12.91,12.93,12.97,12.74,12.83,4361720,56012163.0,0.0,,,-0.006196746707978317,12.753999999999989,12.596999999999989,12.347999999999995,12.012999999999973,12.544549243991137,12.3080805613328,0.23646868265833731,0.1615032316082913,0.14993090210009202
600213,2016-06-30,12.83,12.89,12.89,12.72,12.76,3543296,45280429.0,0.0,,,-0.005455962587685135,12.805999999999989,12.642999999999988,12.374499999999996,12.070666666666641,12.577695514146347,12.341556075308146,0.236139438838201,0.17643047305427326,0.11941793156785546
600213,2016-07-01,12.76,12.83,12.87,12.57,12.67,2955688,37606651.0,0.0,,,-0.007053291536050145,12.803999999999993,12.654999999999989,12.400499999999996,12.143666666666642,12.59189620427768,12.365885254914948,0.22601094936273114,0.18634656831596486,0.07932876209353257
600213,2016-07-04,12.67,12.5,12.82,12.46,12.8,4742380,60155826.0,0.0,,,0.01026045777426999,12.79399999999999,12.695999999999987,12.432499999999996,12.208666666666641,12.623912172850345,12.398041902699028,0.2258702701513169,0.19425130868303528,0.06323792293656322
600213,2016-07-05,12.8,12.83,12.89,12.63,12.79,4026447,51347326.0,0.0,,,-0.0007812500000001221,12.76999999999999,12.738999999999988,12.466999999999995,12.243999999999973,12.649464146257984,12.427075835832433,0.22238831042555063,0.19987870903153837,0.045019202788024515
600213,2016-07-06,12.79,12.8,13.26,12.79,13.12,7995666,104573881.0,0.0,,,0.0258014073494918,12.827999999999992,12.790999999999988,12.511499999999995,12.288999999999973,12.72185427760291,12.478403551696697,0.24345072590621264,0.20859311240647324,0.0697152269994788
600213,2016-07-07,13.12,13.12,13.12,12.83,12.97,5301870,68558792.0,0.0,,,-0.011432926829268185,12.86999999999999,12.837999999999989,12.548999999999996,12.337666666666644,12.760030542587078,12.514818103422868,0.24521243916420943,0.2159169777580205,0.05859092281237788
600213,2016-07-08,12.97,12.92,12.92,12.74,12.79,3677793,47156723.0,0.0,,,-0.013878180416345526,12.893999999999993,12.848999999999982,12.565499999999993,12.387333333333311,12.76464122834291,12.535201947613768,0.22943928072914233,0.2186214383522449,0.021635684753794848
600213,2016-07-11,12.79,12.8,12.94,12.64,12.66,5595611,71519974.0,0.0,,,-0.010164190774042143,12.86599999999999,12.829999999999988,12.615999999999993,12.420999999999975,12.748542577828616,12.544446247790525,0.2040963300380909,0.2157164166894141,-0.023240173302646383
600213,2016-07-12,12.66,12.7,12.78,12.18,12.66,5020138,62936250.0,0.0,,,0.0,12.839999999999993,12.804999999999987,12.666499999999992,12.45499999999998,12.734920642778059,12.553005784991225,0.18191485778683436,0.20895610490889813,-0.05408249424412753
600213,2016-07-13,12.66,12.67,12.76,12.6,12.75,3888317,49375893.0,0.0,,,0.007109004739336481,12.765999999999993,12.796999999999983,12.696999999999992,12.497666666666644,12.737240543889127,12.567597949065949,0.16964259482317878,0.20109340289175426,-0.06290161613715095
600213,2016-07-14,12.75,12.79,12.89,12.53,12.73,5290749,67354348.0,0.0,,,-0.0015686274509803587,12.717999999999993,12.793999999999983,12.718499999999993,12.514333333333312,12.736126614060032,12.579627730616618,0.15649888344341356,0.19217449900208614,-0.07135123111734515
600213,2016-07-15,12.73,13.02,13.09,12.74,12.8,7414556,95766809.0,0.0,,,0.005498821681068365,12.719999999999994,12.806999999999988,12.730999999999993,12.535999999999976,12.745953288820028,12.595951602422796,0.150001686397232,0.18373993648111533,-0.06747650016776668
600213,2016-07-18,12.8,12.8,12.8,12.41,12.47,4784600,60111012.0,0.0,,,-0.02578125000000001,12.681999999999993,12.773999999999988,12.734999999999996,12.546333333333314,12.70349893669387,12.586621854095181,0.11687708259868934,0.17036736570463015,-0.10698056621188162
600213,2016-07-19,12.47,12.49,12.63,12.37,12.54,3351862,41908856.0,0.0,,,0.005613472333600522,12.657999999999992,12.74899999999999,12.743999999999994,12.56099999999998,12.678345254125585,12.583168383421462,0.09517687070412251,0.15532926670452862,-0.12030479200081223
600213,2016-07-20,12.54,12.6,12.75,12.5,12.64,3554780,44895862.0,0.0,,,0.007974481658692299,12.635999999999992,12.700999999999988,12.745999999999993,12.574666666666644,12.67244598426011,12.58737813279765,0.0850678514624601,0.14127698365611494,-0.11241826438730967
600213,2016-07-21,12.64,12.7,12.75,12.53,12.63,3185731,40391044.0,0.0,,,-0.0007911392405063122,12.61599999999999,12.666999999999987,12.752499999999996,12.588333333333312,12.665915832835477,12.590535308145972,0.07538052468950518,0.128097691862793,-0.10543433434657562
600213,2016-07-22,12.63,12.71,12.72,12.39,12.53,3469782,43403027.0,0.0,,,-0.007917656373713495,12.561999999999992,12.640999999999988,12.744999999999996,12.590666666666644,12.645005704706941,12.58605121124627,0.05895449346067139,0.11426905218236867,-0.11062911744339457
600213,2016-07-25,12.53,12.51,12.65,12.43,12.56,2753133,34564506.0,0.0,,,0.002394253790901927,12.579999999999993,12.630999999999991,12.730499999999996,12.620999999999974,12.631927903982797,12.584121491894694,0.047806412088103656,0.10097652416351567,-0.10634022415082403
600213,2016-07-26,12.56,12.52,12.85,12.51,12.81,5706200,72636808.0,0.0,,,0.019904458598726117,12.633999999999993,12.64599999999999,12.725499999999993,12.659666666666643,12.659323611062366,12.600853233235826,0.05847037782653963,0.09247529489612047,-0.06800983413916167
600213,2016-07-27,12.81,12.9,12.9,11.88,11.92,6702894,82671951.0,0.0,,,-0.06947697111631541,12.489999999999993,12.562999999999988,12.67999999999999,12.652333333333313,12.545581517052772,12.550419660403543,-0.004838143350770707,0.07301260724674223,-0.15570150119502588
600213,2016-07-28,11.92,11.9,12.31,11.78,12.18,5200190,62734376.0,0.0,,,0.02181208053691273,12.399999999999993,12.507999999999988,12.650999999999993,12.648333333333314,12.489338206736964,12.522981167040317,-0.033642960303353675,0.051681493736723046,-0.17064890808015343
600213,2016-07-29,12.18,12.23,12.28,11.99,12.02,2397751,29055224.0,0.0,,,-0.013136288998357977,12.297999999999993,12.429999999999987,12.61849999999999,12.630666666666643,12.41713232877743,12.48572330281511,-0.06859097403767933,0.027627000181842568,-0.1924359484390438
600213,2016-08-01,12.02,11.99,12.1,11.42,11.9,4125222,48097265.0,0.0,,,-0.009983361064891784,12.165999999999993,12.372999999999989,12.57349999999999,12.614333333333313,12.33757350896552,12.442336391495473,-0.10476288252995403,0.0011490236394832408,-0.21182381233887454
600213,2016-08-02,11.9,11.81,11.96,11.72,11.88,2362119,27984216.0,0.0,,,-0.0016806722689075273,11.979999999999993,12.306999999999988,12.52799999999999,12.598333333333311,12.267177584509284,12.400681843977289,-0.1335042594680047,-0.025781632982014354,-0.2154452529719807
600213,2016-08-03,11.88,11.86,12.18,11.8,12.0,2755577,33228328.0,0.0,,,0.010101010101010034,11.995999999999993,12.242999999999988,12.47199999999999,12.578333333333312,12.226073340738626,12.371001707386377,-0.14492836664775055,-0.0496109797151616,-0.1906347738651779
600213,2016-08-04,12.0,12.07,12.14,11.88,12.12,2263576,27183666.0,0.0,,,0.009999999999999934,11.983999999999993,12.191999999999988,12.429499999999992,12.565666666666644,12.209754365240377,12.352408988320718,-0.14265462308034138,-0.06821970838819758,-0.1488698293842876
600213,2016-08-05,12.12,12.15,12.15,11.98,12.0,1799687,21674871.0,0.0,,,-0.009900990099009835,11.979999999999993,12.138999999999989,12.38999999999999,12.542999999999974,12.177484462895704,12.32630461881548,-0.1488201559197755,-0.08433979789451317,-0.12896071605052464
600213,2016-08-08,12.0,12.0,12.35,11.93,12.34,2911191,35475675.0,0.0,,,0.028333333333333318,12.067999999999996,12.116999999999988,12.373999999999993,12.525999999999973,12.202486853219442,12.327319091495815,-0.12483223827637246,-0.09243828597088503,-0.06478790461097486
600213,2016-08-09,12.34,12.38,12.48,12.25,12.37,3176008,39323162.0,0.0,,,0.0024311183144245835,12.165999999999993,12.072999999999988,12.35949999999999,12.507999999999974,12.228258106570298,12.330480640273903,-0.10222253370360512,-0.09439513551742906,-0.01565479637235212
600213,2016-08-10,12.37,12.42,12.61,12.42,12.52,3004561,37674145.0,0.0,,,0.012126111560226385,12.269999999999992,12.132999999999988,12.34799999999999,12.49766666666664,12.273141474790252,12.344519111364725,-0.07137763657447316,-0.08979163572883789,0.03682799830872946
600213,2016-08-11,12.52,12.52,12.53,12.17,12.45,2338937,28864268.0,0.0,,,-0.005591054313099065,12.335999999999995,12.159999999999988,12.33399999999999,12.487333333333307,12.300350478668676,12.352332510522892,-0.051982031854215904,-0.0822297149539135,0.06049536619939519
600213,2016-08-12,12.45,12.59,13.05,12.59,12.67,8227762,105565697.0,0.0,,,0.01767068273092375,12.469999999999995,12.224999999999987,12.32749999999999,12.487333333333307,12.357219635796572,12.375863435669343,-0.018643799872771538,-0.06951253193768511,0.10173746412982715
600213,2016-08-15,12.67,12.85,12.95,12.5,12.78,5509299,70143034.0,0.0,,,0.008681925808997588,12.557999999999993,12.312999999999983,12.342999999999988,12.486666666666641,12.422262768750945,12.405799477471614,0.016463291279331216,-0.052317367294281845,0.13756131714722614
600213,2016-08-16,12.78,12.78,12.89,12.66,12.77,4404245,56127334.0,0.0,,,-0.0007824726134585122,12.637999999999993,12.401999999999989,12.354499999999991,12.485999999999972,12.475760804327722,12.432777293955198,0.042983510372524236,-0.033257191760920624,0.15248140426688972
600213,2016-08-17,12.77,12.8,13.0,12.68,12.9,4665541,59984938.0,0.0,,,0.010180109631949943,12.713999999999993,12.491999999999988,12.367499999999987,12.478666666666633,12.54102837289269,12.46738638329185,0.07364198960084067,-0.011877355488568357,0.17103869017881806
600213,2016-08-18,12.9,12.94,13.08,12.83,13.01,4387321,56912043.0,0.0,,,0.008527131782945693,12.825999999999993,12.580999999999984,12.386499999999991,12.479999999999967,12.613177853986123,12.50757998452949,0.10559786945663241,0.011617689500471803,0.1879603599123212
600213,2016-08-19,13.01,13.03,13.13,12.72,12.8,3541977,45751790.0,0.0,,,-0.016141429669484942,12.851999999999993,12.660999999999989,12.39999999999999,12.480333333333302,12.64191972260364,12.529240726416196,0.11267899618744437,0.03182995083786633,0.16169809069915608
600213,2016-08-22,12.8,12.85,12.87,12.58,12.63,3973438,50490110.0,0.0,,,-0.013281249999999994,12.821999999999992,12.689999999999989,12.40349999999999,12.479333333333301,12.640085919126157,12.536704376311292,0.10338154281486567,0.0461402692332662,0.11448254716319893
600213,2016-08-23,12.63,12.64,12.82,12.56,12.68,3231178,40985159.0,0.0,,,0.003958828186856606,12.803999999999993,12.720999999999984,12.396999999999993,12.479999999999967,12.646226546952903,12.547318866954901,0.09890767999800154,0.056693751386213284,0.08442785722357651
600213,2016-08-24,12.68,12.68,12.89,12.61,12.75,2237684,28579262.0,0.0,,,0.005520504731861222,12.773999999999996,12.743999999999987,12.438499999999992,12.479999999999967,12.662191693575535,12.5623322842175,0.09985940935803406,0.06532688298057746,0.0690650527549132
600213,2016-08-25,12.75,12.8,13.08,12.7,12.96,7054992,91245354.0,0.0,,,0.016470588235294185,12.763999999999996,12.794999999999984,12.477499999999992,12.487666666666632,12.708008356102374,12.591789152053241,0.11621920404913233,0.07550534719428843,0.0814277137096878
600213,2016-08-26,12.96,13.0,13.58,12.99,13.11,7056106,94250717.0,0.0,,,0.011574074074073964,12.825999999999995,12.838999999999988,12.531999999999993,12.497999999999964,12.769853224394318,12.630175140790039,0.13967808360427902,0.08833989447628655,0.10267637825598494
600213,2016-08-29,13.11,13.12,13.99,13.03,13.88,9471275,129179723.0,0.0,,,0.058733790999237326,13.075999999999995,12.948999999999987,12.630999999999993,12.544999999999964,12.94064503602596,12.722754759990776,0.21789027603518463,0.1142499707880662,0.20728061049423685
600213,2016-08-30,13.88,13.8,13.89,13.53,13.56,5323139,72589971.0,0.0,,,-0.023054755043227685,13.252,13.027999999999983,12.714999999999993,12.578999999999965,13.03593041509889,12.784772925917384,0.25115748918150693,0.14163147446675436,0.21905202942950514
600213,2016-08-31,13.56,13.61,14.08,13.58,13.83,6895027,95140758.0,0.0,,,0.01991150442477873,13.467999999999998,13.120999999999983,12.806499999999993,12.618666666666632,13.158094966622139,12.862197153627209,0.2958978129949301,0.17248474217238954,0.24682614164508115
600213,2016-09-01,13.83,13.86,13.88,13.31,13.37,4084596,55723166.0,0.0,,,-0.033261026753434626,13.55,13.156999999999988,12.868999999999993,12.643333333333294,13.190695740987964,12.899812179284453,0.29088356170351126,0.1961645060786139,0.1894381112497947
600213,2016-09-02,13.37,13.49,13.77,13.2,13.64,4925685,66847405.0,0.0,,,0.02019446522064333,13.655999999999999,13.240999999999984,12.95099999999999,12.680333333333296,13.259819473143661,12.954640906744865,0.30517856639879604,0.21796731814265036,0.17442249651229136
600213,2016-09-05,13.64,13.58,13.68,13.38,13.5,4026427,54495349.0,0.0,,,-0.01026392961876837,13.580000000000002,13.327999999999983,13.008999999999993,12.711666666666632,13.296770323429252,12.995037876615617,0.3017324468136344,0.23472034387684718,0.1340242058735745
600213,2016-09-06,13.5,13.55,14.35,13.26,14.26,8708460,122003520.0,0.0,,,0.056296296296296275,13.720000000000002,13.485999999999983,13.103499999999993,12.759999999999964,13.444959504440137,13.08873877464409,0.35622072979604624,0.259020421060687,0.19440061747071846
600213,2016-09-07,14.26,14.28,14.58,14.0,14.07,6168358,87878266.0,0.0,,,-0.013323983169705437,13.768000000000004,13.617999999999983,13.180999999999992,12.831666666666631,13.541119580680114,13.16142479133712,0.3796947893429934,0.2831552947171483,0.1930789892516902
600213,2016-09-08,14.07,14.1,14.48,14.08,14.36,5519595,78968249.0,0.0,,,0.020611229566453386,13.966000000000005,13.757999999999983,13.276499999999993,12.904333333333295,13.667101183652404,13.250208140126963,0.416893043525441,0.30990284447880684,0.2139803980932683
600213,2016-09-09,14.36,14.58,15.8,14.58,15.06,17374759,267084620.0,0.0,,,0.04874651810584967,14.250000000000005,13.952999999999983,13.395999999999994,13.005666666666631,13.881393309244341,13.384266796413854,0.49712651283048714,0.3473475781491429,0.29955786936268847
600213,2016-09-12,15.06,14.6,15.35,14.17,14.25,12674474,187262227.0,0.0,,,-0.05378486055776895,14.400000000000002,13.989999999999982,13.469499999999993,13.083999999999964,13.938102030899058,13.44839518186468,0.4897068490343788,0.37581943232619014,0.22777483341637728
600213,2016-09-13,14.25,14.4,15.38,14.13,15.26,10952819,162643179.0,0.0,,,0.07087719298245612,14.600000000000005,14.159999999999984,13.593999999999996,13.196666666666632,14.141470949222281,13.582588131356184,0.5588828178660972,0.41243210943417163,0.29290141686385107
600213,2016-09-14,15.26,15.02,15.46,14.8,15.01,7022677,106387870.0,0.0,,,-0.0163826998689384,14.788000000000006,14.277999999999983,13.699499999999995,13.296999999999965,14.275090803188084,13.688322343848318,0.5867684593397655,0.44729937941529047,0.2789381598489501
600213,2016-09-19,15.01,15.1,16.38,15.1,16.15,11911936,188611646.0,0.0,,,0.07594936708860751,15.146000000000004,14.555999999999983,13.856499999999993,13.431333333333294,14.563538371928379,13.870668836896591,0.6928695350317877,0.49641341053858995,0.39291224898639554
600213,2016-09-20,16.15,16.07,16.49,15.91,16.15,9648414,155743271.0,0.0,,,0.0,15.364000000000004,14.806999999999983,14.023999999999992,13.569666666666631,14.807609391631704,14.039508182311659,0.7681012093200454,0.5507509702948811,0.43470047805032874
600213,2016-09-21,16.15,16.01,16.6,15.7,15.97,7863979,126332308.0,0.0,,,-0.011145510835913187,15.708000000000006,15.053999999999983,14.190999999999995,13.690666666666631,14.986438715996059,14.1825075762145,0.8039311397815592,0.6013870041922167,0.40508827117868496
600213,2016-09-22,15.97,16.1,16.15,15.57,15.94,7399888,117132992.0,0.0,,,-0.0018785222291797829,15.844000000000005,15.221999999999984,14.353999999999996,13.809666666666631,15.133140451996665,14.31269220019861,0.8204482517980551,0.6451992537133844,0.3504979961693415
600213,2016-09-23,15.94,16.0,16.1,15.63,15.95,4994094,79082118.0,0.0,,,0.0006273525721455324,16.032000000000004,15.409999999999984,14.513999999999992,13.923999999999964,15.258811151689486,14.433974259443158,0.8248368922463278,0.6811267814199732,0.2874202216527093
600213,2016-09-26,15.95,15.94,15.95,14.36,14.36,12096813,180521555.0,0.0,,,-0.09968652037617556,15.674,15.40999999999998,14.583999999999996,13.987666666666632,15.120532512968026,14.42849468466959,0.692037828298437,0.683308990795666,0.01745767500554196
600213,2016-09-27,14.36,14.24,14.48,13.84,14.4,6842026,96423529.0,0.0,,,0.0027855153203343265,15.324000000000002,15.343999999999982,14.648499999999993,14.045333333333296,15.009681357126793,14.426383967286657,0.5832973898401352,0.66330667060456,-0.1600185615288494
600213,2016-09-28,14.4,14.29,14.83,14.24,14.45,4681403,68194313.0,0.0,,,0.0034722222222221483,15.02,15.363999999999981,14.676999999999992,14.100999999999964,14.923576532953438,14.4281333030432,0.49544322991023826,0.6297339824656957,-0.26858150511091483
600213,2016-09-29,14.45,14.38,14.77,14.31,14.41,4273509,62235324.0,0.0,,,-0.002768166089965339,14.714000000000002,15.27899999999998,14.719499999999993,14.155666666666631,14.844564758652908,14.42679009541037,0.41777466324253787,0.5873421186210641,-0.3391349107570525
600213,2016-09-30,14.41,14.45,14.62,14.39,14.42,2678679,38836867.0,0.0,,,0.00069396252602358,14.408,15.219999999999981,14.748999999999995,14.206333333333301,14.779247103475537,14.426287125379972,0.3529599780955657,0.5404656905159645,-0.37501142484079764
600213,2016-10-10,14.42,14.5,14.97,14.45,14.87,4918259,72381419.0,0.0,,,0.031206657420249605,14.510000000000002,15.091999999999981,14.823999999999995,14.2683333333333,14.793209087556225,14.459154745722195,0.3340543418340296,0.4991834207795775,-0.3302581578910958
600213,2016-10-11,14.87,14.79,14.95,14.61,14.78,4726331,69653055.0,0.0,,,-0.0060524546065904425,14.586000000000002,14.95499999999998,14.880999999999995,14.334333333333301,14.791176920239883,14.482921060853885,0.30825585938599787,0.4609979085008616,-0.30548409822972744
600213,2016-10-12,14.78,14.79,15.01,14.5,14.9,3749910,55677142.0,0.0,,,0.00811907983761847,14.676000000000002,14.847999999999981,14.950999999999993,14.409999999999965,14.80791893251067,14.51381579708693,0.29410313542373956,0.4276189538854372,-0.26703163692339527
600213,2016-10-13,14.9,14.95,14.97,14.59,14.7,3416046,50391869.0,0.0,,,-0.01342281879194638,14.734000000000005,14.72399999999998,14.972999999999995,14.477333333333302,14.79131601981672,14.527607219524935,0.263708800291786,0.394836923166707,-0.26225624574984197
600213,2016-10-14,14.7,14.73,14.75,14.18,14.38,6294885,90634878.0,0.0,,,-0.02176870748299309,14.726000000000004,14.56699999999998,14.988499999999993,14.531666666666633,14.728036632152609,14.516673351411978,0.21136328074063115,0.35814219468149183,-0.29355782788172136
600213,2016-10-17,14.38,14.4,14.56,14.08,14.18,4257480,61063944.0,0.0,,,-0.013908205841446529,14.588,14.548999999999976,14.979499999999993,14.572333333333301,14.643723304129132,14.491734584640719,0.15198871948841308,0.3169114996428761,-0.3298455603089261
600213,2016-10-18,14.18,14.27,14.81,14.21,14.75,7544408,110553334.0,0.0,,,0.040197461212976036,14.582,14.583999999999977,14.963999999999993,14.626999999999963,14.660073565032343,14.510865356148813,0.1492082088835307,0.28337084149100705,-0.2683252652149527
600213,2016-10-19,14.75,14.88,14.89,14.63,14.74,4095640,60373422.0,0.0,,,-0.0006779661016949008,14.549999999999995,14.612999999999982,14.988499999999993,14.655666666666631,14.672369939642751,14.527838292730381,0.14453164691236964,0.25560300257527957,-0.22214271132581986
600213,2016-10-20,14.74,14.95,15.1,14.66,14.91,4627750,68841565.0,0.0,,,0.011533242876526451,14.591999999999995,14.66299999999998,14.970999999999995,14.700666666666631,14.708928410466942,14.556146567342946,0.15278184312399645,0.23503877068502294,-0.16451385512205297
600213,2016-10-21,14.91,14.95,14.95,14.46,14.78,3820068,56152314.0,0.0,,,-0.008718980549966518,14.671999999999995,14.69899999999998,14.959499999999995,14.732333333333301,14.719862501164338,14.57272830309532,0.1471341980690184,0.21745785616182206,-0.14064731618560733
600213,2016-10-24,14.78,14.7,14.93,14.66,14.83,3895253,57837400.0,0.0,,,0.0033829499323410487,14.801999999999998,14.694999999999983,14.893499999999996,14.780999999999967,14.73680673175444,14.591785465829,0.14502126592543974,0.20297053811454563,-0.11589854437821179
600213,2016-10-25,14.83,14.93,15.04,14.76,15.03,4139148,61792388.0,0.0,,,0.013486176668914315,14.858,14.719999999999981,14.837499999999995,14.827333333333296,14.781913388407602,14.624245801693517,0.15766758671408532,0.1939099478344536,-0.07248472224073654
600213,2016-10-26,15.03,15.1,15.2,14.86,15.13,3512216,52760173.0,0.0,,,0.0066533599467732156,14.935999999999998,14.74299999999998,14.795499999999993,14.881666666666632,14.835465174806433,14.661709075642145,0.17375609916428836,0.18987917810042057,-0.032246157872264425
600213,2016-10-27,15.13,15.24,15.49,15.11,15.45,5153335,79058141.0,0.0,,,0.021150033046926538,15.044,14.81799999999998,14.770999999999994,14.921333333333301,14.930008994066982,14.720100995964948,0.2099079981020342,0.1938849421007433,0.032046112002581784
600213,2016-10-28,15.45,15.58,15.58,15.0,15.02,3314107,50323649.0,0.0,,,-0.02783171521035597,15.092,14.881999999999984,14.724499999999994,14.952999999999964,14.943853764210523,14.742315737004581,0.20153802720594172,0.19541555912178302,0.0122449361683174
600213,2016-10-31,15.02,15.18,15.33,14.76,15.19,4405463,66225305.0,0.0,,,0.01131824234354194,15.163999999999998,14.982999999999981,14.765999999999993,14.980666666666632,14.981722415870442,14.775477534263501,0.2062448816069402,0.19758142361881448,0.017326915976251467
600213,2016-11-01,15.19,15.28,15.79,15.07,15.64,6220067,96610412.0,0.0,,,0.029624753127057344,15.285999999999998,15.071999999999981,14.827999999999992,14.999999999999964,15.082995890351913,14.83951623542917,0.24347965492274426,0.20676106987960047,0.07343717008628758
600213,2016-11-02,15.64,15.65,15.67,15.3,15.33,4714363,73102517.0,0.0,,,-0.0198209718670077,15.326,15.13099999999998,14.871999999999993,15.035999999999964,15.120996522605465,14.875848366138122,0.24514815646734256,0.21443848719714892,0.06141933854038728
600213,2016-11-03,15.33,15.35,15.39,15.02,15.13,5858679,89121723.0,0.0,,,-0.013046314416177384,15.261999999999995,15.152999999999981,14.90799999999999,15.031666666666633,15.122381672973853,14.894674413090854,0.22770725988299922,0.217092241734319,0.021230036297360422
600213,2016-11-04,15.13,15.1,15.28,14.93,15.13,4667733,70426098.0,0.0,,,0.0,15.283999999999995,15.187999999999981,14.943499999999991,15.035666666666632,15.123553723285568,14.912105938047086,0.21144778523848196,0.21596335043515164,-0.00903113039333936
600213,2016-11-07,15.13,15.19,15.19,14.78,14.81,5306664,79257309.0,0.0,,,-0.021150033046926645,15.207999999999998,15.18599999999998,14.940499999999991,14.990999999999964,15.075314688933942,14.904542535228783,0.1707721537051583,0.20692511108915299,-0.07230591476798937
600213,2016-11-08,14.81,14.93,15.64,14.89,15.49,7355354,112518276.0,0.0,,,0.04591492234976365,15.177999999999995,15.231999999999982,14.97599999999999,14.968999999999964,15.139112429097949,14.947909754841467,0.1912026742564823,0.20378062372261885,-0.025155898932273102
600213,2016-11-09,15.49,15.49,15.61,15.01,15.2,6528034,100092768.0,0.0,,,-0.01872175597159464,15.151999999999996,15.238999999999981,14.99099999999999,14.943333333333296,15.148479747698266,14.96658310633469,0.18189664136357564,0.19940382725081024,-0.0350143717744692
600213,2016-11-10,15.2,15.5,15.8,15.37,15.62,4865850,75872018.0,0.0,,,0.027631578947368417,15.25,15.25599999999998,15.036999999999994,14.932666666666632,15.221021324975457,15.014984357717307,0.20603696725815013,0.20073045525227826,0.010613024011743744
600213,2016-11-11,15.62,15.6,15.87,15.48,15.83,4097635,64207501.0,0.0,,,0.013444302176696598,15.39,15.33699999999998,15.109499999999993,14.928666666666631,15.31471035190231,15.075355886775284,0.2393544651270254,0.20845525722722769,0.06179841579959544
600213,2016-11-14,15.83,15.8,16.47,15.75,15.86,5584368,89705905.0,0.0,,,0.0018951358180669207,15.6,15.40399999999998,15.193499999999993,14.978666666666632,15.398601066994264,15.133477672940076,0.2651233940541875,0.21978888459261964,0.09066901892313572
600213,2016-11-15,15.86,15.89,16.26,15.78,16.06,3517365,56413433.0,0.0,,,0.012610340479192891,15.714000000000002,15.44599999999998,15.258999999999993,15.033999999999963,15.500354748995147,15.202108956425997,0.2982457925691495,0.23548026618792564,0.12553105276244775
600213,2016-11-16,16.06,16.12,16.58,15.99,16.22,4181738,68280935.0,0.0,,,0.009962640099626413,15.918,15.53499999999998,15.332999999999993,15.092999999999964,15.611069402995893,15.277508292987035,0.33356111000885846,0.2550964349521122,0.15692935011349252
600213,2016-11-17,16.22,16.24,16.25,15.86,16.2,2991690,47913116.0,0.0,,,-0.0012330456226880132,16.034000000000002,15.641999999999976,15.39749999999999,15.152666666666631,15.701674110227295,15.345841012025032,0.35583309820226283,0.27524376760214236,0.16117866120024094
600213,2016-11-18,16.2,16.2,16.28,15.89,15.95,2580516,41440093.0,0.0,,,-0.0154320987654321,16.058,15.72399999999998,15.455999999999992,15.203666666666631,15.73987809326925,15.390593529652806,0.3492845636164432,0.2900519268050025,0.1184652736228814
600213,2016-11-21,15.95,16.09,16.32,15.84,16.22,3903866,63165897.0,0.0,,,0.01692789968652035,16.130000000000006,15.864999999999974,15.52549999999999,15.248666666666631,15.813743001997057,15.45203104597482,0.36171195602223705,0.30438393264844943,0.11465604674757524
600213,2016-11-22,16.22,16.28,16.59,16.2,16.45,3027056,49646729.0,0.0,,,0.01418002466091248,16.208000000000002,15.960999999999974,15.596499999999994,15.304333333333295,15.91162869399751,15.525954672198907,0.38567402179860366,0.3206419504784803,0.13006414264024668
600213,2016-11-23,16.45,16.45,16.72,16.45,16.56,4006909,66447283.0,0.0,,,0.006686930091185376,16.276000000000003,16.096999999999973,15.667999999999992,15.359666666666632,16.0113781256902,15.602550622406396,0.40882750328380446,0.3382790610395452,0.14109688448851854
600213,2016-11-24,16.56,16.58,16.66,15.91,16.0,5096169,82515703.0,0.0,,,-0.033816425120772875,16.236,16.134999999999973,15.695499999999992,15.402999999999965,16.009627644814785,15.631991317042958,0.37763632777182643,0.3461505143860015,0.06297162677164991
600213,2016-11-25,16.0,16.22,16.23,15.39,15.63,5162928,80750835.0,0.0,,,-0.02312499999999995,16.172,16.114999999999974,15.725999999999996,15.444666666666631,15.951223391766355,15.631843812076815,0.31937957968954045,0.3407963274467093,-0.04283349551433768
600213,2016-11-28,15.63,15.65,17.13,15.46,17.06,9228779,151483430.0,0.0,,,0.09149072296864988,16.34,16.234999999999975,15.819499999999994,15.540666666666631,16.121804408417685,15.737633159330384,0.3841712490873004,0.34947131177482754,0.06939987462494568
600213,2016-11-29,17.06,16.95,16.95,16.03,16.07,7966857,131488680.0,0.0,,,-0.058030480656506365,16.264000000000006,16.235999999999972,15.840999999999996,15.584666666666632,16.113834499430347,15.762252925305912,0.3515815741244346,0.349893364244749,0.0033764197593711964
600213,2016-11-30,16.07,15.93,16.07,15.23,15.48,6976619,108621648.0,0.0,,,-0.03671437461107653,16.048000000000002,16.16199999999997,15.848499999999996,15.609333333333296,16.016321499517986,15.741345301209178,0.27497619830880815,0.33490993105756084,-0.11986746549750538
600213,2016-12-01,15.48,15.41,15.74,15.41,15.58,3097139,48291941.0,0.0,,,0.006459948320413414,15.964000000000002,16.099999999999973,15.870999999999995,15.631666666666632,15.949195114976757,15.729393797415906,0.21980131756085086,0.31188820835821884,-0.18417378159473596
600213,2016-12-02,15.58,15.65,15.65,14.92,15.01,4140334,62900380.0,0.0,,,-0.03658536585365856,15.840000000000005,16.005999999999975,15.864999999999995,15.639333333333298,15.804703558826487,15.676105367977689,0.1285981908487983,0.27523020485633476,-0.2932640280150729
600213,2016-12-05,15.01,15.03,15.86,14.71,15.31,4445497,68664000.0,0.0,,,0.019986675549633626,15.490000000000006,15.914999999999974,15.889999999999995,15.655333333333298,15.72859531900703,15.648986451831194,0.07960886717583548,0.2361059373202349,-0.31299414028879885
600213,2016-12-06,15.31,15.4,15.6,15.21,15.31,2339449,35962043.0,0.0,,,0.0,15.338000000000005,15.800999999999974,15.880999999999995,15.664666666666632,15.664196039159794,15.623876344288144,0.040319694871650213,0.19694868883051797,-0.3132579879177355
600213,2016-12-07,15.31,15.31,15.53,15.22,15.41,2470954,38059113.0,0.0,,,0.006531678641410818,15.324000000000005,15.685999999999973,15.891499999999995,15.673999999999966,15.625088956212133,15.608033652118651,0.017055304093481993,0.16097001188311078,-0.28782941557925756
600213,2016-12-08,15.41,15.43,15.45,15.1,15.15,3345605,50908772.0,0.0,,,-0.01687216093445813,15.238000000000005,15.600999999999974,15.867999999999995,15.663999999999964,15.551998347564115,15.574105233443197,-0.022106885879081162,0.12435463233067238,-0.2929230364195071
600213,2016-12-09,15.15,15.19,15.38,15.05,15.25,2430176,37034941.0,0.0,,,0.006600660066006577,15.286000000000005,15.562999999999976,15.838999999999995,15.671666666666631,15.505537063323482,15.55009743837333,-0.04456037504984778,0.09057163085456835,-0.27026401180883225
600213,2016-12-12,15.25,15.28,15.32,14.32,14.38,4787980,70011324.0,0.0,,,-0.0570491803278688,15.100000000000005,15.294999999999973,15.764999999999995,15.644666666666634,15.332377515119868,15.46342355404938,-0.1310460389295116,0.04624809689775235,-0.3545882716545279
600213,2016-12-13,14.38,14.52,14.54,14.21,14.44,2949155,42533186.0,0.0,,,0.004172461752433847,14.926000000000002,15.131999999999973,15.683999999999996,15.604666666666635,15.195088666639888,15.387614401897572,-0.1925257352576839,-0.001506669533334915,-0.38203813144869797
600213,2016-12-14,14.44,14.44,14.58,14.2,14.43,2288519,33030464.0,0.0,,,-0.000692520775623254,14.73,15.026999999999976,15.594499999999993,15.574666666666634,15.07738271792606,15.31668000175701,-0.2392972838309504,-0.04906479239285803,-0.38046498287618474
600213,2016-12-15,14.43,14.5,14.87,14.23,14.57,3667401,53361763.0,0.0,,,0.009702009702009741,14.614,14.925999999999974,15.512999999999995,15.555999999999967,14.999323838245129,15.26137037199723,-0.26204653375210185,-0.09166114066470682,-0.34077078617479006
600213,2016-12-16,14.57,14.58,15.15,14.5,15.07,4485829,66788727.0,0.0,,,0.03431708991077557,14.577999999999998,14.931999999999974,15.468999999999996,15.553999999999967,15.010197093899725,15.247194788886326,-0.2369976949866004,-0.12072845152908555,-0.23253848691502968
600213,2016-12-19,15.07,15.07,15.48,14.89,14.95,2959806,44486717.0,0.0,,,-0.007962840079628466,14.691999999999998,14.895999999999974,15.405499999999995,15.558666666666634,15.000936002530537,15.22518036007993,-0.22424435754939331,-0.14143163273314713,-0.16562544963249237
600213,2016-12-20,14.95,15.0,15.35,14.81,15.2,3725841,56055626.0,0.0,,,0.016722408026755852,14.844000000000001,14.884999999999973,15.342999999999995,15.548999999999966,15.031561232910455,15.223315148222156,-0.1917539153117005,-0.15149608924885782,-0.08051565212568534
600213,2016-12-21,15.2,15.16,15.5,14.96,15.27,4266708,65020777.0,0.0,,,0.004605263157894756,15.012,14.870999999999974,15.278499999999996,15.551333333333302,15.068244120154999,15.226773285390886,-0.1585291652358869,-0.15290270444626364,-0.011252921579246511
600213,2016-12-22,15.27,15.2,15.28,14.98,15.12,2537061,38373240.0,0.0,,,-0.009823182711198452,15.122000000000005,14.867999999999974,15.234499999999993,15.53466666666663,15.076206563208077,15.218864153139709,-0.14265758993163224,-0.15085368154333736,0.01639218322341024
600213,2016-12-23,15.12,15.12,15.17,14.85,14.89,1877117,28115992.0,0.0,,,-0.015211640211640122,15.086000000000002,14.831999999999974,15.197499999999994,15.503333333333302,15.047559399637604,15.194503845499732,-0.14694444586212718,-0.15007183440709534,0.006254777089936325
600213,2016-12-26,14.89,14.89,15.4,14.71,15.29,3210488,48348434.0,0.0,,,0.02686366689053046,15.154000000000002,14.922999999999973,15.108999999999995,15.484333333333302,15.084857953539512,15.201577634721973,-0.11671968118246134,-0.14340140376216856,0.053363445159414435
600213,2016-12-27,15.29,15.28,15.68,15.23,15.59,4680189,72731073.0,0.0,,,0.019620667102681538,15.232000000000001,15.037999999999974,15.084999999999996,15.468666666666632,15.162572114533432,15.230349661779604,-0.06777754724617147,-0.12827663245896914,0.12099817042559535
600213,2016-12-28,15.59,15.63,15.75,15.4,15.46,3116801,48408254.0,0.0,,,-0.008338678640153882,15.27,15.140999999999973,15.083999999999993,15.443333333333296,15.208330250759058,15.24736079794408,-0.03903054718502119,-0.11042741540417955,0.14279373643831672
600213,2016-12-29,15.46,15.51,15.76,15.38,15.67,3671321,57207126.0,0.0,,,0.013583441138421672,15.38,15.250999999999975,15.088499999999993,15.425666666666631,15.279356366026896,15.278667405503775,0.0006889605231208407,-0.08820414021871947,0.17778620148368063
600213,2016-12-30,15.67,15.67,15.86,15.48,15.58,3600943,56263332.0,0.0,,,-0.005743458838544982,15.517999999999999,15.301999999999977,15.116999999999996,15.413333333333297,15.325609232791988,15.300988338429422,0.02462089436256676,-0.06563913330246222,0.18052005533005797
600213,2017-01-03,15.58,15.56,15.65,15.38,15.65,4337709,67279875.0,0.0,,,0.004492939666238786,15.590000000000005,15.37199999999998,15.133999999999993,15.394333333333295,15.375515504670146,15.326841054101317,0.048674450568828576,-0.042776416528204055,0.18290173419406525
600213,2017-01-04,15.65,15.63,15.82,15.52,15.8,3637842,57095185.0,0.0,,,0.009584664536741236,15.632,15.431999999999983,15.158499999999993,15.372666666666632,15.440820811643968,15.361889864908626,0.07893094673534229,-0.01843494387549478,0.19473178122167414
600213,2017-01-05,15.8,15.79,16.1,15.72,15.93,4155075,66197908.0,0.0,,,0.008227848101265759,15.726,15.497999999999983,15.184499999999993,15.351666666666631,15.516079148314127,15.403972097137617,0.1121070511765101,0.007673455134906204,0.20886719208320778
600213,2017-01-06,15.93,16.0,16.03,15.77,15.8,2691130,42715642.0,0.0,,,-0.008160703075957251,15.752,15.565999999999983,15.216999999999993,15.344999999999965,15.559759279342721,15.433307497349645,0.12645178199307594,0.03142912050654016,0.19004532297307156
600213,2017-01-09,15.8,15.8,16.08,15.68,16.06,3251335,51828490.0,0.0,,,0.016455696202531518,15.848,15.682999999999984,15.257499999999993,15.359333333333296,15.636719390213072,15.479729164212634,0.15699022600043833,0.0565413416053198,0.20089776879023705
600213,2017-01-10,16.06,16.06,16.14,15.7,15.76,2692365,42990648.0,0.0,,,-0.01867995018679944,15.87,15.72999999999998,15.326499999999992,15.315999999999963,15.6556856378726,15.50048996686355,0.15519567100905007,0.07627220748606588,0.1578469270459684
600213,2017-01-11,15.76,15.76,16.07,15.55,15.71,3293006,52162287.0,0.0,,,-0.0031725888324872424,15.852,15.741999999999981,15.389999999999993,15.303999999999965,15.664041693584506,15.51600922857736,0.14803246500714629,0.09062425899028197,0.11481641203372864
600213,2017-01-12,15.71,15.71,15.84,15.4,15.53,2867306,44763395.0,0.0,,,-0.011457670273711107,15.772000000000002,15.748999999999981,15.44499999999999,15.305666666666632,15.643419894571506,15.517045582016076,0.12637431255543063,0.09777426970331171,0.057200085704237846
600213,2017-01-13,15.53,15.58,15.64,15.03,15.13,3119113,47921512.0,0.0,,,-0.02575660012878291,15.638000000000002,15.694999999999983,15.47299999999999,15.290666666666631,15.564432218483581,15.488375538903773,0.07605667957980877,0.09343075167861113,-0.03474814419760472
600213,2017-01-16,15.13,15.17,15.18,13.79,14.19,5247839,76755842.0,0.0,,,-0.06212822207534707,15.264,15.555999999999981,15.428999999999993,15.263333333333295,15.352981107947645,15.392199573059049,-0.03921846511140359,0.06690090832060819,-0.21223874686402355
600213,2017-01-17,14.19,14.31,14.49,14.08,14.45,2712621,38853936.0,0.0,,,0.018322762508809005,15.002,15.43599999999998,15.403999999999993,15.234666666666632,15.21406093749416,15.32240701209171,-0.10834607459755041,0.03185151173697646,-0.2803951726690537
600213,2017-01-18,14.45,14.32,14.6,14.3,14.42,1551404,22443573.0,0.0,,,-0.0020761245674740052,14.744000000000002,15.297999999999973,15.364999999999993,15.204999999999965,15.091897716341212,15.255562048233065,-0.16366433189185337,-0.00725165698878952,-0.3128253498061277
600213,2017-01-19,14.42,14.35,14.66,14.16,14.47,2050413,29615576.0,0.0,,,0.003467406380027789,14.532,15.151999999999974,15.324999999999996,15.173666666666632,14.99622114459641,15.197372266882468,-0.20115112228605803,-0.04603155004824323,-0.3102391444756296
600213,2017-01-20,14.47,14.52,14.88,14.38,14.77,1887775,27820060.0,0.0,,,0.020732550103662675,14.46,15.048999999999975,15.307499999999996,15.160999999999964,14.961417891581576,15.165715061928212,-0.20429717034663675,-0.07768467410792196,-0.2532249924774296
600213,2017-01-23,14.77,14.9,15.08,14.75,15.04,1879063,28149624.0,0.0,,,0.01828029790115096,14.63,14.946999999999974,15.314999999999996,15.153999999999964,14.973507446722873,15.156402835118714,-0.18289538839584019,-0.09872681696550561,-0.16833714286066914
600213,2017-01-24,15.04,15.05,15.05,14.6,14.73,3421266,50557225.0,0.0,,,-0.02061170212765949,14.686000000000002,14.843999999999975,15.286999999999995,15.165666666666631,14.936044762611662,15.124817439924735,-0.18877267731307334,-0.11673598903501918,-0.14407337655610833
600213,2017-01-25,14.73,14.73,14.76,14.5,14.69,2114689,30964355.0,0.0,,,-0.002715546503733939,14.74,14.741999999999974,15.241999999999996,15.173999999999964,14.898191722209868,15.092608740671052,-0.1944170184611842,-0.1322721949202522,-0.12428964708186402
600213,2017-01-26,14.69,14.7,14.83,14.65,14.77,1669507,24608101.0,0.0,,,0.005445881552076247,14.8,14.665999999999974,15.207499999999996,15.185333333333295,14.878469918792964,15.068711796917642,-0.1902418781246773,-0.14386613156113723,-0.09275149312708014
600213,2017-02-03,14.77,14.78,14.82,14.67,14.72,1437351,21202696.0,0.0,,,-0.003385240352064925,14.79,14.624999999999973,15.159999999999995,15.190333333333296,14.854089931286355,15.04288129344226,-0.18879136215590542,-0.15285117768009088,-0.07188036895162908
600213,2017-02-06,14.72,14.81,15.2,14.72,15.14,2578285,38651707.0,0.0,,,0.02853260869565217,14.810000000000002,14.719999999999974,15.137999999999995,15.192666666666632,14.89807609570384,15.050075271705795,-0.15199917600195612,-0.15268077734446395,0.001363202685015663
600213,2017-02-07,15.14,15.07,15.28,14.88,14.97,1857624,27873639.0,0.0,,,-0.011228533685601052,14.857999999999999,14.771999999999974,15.104000000000001,15.193333333333301,14.909141311749401,15.044143770097959,-0.1350024583485574,-0.14914511354528265,0.028285310393450502
600213,2017-02-08,14.97,14.97,15.32,14.92,15.27,2269243,34446528.0,0.0,,,0.020040080160320568,14.974,14.856999999999982,15.077499999999995,15.195666666666632,14.964658033018722,15.060873861201815,-0.09621582818309271,-0.13855925647284467,0.08468685657950392
600213,2017-02-09,15.27,15.33,15.39,15.18,15.28,2001800,30598835.0,0.0,,,0.0006548788474132147,15.076000000000002,14.937999999999981,15.044999999999995,15.195999999999964,15.013172181785073,15.077105427038717,-0.06393324525364363,-0.12363405422900446,0.11940161795072166
600213,2017-02-10,15.28,15.33,15.58,15.16,15.24,2551917,39111782.0,0.0,,,-0.002617801047120363,15.18,14.984999999999982,15.016999999999996,15.199999999999964,15.048068769202752,15.089171691702518,-0.04110292249976588,-0.10712782788315675,0.13204981076678174
600213,2017-02-13,15.24,15.2,15.48,15.1,15.42,2573454,39338699.0,0.0,,,0.011811023622047223,15.235999999999999,15.022999999999977,14.984999999999996,15.217666666666634,15.105288958556175,15.113677492317144,-0.008388533760969707,-0.08737996905871934,0.15798287059549926
600213,2017-02-14,15.42,15.45,15.45,15.23,15.28,1720580,26308534.0,0.0,,,-0.009079118028534408,15.298000000000002,15.077999999999982,14.960999999999995,15.217333333333302,15.132167580316764,15.12599767807143,0.006169902245334313,-0.06866999479790861,0.14967979408648585
600213,2017-02-15,15.28,15.35,15.36,14.9,14.95,2672972,40511200.0,0.0,,,-0.02159685863874346,15.234000000000005,15.103999999999981,14.922999999999995,15.195999999999964,15.10414179872957,15.112960813029101,-0.008819014299531247,-0.05669979869823314,0.09576156879740379
600213,2017-02-16,14.95,14.99,15.25,14.83,15.21,1995852,30166068.0,0.0,,,0.01739130434782619,15.220000000000004,15.147999999999977,14.906999999999995,15.187666666666631,15.120427675848097,15.120148900952872,0.0002787748952250979,-0.04530408397954149,0.09116571774953318
600213,2017-02-17,15.21,15.28,16.5,15.12,15.73,8880135,140329213.0,0.0,,,0.034188034188034164,15.318000000000007,15.248999999999974,14.936999999999998,15.189666666666632,15.21420803340993,15.165323056437844,0.04888497697208649,-0.026466271789215894,0.15070249752260478
600213,2017-02-20,15.73,15.88,15.94,15.6,15.86,6559772,103222728.0,0.0,,,0.008264462809917291,15.406000000000004,15.32099999999998,15.020499999999998,15.198999999999964,15.313560643654554,15.216780607812817,0.09678003584173744,-0.0018170102630252183,0.19719409220952533
600213,2017-02-21,15.86,15.84,16.5,15.75,15.87,8149979,131378913.0,0.0,,,0.0006305170239596335,15.524000000000004,15.410999999999984,15.0915,15.206333333333301,15.399166698476932,15.265167229456313,0.133999469020619,0.02534628559370363,0.2173063668538307
600213,2017-02-22,15.87,15.79,16.16,15.72,15.97,7641712,122190121.0,0.0,,,0.00630119722747331,15.728000000000005,15.48099999999998,15.169,15.211999999999966,15.486987206403558,15.317377064311403,0.1696101420921554,0.054199056893394,0.23082217039752284
600213,2017-02-23,15.97,15.98,15.98,15.45,15.58,4288766,67179939.0,0.0,,,-0.02442078897933629,15.802000000000005,15.510999999999981,15.224499999999995,15.200333333333301,15.501296866956856,15.336830615103151,0.164466251853705,0.07625249588545621,0.17642751193649758
600213,2017-02-24,15.58,15.55,16.13,15.4,16.12,5449250,86319113.0,0.0,,,0.03465982028241341,15.880000000000004,15.59899999999998,15.291999999999998,15.210999999999967,15.59648196434811,15.394843162132547,0.2016388022155624,0.10132975715147746,0.2006180901281699
600213,2017-02-27,16.12,16.15,16.29,15.9,16.0,4108104,66047750.0,0.0,,,-0.007444168734491377,15.908000000000005,15.656999999999984,15.339999999999998,15.208999999999966,15.658561662140709,15.439669594567173,0.2188920675735364,0.12484221923588927,0.18809969667529428
600213,2017-02-28,16.0,15.98,16.13,15.7,15.91,2668402,42439053.0,0.0,,,-0.00562499999999999,15.916000000000002,15.719999999999981,15.398999999999996,15.213999999999967,15.697244483349829,15.474508883858494,0.22273559949133492,0.1444208952869784,0.15662940840871303
600213,2017-03-01,15.91,15.96,16.09,15.81,15.89,3246698,51691144.0,0.0,,,-0.001257071024512858,15.900000000000002,15.813999999999984,15.458999999999998,15.219999999999967,15.726899178219087,15.505286003572682,0.2216131746464054,0.15985935115886382,0.12350764697508315
600213,2017-03-02,15.89,15.92,16.0,15.55,15.63,2904746,45725568.0,0.0,,,-0.016362492133417228,15.910000000000002,15.85599999999998,15.502,15.223333333333304,15.711991612339226,15.514524077382113,0.1974675349571129,0.16738098791851366,0.06017309407719845
600213,2017-03-03,15.63,15.66,16.05,15.54,15.81,2125524,33586801.0,0.0,,,0.011516314779270615,15.848000000000004,15.863999999999981,15.556499999999994,15.245999999999972,15.727069825825499,15.536411182761217,0.19065864306428182,0.1720365189476673,0.03724424823322903
600213,2017-03-06,15.81,15.88,17.39,15.81,17.39,20062703,340418011.0,0.0,,,0.09993674889310564,16.125999999999998,16.016999999999975,15.668999999999995,15.352666666666634,15.982905237236961,15.673714058112237,0.30919117912472416,0.1994674509830787,0.21944745628329093
600213,2017-03-07,17.39,17.4,17.61,16.48,16.69,21403757,361820936.0,0.0,,,-0.04025301897642319,16.282000000000004,16.098999999999982,15.754999999999995,15.427333333333303,16.091689046892814,15.74899449825207,0.34269454864074333,0.22811287051461163,0.22916335625226342
600213,2017-03-08,16.69,16.55,16.57,16.11,16.35,10698126,174306542.0,0.0,,,-0.02037147992810065,16.374000000000002,16.136999999999983,15.808999999999996,15.491666666666633,16.13142919352469,15.793513424307472,0.3379157692172168,0.25007345025513267,0.17568463792416822
600213,2017-03-09,16.35,16.29,16.44,16.03,16.24,6984693,113067962.0,0.0,,,-0.006727828746177552,16.496000000000002,16.202999999999975,15.857000000000001,15.550666666666634,16.14813239452089,15.8265865039884,0.32154589053248905,0.26436793831060396,0.1143559044437702
600213,2017-03-10,16.24,16.15,16.38,15.97,16.0,6342491,102402948.0,0.0,,,-0.014778325123152615,16.534000000000002,16.190999999999978,15.895,15.591666666666635,16.125342795363828,15.839431948137408,0.28591084722642,0.2686765200937672,0.034468654265305654
600213,2017-03-13,16.0,15.97,15.99,15.6,15.86,6284065,99040778.0,0.0,,,-0.008750000000000036,16.227999999999998,16.176999999999975,15.916999999999998,15.618999999999971,16.084520826846315,15.840955507534638,0.2435653193116778,0.2636542799373493,-0.04017792125134301
600213,2017-03-14,15.86,15.85,15.93,15.67,15.77,4287496,67619768.0,0.0,,,-0.005674653215636813,16.044000000000004,16.162999999999975,15.9415,15.653666666666634,16.036133007331497,15.835699544013554,0.20043346331794254,0.25101011661346795,-0.10115330659105082
600213,2017-03-15,15.77,15.75,15.85,15.55,15.6,4182627,65535341.0,0.0,,,-0.010779961953075456,15.894,16.133999999999975,15.974,15.683999999999967,15.969035621588189,15.81824031853107,0.1507953030571194,0.23096715390219824,-0.16034370169015766
600213,2017-03-16,15.6,15.65,15.83,15.6,15.74,5070636,79963413.0,0.0,,,0.008974358974359012,15.794,16.144999999999975,16.000500000000002,15.716333333333305,15.933799372113082,15.812444739380622,0.12135463273246039,0.20904464966825065,-0.17538003387158052
600213,2017-03-17,15.74,15.81,16.1,15.75,15.78,5558731,88510620.0,0.0,,,0.0025412960609910514,15.75,16.141999999999975,16.003,15.751666666666635,15.910137930249531,15.810041425352427,0.10009650489710431,0.1872550207140214,-0.17431703163383416
600213,2017-03-20,15.78,15.8,15.91,15.7,15.87,3225511,51023800.0,0.0,,,0.005703422053231932,15.752,15.989999999999974,16.0035,15.775999999999971,15.903962864057295,15.814482801252247,0.08948006280504828,0.16770002913222679,-0.15643993265435702
600213,2017-03-21,15.87,15.84,15.88,15.55,15.65,4025490,63324374.0,0.0,,,-0.013862633900441013,15.728000000000005,15.885999999999974,15.992499999999998,15.798666666666634,15.864891654202326,15.802298890048379,0.06259276415394766,0.14667857613657095,-0.1681716239652466
600213,2017-03-22,15.65,15.59,15.59,15.2,15.29,5477129,84111304.0,0.0,,,-0.02300319488817899,15.666000000000002,15.779999999999974,15.958499999999995,15.799333333333301,15.776446784325044,15.764350824118868,0.012095960206176315,0.11976205295049203,-0.21533218548863142
600213,2017-03-23,15.29,15.45,15.78,15.1,15.69,6513944,101051661.0,0.0,,,0.026160889470242008,15.656000000000002,15.724999999999973,15.964,15.812999999999967,15.763147279044269,15.758843355665617,0.00430392337865193,0.09667042703612401,-0.18473300731494416
600213,2017-03-24,15.69,15.55,15.68,15.41,15.63,2850435,44427833.0,0.0,,,-0.003824091778202596,15.626,15.687999999999974,15.9395,15.825999999999967,15.742663082268226,15.74929940339409,-0.0066363211258639865,0.07600907740372642,-0.16529079705918082
600213,2017-03-27,15.63,15.63,15.69,15.41,15.42,2203803,34221197.0,0.0,,,-0.013435700575815793,15.536,15.643999999999973,15.9105,15.825999999999967,15.693022608073115,15.724906854994527,-0.031884246921412895,0.054430412538698555,-0.1726293189202229
600213,2017-03-28,15.42,15.38,15.54,15.31,15.39,2486545,38376951.0,0.0,,,-0.0019455252918287524,15.484000000000002,15.605999999999971,15.884499999999996,15.829666666666634,15.646403745292636,15.700098939809747,-0.05369519451711113,0.032805291127536614,-0.17300097128929548
600213,2017-03-29,15.39,15.39,15.67,15.19,15.28,2631785,40538442.0,0.0,,,-0.0071474983755686295,15.482000000000001,15.573999999999971,15.853999999999996,15.840666666666634,15.59003393832454,15.66898049982384,-0.07894656149930057,0.01045492060216917,-0.17880296420293948
600213,2017-03-30,15.28,15.2,15.25,14.3,14.37,5651189,83022013.0,0.0,,,-0.059554973821989536,15.218,15.436999999999971,15.790999999999995,15.812666666666635,15.402336409351534,15.57275972205911,-0.1704233127075767,-0.025720726059780017,-0.2894051732955934
600213,2017-03-31,14.37,14.33,14.75,14.33,14.61,2916084,42558679.0,0.0,,,0.016701461377870583,15.014,15.319999999999967,15.730999999999998,15.775333333333302,15.280438500220528,15.501444187091767,-0.2210056868712389,-0.06477771822207182,-0.31245593729833415
600213,2017-04-05,14.61,14.61,14.92,14.61,14.79,2574635,38078122.0,0.0,,,0.012320328542094435,14.888000000000002,15.211999999999964,15.601,15.739666666666634,15.204986423263525,15.448744617677562,-0.24375819441403657,-0.10057381346046478,-0.28636876190714355
600213,2017-04-06,14.79,14.7,15.05,14.7,14.84,2652599,39584029.0,0.0,,,0.003380662609871583,14.778000000000002,15.130999999999965,15.508499999999998,15.705333333333302,15.148834665838368,15.40365242377552,-0.2548177579371522,-0.13142260235580228,-0.2467903111626999
600213,2017-04-07,14.84,14.99,15.15,14.88,14.9,2988285,44841081.0,0.0,,,0.0040431266846361535,14.702000000000005,15.091999999999967,15.435999999999995,15.669666666666634,15.110552409555543,15.366344836829185,-0.2557924272736418,-0.1562965673393702,-0.19899171986854325
600213,2017-04-10,14.9,14.91,14.97,14.49,14.53,3856904,56280778.0,0.0,,,-0.024832214765100738,14.734000000000005,14.975999999999967,15.350499999999993,15.634666666666634,15.021236654239306,15.30439336743443,-0.28315671319512425,-0.18166859651052103,-0.20297623336920645
600213,2017-04-11,14.53,14.5,14.73,14.45,14.71,2571662,37541263.0,0.0,,,0.012388162422574088,14.754000000000005,14.883999999999967,15.285999999999992,15.587666666666632,14.973354092048643,15.260364229105955,-0.2870101370573117,-0.2027369046198792,-0.16854646487486502
600213,2017-04-12,14.71,14.69,14.69,14.42,14.43,2949590,42798775.0,0.0,,,-0.019034670292318232,14.682000000000004,14.784999999999973,15.214499999999992,15.535333333333302,14.88976115481039,15.198855767690699,-0.30909461288030826,-0.22400844627196503,-0.17017233321668646
600213,2017-04-13,14.43,14.41,14.57,14.35,14.49,1888229,27352677.0,0.0,,,0.004158004158004193,14.612000000000005,14.694999999999972,15.150499999999996,15.487999999999964,14.828259438685714,15.146347933046945,-0.31808849436123054,-0.24282445588981813,-0.15052807694282483
600213,2017-04-14,14.49,14.45,14.48,13.88,14.13,4170542,58764758.0,0.0,,,-0.02484472049689437,14.458000000000002,14.579999999999972,15.076999999999993,15.429333333333297,14.720834909657142,15.071062900969393,-0.35022799131225035,-0.2643051629743046,-0.17184565667589147
600213,2017-04-17,14.13,14.08,14.08,13.29,13.49,3612435,49010231.0,0.0,,,-0.0452937013446568,14.25,14.49199999999997,14.964499999999992,15.357999999999967,14.531475692786813,14.953947130527215,-0.42247143774040197,-0.2959384179275241,-0.2530660396257557
600213,2017-04-18,13.49,13.57,13.66,13.01,13.09,2652560,35446236.0,0.0,,,-0.02965159377316533,13.925999999999998,14.339999999999971,14.829999999999993,15.267333333333301,14.309710201588842,14.815876972710383,-0.5061667711215403,-0.3379840885663274,-0.3363653651104258
600213,2017-04-19,13.09,13.18,13.18,12.31,12.55,4336248,54808025.0,0.0,,,-0.04125286478227648,13.55,14.115999999999973,14.663999999999993,15.105999999999964,14.038985555190557,14.648034233991096,-0.6090486788005389,-0.39219700661316975,-0.43370334437473834
600213,2017-04-20,12.55,12.6,12.74,12.34,12.59,3513465,44112275.0,0.0,,,0.0031872509960158683,13.170000000000002,13.890999999999973,14.510999999999992,14.969333333333301,13.816064700545857,14.49558725369546,-0.679522553149603,-0.4496621159204565,-0.4597208744582929
600213,2017-04-21,12.59,12.59,12.79,12.56,12.63,1820502,23119236.0,0.0,,,0.0031771247021446327,12.87,13.663999999999971,14.377999999999993,14.845333333333294,13.633593208154187,14.357395605273574,-0.7238023971193872,-0.5044901721602427,-0.43862444991828897
600213,2017-04-24,12.63,12.63,12.71,12.23,12.48,2781592,34837401.0,0.0,,,-0.0118764845605701,12.668000000000005,13.458999999999971,14.217499999999992,14.719999999999965,13.45611732997662,14.218329264142197,-0.7622119341655775,-0.5560345245613098,-0.41235481920853556
600213,2017-04-25,12.48,12.48,12.84,12.48,12.61,1738795,21987589.0,0.0,,,0.010416666666666586,12.572000000000005,13.248999999999972,14.066499999999996,14.606999999999964,13.32594543305714,14.099193763094627,-0.7732483300374877,-0.5994772856565453,-0.34754208876188475
600213,2017-04-26,12.61,12.68,12.92,12.57,12.82,2765351,35219145.0,0.0,,,0.016653449643140434,12.626,13.087999999999967,13.936499999999993,14.505666666666631,13.24810767412527,14.004438669532062,-0.7563309954067918,-0.6308480276065946,-0.2509659356003944
600213,2017-04-27,12.82,12.78,13.08,12.51,13.04,2553085,32812769.0,0.0,,,0.01716068642745701,12.716000000000005,12.942999999999964,13.818999999999996,14.414666666666632,13.21609110887523,13.932998768085243,-0.7169076592100136,-0.6480599539272784,-0.1376954105654704
600213,2017-04-28,13.04,13.04,13.1,12.85,13.03,2071352,26881469.0,0.0,,,-0.0007668711656441553,12.796000000000005,12.832999999999965,13.706499999999995,14.328999999999965,13.18746170750981,13.8661099704493,-0.6786482629394897,-0.6541776157297208,-0.04894129441953776
600213,2017-05-02,13.03,13.05,13.05,12.73,12.78,2281599,29340896.0,0.0,,,-0.019186492709132773,12.856,12.761999999999967,13.626999999999994,14.230333333333295,13.12477529096984,13.785657380045649,-0.6608820890758089,-0.6555185103989385,-0.010727157353740857
600213,2017-05-03,12.78,12.75,12.85,12.53,12.62,1787421,22717354.0,0.0,,,-0.012519561815336477,12.857999999999999,12.714999999999964,13.527499999999993,14.124999999999964,13.047117553897557,13.699312388931157,-0.6521948350335993,-0.6548537753258707,0.005317880584542856
600213,2017-05-04,12.62,12.57,12.85,12.55,12.62,1930345,24521892.0,0.0,,,0.0,12.818,12.721999999999966,13.418999999999993,14.016666666666632,12.98140716099024,13.619363323084405,-0.6379561620941647,-0.6514742526795296,0.02703618117072981
600213,2017-05-05,12.62,12.62,12.62,12.16,12.18,2231887,27493494.0,0.0,,,-0.03486529318541993,12.646000000000004,12.680999999999964,13.285999999999992,13.900999999999964,12.858113751607124,13.512743817670748,-0.6546300660636231,-0.6521054153563484,-0.005049301414549401
600213,2017-05-08,12.18,12.19,12.19,11.51,11.79,2887968,34112919.0,0.0,,,-0.03201970443349758,12.398,12.596999999999964,13.130499999999996,13.7843333333333,12.69378855905218,13.385133164509952,-0.6913446054577719,-0.6599532533766331,-0.06278270416227749
600213,2017-05-09,11.79,11.75,11.9,11.42,11.88,2156948,25109150.0,0.0,,,0.007633587786259681,12.218,12.536999999999964,12.997999999999996,13.657333333333296,12.568590319197998,13.273641818990697,-0.7050514997926989,-0.6689729026598463,-0.0721571942657051
600213,2017-05-10,11.88,11.8,11.96,11.5,11.51,2009087,23679394.0,0.0,,,-0.031144781144781225,11.996000000000002,12.426999999999964,12.837999999999996,13.519999999999964,12.405730270090615,13.143001684250645,-0.7372714141600305,-0.6826326049598832,-0.1092776184002946
600213,2017-05-11,11.51,11.58,11.58,10.83,11.14,3109055,34444315.0,0.0,,,-0.03214596003475232,11.7,12.258999999999967,12.673499999999995,13.377333333333294,12.21100253623052,12.994631189120968,-0.7836286528904477,-0.7028318145459962,-0.161593676688903
600213,2017-05-12,11.14,11.18,11.18,10.8,10.88,2591067,28336311.0,0.0,,,-0.023339317773788133,11.44,12.042999999999967,12.492999999999995,13.226999999999965,12.006232915271976,12.837991841778674,-0.8317589265066978,-0.7286172369381366,-0.20628337913712236
600213,2017-05-15,10.88,10.92,11.08,10.89,10.95,1816044,19920302.0,0.0,,,0.006433823529411627,11.272000000000002,11.834999999999964,12.333999999999996,13.082666666666631,11.843735543691674,12.698140594239511,-0.8544050505478378,-0.753774799660077,-0.20126050177552157
600213,2017-05-16,10.95,10.98,11.31,10.72,11.29,3198979,35311271.0,0.0,,,0.031050228310502283,11.154000000000002,11.685999999999964,12.223999999999995,12.979999999999965,11.758545460046802,12.593833883555103,-0.8352884235083007,-0.7700775244297218,-0.13042179815715782
600213,2017-05-17,11.29,11.39,11.65,11.2,11.53,4744467,54115716.0,0.0,,,0.021257750221434918,11.158,11.576999999999964,12.145999999999995,12.877333333333294,11.723384620039601,12.515031373662131,-0.7916467536225298,-0.7743913702682834,-0.034510766708492735
600213,2017-05-18,11.53,11.3,11.58,11.3,11.36,2423561,27755325.0,0.0,,,-0.014744145706851687,11.202000000000002,11.450999999999965,12.086499999999992,12.762999999999964,11.667479293879662,12.429473494131601,-0.7619942002519391,-0.7719119362650146,0.019835472026151102
600213,2017-05-19,11.36,11.36,11.43,11.2,11.34,1520137,17211753.0,0.0,,,-0.0017605633802816527,11.294,11.366999999999964,12.023999999999992,12.646333333333294,11.617097864052022,12.348771753825558,-0.7316738897735355,-0.7638643269667189,0.06438087438636675
600213,2017-05-22,11.34,11.34,11.43,10.82,10.84,2043512,22620576.0,0.0,,,-0.044091710758377416,11.272,11.271999999999965,11.934499999999993,12.510999999999964,11.497544346505558,12.237010883171813,-0.7394665366662547,-0.7589847689066261,0.03903646448074283
600213,2017-05-23,10.84,10.85,10.85,10.2,10.27,2410766,25346570.0,0.0,,,-0.05258302583025833,11.068,11.110999999999962,11.823999999999995,12.368999999999964,11.308691370120089,12.091306373307233,-0.7826150031871446,-0.7637108157627299,-0.037808374848829374
600213,2017-05-24,10.27,10.3,10.46,10.0,10.33,2288189,23491640.0,0.0,,,0.005842259006816017,10.828,10.992999999999961,11.709999999999996,12.222999999999963,11.15812346702469,11.960839234543736,-0.8027157675190448,-0.771511806113993,-0.062407922810103766
600213,2017-05-25,10.33,10.33,10.49,10.0,10.43,1993871,20498486.0,0.0,,,0.009680542110358143,10.642000000000001,10.921999999999962,11.590499999999995,12.089666666666632,11.046104472097815,11.847443735688644,-0.8013392635908296,-0.7774772976093604,-0.04772393196293856
600213,2017-05-26,10.43,10.4,10.73,10.35,10.48,2036252,21435879.0,0.0,,,0.004793863854266607,10.47,10.881999999999966,11.462499999999995,11.955999999999964,10.959011476390458,11.746151607119115,-0.7871401307286572,-0.7794098642332198,-0.015460532990874798
600213,2017-05-31,10.48,10.58,10.75,10.36,10.39,2308798,24480798.0,0.0,,,-0.00858778625954197,10.38,10.825999999999961,11.330499999999995,11.831333333333296,10.871471249253466,11.645695932517697,-0.7742246832642312,-0.7783728280394222,0.008296289550381974
600213,2017-06-01,10.39,10.37,10.37,9.86,9.87,2685569,26937002.0,0.0,,,-0.0500481231953803,10.299999999999997,10.683999999999967,11.184999999999993,11.710666666666631,10.717398749368318,11.51416290047935,-0.7967641511110326,-0.7820510926537444,-0.029426116914576417
600213,2017-06-02,9.87,9.89,10.07,9.61,10.02,2950740,29126958.0,0.0,,,0.015197568389057788,10.237999999999996,10.532999999999967,11.054999999999994,11.608333333333295,10.610106634080884,11.403484167110511,-0.7933775330296271,-0.7843163807289211,-0.018122304601412065
600213,2017-06-05,10.02,10.02,10.21,10.01,10.18,2708780,27411830.0,0.0,,,0.0159680638722555,10.187999999999997,10.414999999999964,10.932999999999995,11.529333333333295,10.543936382683825,11.31285571028751,-0.768919327603685,-0.7812369701038739,0.024635285000377927
600213,2017-06-06,10.18,10.22,10.28,10.12,10.19,1623679,16543443.0,0.0,,,0.0009823182711198222,10.129999999999997,10.299999999999963,10.833499999999995,11.449333333333296,10.489484631501698,11.229681213229174,-0.740196581727476,-0.7730288924285944,0.06566462140223672
600213,2017-06-07,10.19,10.22,10.83,10.15,10.75,3899426,41154446.0,0.0,,,0.05495583905789996,10.201999999999996,10.290999999999963,10.781499999999996,11.386666666666631,10.529563918962975,11.194149271508495,-0.6645853525455205,-0.7513401844519797,0.17350966381291832
600213,2017-06-08,10.75,10.78,10.94,10.49,10.74,2507854,26715720.0,0.0,,,-0.0009302325581395152,10.375999999999996,10.337999999999964,10.724499999999997,11.328666666666631,10.561938700660978,11.160508584730088,-0.5985698840691107,-0.720786124375406,0.2444324806125906
600213,2017-06-09,10.74,10.61,10.77,10.49,10.66,2328967,24738329.0,0.0,,,-0.0074487895716946065,10.503999999999996,10.370999999999963,10.681999999999997,11.263666666666632,10.577025054405443,11.12343387475008,-0.546408820344638,-0.6859106635692525,0.2790036864492289
600213,2017-06-12,10.66,10.66,10.66,10.03,10.11,3707773,38179916.0,0.0,,,-0.051594746716698,10.489999999999997,10.338999999999963,10.630499999999994,11.173333333333296,10.505175046035374,11.048364698842668,-0.5431896528072944,-0.657366461416861,0.22835361721913316
600213,2017-06-13,10.11,10.13,10.49,10.09,10.43,2709154,28046644.0,0.0,,,0.03165182987141447,10.537999999999997,10.333999999999962,10.607999999999997,11.086333333333302,10.493609654337625,11.002559906335804,-0.5089502519981792,-0.6276832195331247,0.2374659350698909
600213,2017-06-14,10.43,10.41,11.47,10.34,11.09,8698110,97274093.0,0.0,,,0.06327900287631832,10.605999999999998,10.403999999999963,10.614999999999997,11.021666666666631,10.58536201520876,11.00903695031093,-0.42367493510217,-0.5868815626469338,0.32641325508952757
600213,2017-06-15,11.09,10.92,11.36,10.82,11.26,6156524,68231474.0,0.0,,,0.015329125338142463,10.709999999999997,10.542999999999967,10.613499999999997,10.970999999999966,10.689152474407413,11.027626805843454,-0.338474331436041,-0.5372001164047553,0.3974515699374286
600213,2017-06-16,11.26,11.22,11.27,11.0,11.09,2660985,29602784.0,0.0,,,-0.015097690941385428,10.795999999999998,10.649999999999967,10.591499999999996,10.919999999999963,10.75082132449858,11.032247042447644,-0.28142571794906424,-0.4860452367136171,0.40923903752910573
600213,2017-06-19,11.09,11.11,11.29,11.05,11.18,3205728,35749503.0,0.0,,,0.008115419296663649,11.01,10.749999999999966,10.582499999999996,10.871999999999963,10.816848813037259,11.043191705970042,-0.22634289293278265,-0.4341047679574503,0.4155237500493353
600213,2017-06-20,11.18,11.15,11.34,11.13,11.19,2855577,32040500.0,0.0,,,0.0008944543828264569,11.162,10.849999999999966,10.574999999999996,10.838999999999961,10.874256687954604,11.054066394416704,-0.17980970646210004,-0.38324575565838026,0.40687209839256044
600213,2017-06-21,11.19,11.22,11.34,11.14,11.27,2429428,27333450.0,0.0,,,0.007149240393208228,11.198,10.901999999999962,10.596499999999997,10.821666666666632,10.935140274423127,11.070061476311764,-0.13492120188863765,-0.3335808449044318,0.3973192860315883
600213,2017-06-22,11.27,11.27,11.27,10.68,10.81,2713091,29990470.0,0.0,,,-0.040816326530612165,11.107999999999999,10.908999999999967,10.623499999999996,10.785999999999962,10.915887924511877,11.050797663251634,-0.13490973873975776,-0.293846623671497,0.3178737698634785
600213,2017-06-23,10.81,10.82,11.09,10.58,10.93,2516204,27246746.0,0.0,,,0.01110083256244211,11.076,10.935999999999966,10.653499999999996,10.766666666666632,10.918059013048511,11.041849688195958,-0.1237906751474469,-0.25983543396668696,0.2720895176384801
600213,2017-06-26,10.93,10.86,11.17,10.82,11.15,2273293,25021219.0,0.0,,,0.020128087831656045,11.07,11.039999999999967,10.689499999999997,10.766999999999962,10.953742241810279,11.049860822403664,-0.09611858059338552,-0.22709206329202666,0.2619469653972823
600213,2017-06-27,11.15,11.15,11.28,10.95,11.09,2387657,26508670.0,0.0,,,-0.0053811659192825574,11.05,11.105999999999971,10.719999999999997,10.773999999999962,10.974704973839467,11.052834094818207,-0.07812912097874047,-0.19729947482936944,0.23834070770125793
600213,2017-06-28,11.09,11.02,11.08,10.72,10.74,3562554,38530260.0,0.0,,,-0.031559963931469766,10.944,11.070999999999966,10.737499999999995,10.766999999999962,10.938596516325703,11.029661198905748,-0.09106468258004519,-0.17605251637950461,0.16997566759891886
600213,2017-06-29,10.74,10.73,10.88,10.73,10.77,1901921,20555642.0,0.0,,,0.0027932960893854147,10.935999999999998,11.021999999999966,10.782499999999995,10.749666666666627,10.912658590737133,11.01042703602384,-0.09776844528670736,-0.16039570216094517,0.12525451374847563
600213,2017-06-30,10.77,10.71,10.85,10.7,10.81,1621930,17473270.0,0.0,,,0.003714020427112435,10.912,10.993999999999966,10.821999999999996,10.72566666666663,10.896864961392957,10.995580588910963,-0.09871562751800589,-0.14805968723235732,0.09868811942870287
600213,2017-07-03,10.81,10.81,11.05,10.76,10.95,2478504,27053472.0,0.0,,,0.012950971322849102,10.871999999999998,10.970999999999966,10.860499999999995,10.711999999999962,10.905039582717118,10.992204248991632,-0.08716466627451425,-0.1358806830407887,0.09743203353254892
600213,2017-07-04,10.95,11.02,11.09,10.9,10.99,2007635,22058338.0,0.0,,,0.003652968036529765,10.852,10.950999999999967,10.900499999999996,10.700333333333298,10.918110416145254,10.99204097128855,-0.0739305551432956,-0.1234906574612901,0.09912020463598897
600213,2017-07-05,10.99,10.98,11.15,10.9,11.12,2530344,27874952.0,0.0,,,0.011828935395814286,10.928,10.935999999999966,10.918999999999995,10.709666666666633,10.949170352122907,11.001519417859768,-0.05234906573686082,-0.10926233911640426,0.11382654675908688
600213,2017-07-06,11.12,11.04,11.13,10.93,11.01,3342438,36851422.0,0.0,,,-0.0098920863309352,10.976,10.955999999999966,10.932499999999996,10.734333333333296,10.958528759488614,11.002147609129414,-0.04361884964080076,-0.09613364122128357,0.10502958316096561
600213,2017-07-07,11.01,11.01,11.05,10.83,11.04,3028576,33170724.0,0.0,,,0.0027247956403269173,11.021999999999995,10.966999999999967,10.951499999999996,10.757999999999962,10.971062796490365,11.00495148993464,-0.033888693444275475,-0.08368465166588196,0.09959191644321297
600213,2017-07-10,11.04,10.9,11.02,10.74,10.89,3052957,33284642.0,0.0,,,-0.013586956521739005,11.009999999999994,10.940999999999967,10.990499999999995,10.773333333333301,10.958591597030308,10.996436564754298,-0.0378449677239896,-0.0745167148775035,0.0733434943070278
600213,2017-07-11,10.89,10.87,10.94,10.8,10.82,1749832,19047364.0,0.0,,,-0.006427915518824635,10.975999999999996,10.913999999999966,11.009999999999994,10.78466666666663,10.937269812871799,10.983367189587312,-0.046097376715513505,-0.06883284724510551,0.045470941059184006
600213,2017-07-12,10.82,10.79,10.79,10.17,10.39,5152955,53605848.0,0.0,,,-0.0397412199630314,10.829999999999995,10.878999999999966,10.974999999999993,10.78466666666663,10.85307445704537,10.939414064432695,-0.08633960738732505,-0.07233419927354942,-0.02801081622755125
600213,2017-07-13,10.39,10.37,10.61,10.32,10.55,2845648,29941769.0,0.0,,,0.015399422521655453,10.737999999999998,10.856999999999967,10.939499999999995,10.807333333333302,10.806447617499929,10.910568578178422,-0.10412096067849319,-0.07869155155453818,-0.050858818247910026
600213,2017-07-14,10.55,10.59,10.63,10.32,10.38,1962956,20397817.0,0.0,,,-0.016113744075829373,10.605999999999998,10.813999999999966,10.903999999999993,10.8193333333333,10.740840291730708,10.871267202017057,-0.13042691028634934,-0.08903862330090041,-0.08277657397089785
600213,2017-07-17,10.38,10.35,10.35,9.61,9.65,3930233,38497598.0,0.0,,,-0.07032755298651255,10.358,10.683999999999967,10.827499999999993,10.801666666666632,10.57301870838752,10.780802964830608,-0.2077842564430874,-0.11278774992933784,-0.18999301302749913
600213,2017-07-18,9.65,9.57,9.82,9.5,9.74,1896511,18335623.0,0.0,,,0.009326424870466306,10.142000000000001,10.558999999999967,10.754999999999995,10.786666666666632,10.444861984020209,10.703706448917229,-0.2588444648970203,-0.14199909292287435,-0.23369074394829187
600213,2017-07-19,9.74,9.78,9.86,9.6,9.84,2120388,20768411.0,0.0,,,0.010266940451745343,10.032,10.430999999999967,10.683499999999992,10.756333333333297,10.351806294170945,10.639728193441877,-0.28792189927093226,-0.17118365419248596,-0.2334764901568926
600213,2017-07-20,9.84,9.82,10.14,9.76,10.08,3240276,32524900.0,0.0,,,0.024390243902439046,9.938,10.337999999999967,10.646999999999997,10.734333333333296,10.309989941221568,10.598266845779516,-0.2882769045579483,-0.19460230426557845,-0.1873492005847397
600213,2017-07-21,10.08,10.02,11.09,10.0,10.99,4233197,44045212.0,0.0,,,0.0902777777777778,10.06,10.332999999999966,10.649999999999997,10.745333333333297,10.414606873341326,10.627284116462517,-0.21267724312119185,-0.19821729203670116,-0.028919902168981382
600213,2017-07-24,10.99,10.7,12.09,10.61,11.23,9335921,102837321.0,0.0,,,0.0218380345768881,10.376,10.366999999999967,10.653999999999991,10.782666666666632,10.540051969750353,10.671929737465293,-0.13187776771493986,-0.18494938717234893,0.10614323891481814
600213,2017-07-25,11.23,11.19,11.19,10.72,10.83,4920557,53476586.0,0.0,,,-0.035618878005342865,10.594000000000001,10.367999999999967,10.640999999999996,10.795999999999962,10.584659359019529,10.683638645801198,-0.09897928678166856,-0.16775536709421288,0.13755216062508863
600213,2017-07-26,10.83,10.79,10.83,10.53,10.62,3024471,32188027.0,0.0,,,-0.0193905817174516,10.75,10.390999999999966,10.634999999999994,10.780333333333298,10.590096380708832,10.678924672038146,-0.08882829132931391,-0.15196995194123308,0.12628332122383834
600213,2017-07-27,10.62,10.7,10.92,10.67,10.84,3517304,38043030.0,0.0,,,0.020715630885122467,10.902,10.419999999999966,10.638499999999992,10.766333333333296,10.628543091369012,10.6908561778131,-0.06231308644408706,-0.1340385788418039,0.14345098479543367
600213,2017-07-28,10.84,10.77,10.84,10.62,10.69,2593467,27736742.0,0.0,,,-0.013837638376383795,10.842,10.450999999999967,10.632499999999991,10.752999999999961,10.637998000389164,10.690792757234352,-0.05279475684518786,-0.11778981444248068,0.12999011519458564
600213,2017-07-31,10.69,10.65,10.7,10.45,10.62,2874400,30399101.0,0.0,,,-0.006548175865294695,10.72,10.547999999999966,10.615999999999994,10.734333333333296,10.635229077252369,10.685548849291067,-0.05031977203869786,-0.10429580596172414,0.10795206784605255
600213,2017-08-01,10.62,10.62,10.69,10.47,10.5,3121304,32937781.0,0.0,,,-0.011299435028248516,10.654000000000002,10.623999999999967,10.591499999999991,10.711333333333297,10.614424603828926,10.671804490084321,-0.05737988625539536,-0.09491262202045839,0.07506547153012605
600213,2017-08-02,10.5,10.49,10.5,10.11,10.17,3189289,32870588.0,0.0,,,-0.03142857142857144,10.564,10.656999999999966,10.543999999999992,10.674666666666633,10.546051587855244,10.634633787115112,-0.08858219925986788,-0.0936465374683403,0.010128676416944843
600213,2017-08-03,10.17,10.18,10.52,10.16,10.36,2777135,28885339.0,0.0,,,0.018682399213372617,10.468,10.684999999999967,10.511499999999991,10.65966666666663,10.517428266646744,10.614290543625104,-0.09686227697836003,-0.09428968537034425,-0.005145183216031551
600213,2017-08-04,10.36,10.33,10.46,10.3,10.37,1550897,16077457.0,0.0,,,0.0009652509652509447,10.404000000000002,10.622999999999971,10.47799999999999,10.640999999999963,10.494746994854939,10.596194947801022,-0.10144795294608322,-0.09572133888549206,-0.011453228121182324
600213,2017-08-07,10.37,10.36,10.42,10.3,10.37,1532301,15881932.0,0.0,,,0.0,10.354,10.536999999999967,10.451999999999991,10.614999999999963,10.475555149492642,10.579439766482428,-0.10388461698978624,-0.0973539945063509,-0.013061244966870666
600213,2017-08-08,10.37,10.37,10.39,10.14,10.27,2514507,25730325.0,0.0,,,-0.009643201542912214,10.308000000000002,10.48099999999997,10.424499999999991,10.587666666666633,10.443931280339928,10.556518302298546,-0.11258702195861758,-0.10040059999680426,-0.024372843923626653
600213,2017-08-09,10.27,10.27,10.8,10.21,10.63,3626663,37827029.0,0.0,,,0.03505355404089593,10.400000000000002,10.481999999999967,10.436499999999992,10.583999999999966,10.472557237210708,10.56196139101717,-0.08940415380646272,-0.09820131075873596,0.017594313904546494
600213,2017-08-10,10.63,10.56,10.7,10.24,10.58,3192567,33354228.0,0.0,,,-0.004703668861712203,10.444,10.455999999999966,10.437999999999992,10.577666666666634,10.489086893024444,10.563297584275158,-0.07421069125071433,-0.09340318685713164,0.03838499121283462
600213,2017-08-11,10.58,10.52,10.52,10.22,10.26,1767985,18334406.0,0.0,,,-0.03024574669187148,10.422,10.412999999999967,10.431999999999992,10.559333333333297,10.45384275563607,10.540831096551072,-0.08698834091500274,-0.09212021766870587,0.01026375350740627
600213,2017-08-14,10.26,10.2,10.79,10.2,10.55,3374093,35571827.0,0.0,,,0.028265107212475726,10.458000000000002,10.405999999999967,10.476999999999991,10.545999999999967,10.468636177845905,10.541510274584326,-0.07287409673842049,-0.0882709934826488,0.030793793488456622
600213,2017-08-15,10.55,10.55,10.85,10.46,10.56,3131630,33357196.0,0.0,,,0.0009478672985781787,10.516000000000002,10.411999999999967,10.517999999999992,10.531666666666633,10.482692150484997,10.542879883874376,-0.06018773338937855,-0.08265434146399477,0.04493321614923243
600213,2017-08-16,10.56,10.55,10.81,10.2,10.77,4126952,43984662.0,0.0,,,0.01988636363636355,10.544,10.471999999999966,10.564499999999992,10.519999999999962,10.52689335810269,10.559703596179977,-0.032810238077287224,-0.07268552078665326,0.07975056541873207
600213,2017-08-17,10.77,10.7,10.84,10.67,10.75,2433765,26162222.0,0.0,,,-0.001857010213556135,10.578,10.510999999999967,10.597999999999992,10.511333333333301,10.561217456856124,10.57379962609257,-0.012582169236447172,-0.06066485047661204,0.09616536248032974
600213,2017-08-18,10.75,10.73,10.92,10.64,10.82,3001688,32417760.0,0.0,,,0.0065116279069767705,10.69,10.555999999999964,10.58949999999999,10.503999999999962,10.601030155801336,10.592036690826454,0.00899346497488196,-0.04673318738631324,0.1114533047223904
600213,2017-08-21,10.82,10.83,10.93,10.69,10.9,2613369,28254253.0,0.0,,,0.0073937153419593405,10.760000000000002,10.608999999999966,10.572999999999992,10.504333333333296,10.647025516447284,10.614848787802272,0.03217672864501253,-0.030951204180048087,0.12625586565012123
600213,2017-08-22,10.9,10.9,10.9,10.64,10.71,1832888,19685431.0,0.0,,,-0.017431192660550408,10.790000000000004,10.652999999999967,10.566999999999991,10.50066666666663,10.656713898532319,10.621897025742843,0.03481687278947554,-0.01779758878614336,0.1052289231512378
600213,2017-08-23,10.71,10.73,10.77,10.6,10.68,1450000,15493328.0,0.0,,,-0.002801120448179377,10.772000000000006,10.657999999999967,10.569999999999991,10.510333333333296,10.660296375681193,10.626200949761893,0.03409542591930048,-0.007418985845054587,0.08302882352871013
600213,2017-08-24,10.68,10.68,10.71,10.53,10.55,1423957,15096534.0,0.0,,,-0.012172284644194665,10.732000000000003,10.654999999999967,10.555499999999991,10.510333333333296,10.643327702499473,10.620556434964715,0.022771267534757555,-0.0013809351690921572,0.048304405407699424
600213,2017-08-25,10.55,10.53,10.67,10.5,10.58,2201658,23309334.0,0.0,,,0.0028436018957345363,10.684000000000003,10.686999999999967,10.549999999999994,10.516999999999964,10.633584979038016,10.617552254596959,0.01603272444105741,0.0021017967529377577,0.02786185537623931
600213,2017-08-28,10.58,10.66,10.82,10.59,10.75,2967448,31827228.0,0.0,,,0.016068052930056705,10.654000000000003,10.706999999999967,10.556499999999991,10.553666666666633,10.651494982262935,10.627363198700888,0.024131783562047815,0.006507794114759771,0.035247978894576086
600213,2017-08-29,10.75,10.7,10.82,10.67,10.8,2972746,32008854.0,0.0,,,0.00465116279069774,10.672000000000004,10.730999999999966,10.571499999999991,10.588999999999963,10.674341908068639,10.64015110990823,0.034190798160409486,0.012044394923889716,0.04429280647303954
600213,2017-08-30,10.8,10.75,10.89,10.72,10.8,3182801,34378858.0,0.0,,,0.0,10.696000000000003,10.733999999999966,10.602999999999994,10.620999999999963,10.693673922211927,10.651991768433547,0.04168215377838003,0.017971946694787782,0.04742041416718449
600213,2017-08-31,10.8,10.76,10.96,10.76,10.95,4072120,44280203.0,0.0,,,0.013888888888888756,10.776000000000005,10.753999999999966,10.632499999999991,10.649999999999967,10.733108703410092,10.674066452253284,0.059042251156808945,0.026186007587192014,0.06571248713923386
600213,2017-09-01,10.95,10.94,11.18,10.9,11.1,5135165,56765205.0,0.0,,,0.013698630136986335,10.880000000000004,10.781999999999963,10.668999999999992,10.653666666666632,10.789553518270079,10.705617085419705,0.08393643285037378,0.03773609263982837,0.09240068042109081
600213,2017-09-04,11.1,11.09,11.21,10.97,11.13,4135689,45947512.0,0.0,,,0.002702702702702805,10.956000000000005,10.804999999999962,10.706999999999992,10.6503333333333,10.841929900074682,10.737052856870097,0.10487704320458491,0.051164282752779684,0.10742552090361045
600213,2017-09-05,11.13,11.14,11.17,10.96,11.09,2826642,31371817.0,0.0,,,-0.003593890386343299,11.014000000000005,10.842999999999963,10.747999999999992,10.658999999999963,10.880094530832423,10.763197089694536,0.11689744113788691,0.06431091442980115,0.10517305341617153
600213,2017-09-06,11.09,11.03,11.29,11.0,11.17,2788245,31119221.0,0.0,,,0.007213706041478814,11.088000000000005,10.891999999999962,10.774999999999993,10.6773333333333,10.92469537224282,10.79333063860605,0.1313647336367687,0.07772167827119467,0.10728611073114808
600213,2017-09-07,11.17,11.07,11.21,11.03,11.08,2969207,33039654.0,0.0,,,-0.008057296329453881,11.114000000000004,10.944999999999961,10.799999999999994,10.6853333333333,10.94858839189777,10.814565406116715,0.13402298578105487,0.08898193977316672,0.0900820920157763
600213,2017-09-08,11.08,11.05,11.25,11.0,11.14,2143021,23861329.0,0.0,,,0.00541516245487369,11.122000000000005,11.000999999999967,10.84399999999999,10.700333333333301,10.978036331605805,10.838671672330292,0.1393646592755129,0.09905848367363597,0.08061235120375385
600213,2017-09-11,11.14,11.32,11.8,11.32,11.52,7800243,89865962.0,0.0,,,0.03411131059245951,11.200000000000005,11.077999999999962,10.892499999999993,10.7303333333333,11.061415357512606,10.889140437342864,0.17227492016974288,0.11370177097285739,0.117146298393771
600213,2017-09-12,11.52,11.66,12.67,11.56,12.08,21002054,254576576.0,0.0,,,0.04861111111111115,11.398000000000005,11.205999999999962,10.968499999999993,10.782999999999962,11.218120687126051,10.977352256798948,0.24076843032710293,0.1391151028437065,0.20330665496679284
600213,2017-09-13,12.08,11.88,12.59,11.65,12.4,13295233,159403622.0,0.0,,,0.026490066225165587,11.644000000000005,11.365999999999964,11.049999999999994,10.857333333333298,11.399948273722043,11.082733571110136,0.3172147026119063,0.17473502279734648,0.28495935962911967
600213,2017-09-14,12.4,12.28,13.38,12.28,13.19,19136785,245262090.0,0.0,,,0.06370967741935478,12.066000000000004,11.589999999999964,11.171999999999993,10.951666666666627,11.675340846995574,11.238827380657535,0.4365134663380399,0.2270907115054852,0.41884550966510936
600213,2017-09-15,13.19,12.73,13.23,12.59,12.74,14720955,188699798.0,0.0,,,-0.03411675511751321,12.386000000000005,11.753999999999964,11.267999999999994,11.030666666666631,11.839134562842409,11.35002535246068,0.48910921038172894,0.279494411280734,0.4192295982019899
600213,2017-09-18,12.74,12.73,14.01,12.68,14.01,20505735,280627030.0,0.0,,,0.0996860282574568,12.884000000000004,12.041999999999964,11.423499999999994,11.151999999999962,12.173113860866653,11.547060511537666,0.6260533493289877,0.3488061988903848,0.5544943008772059
600213,2017-09-19,14.01,14.08,15.27,13.58,14.63,30173644,430756934.0,0.0,,,0.044254104211277734,13.394000000000005,12.395999999999963,11.619499999999993,11.297333333333295,12.551096343810245,11.775426399571913,0.7756699442383326,0.4341789479599744,0.6829819925567163
600213,2017-09-20,14.63,14.49,15.2,14.02,14.5,26245807,383783454.0,0.0,,,-0.008885850991114202,13.814000000000005,12.728999999999964,11.81049999999999,11.426333333333295,12.850927675531747,11.97724666627029,0.8736810092614569,0.5220793602202709,0.7032032980823719
600213,2017-09-21,14.5,14.31,14.5,13.65,13.92,18319229,257658168.0,0.0,,,-0.04000000000000002,13.960000000000004,13.012999999999964,11.978999999999989,11.537666666666631,13.015400340834555,12.121154320620638,0.8942460202139166,0.596512692219,0.5954666559898332
600213,2017-09-22,13.92,13.81,14.25,13.61,13.72,13781076,191673694.0,0.0,,,-0.014367816091953972,14.156000000000004,13.270999999999963,12.135999999999989,11.652999999999965,13.123800288398469,12.239587333907998,0.8842129544904704,0.6540527446732942,0.46032041963435244
600213,2017-09-25,13.72,13.56,13.72,12.55,12.66,16283757,209702106.0,0.0,,,-0.07725947521865892,13.886000000000005,13.384999999999962,12.231499999999988,11.7233333333333,13.052446397875626,12.270729012877776,0.7817173849978492,0.6795856727382052,0.2042634245192878
600213,2017-09-26,12.66,12.73,13.0,12.56,12.88,12125447,155180663.0,0.0,,,0.017377567140600358,13.536000000000005,13.464999999999963,12.335499999999987,11.800666666666631,13.025916182817836,12.315860197109052,0.7100559857087845,0.6856797353323212,0.048752500752926586
600213,2017-09-27,12.88,12.82,13.67,12.67,13.21,15880339,209179701.0,0.0,,,0.025621118012422364,13.278000000000002,13.545999999999962,12.455999999999984,11.881999999999964,13.054236770076631,12.382092775100974,0.6721439949756576,0.6829725872609885,-0.021657184570661903
600213,2017-09-28,13.21,13.06,13.96,13.06,13.76,17774486,242995126.0,0.0,,,0.04163512490537463,13.246000000000004,13.602999999999962,12.596499999999983,11.982333333333298,13.16281572852638,12.484159976945346,0.6786557515810347,0.6821092201249979,-0.006906937087926224
600213,2017-09-29,13.76,13.69,14.2,13.13,13.95,19469118,266256674.0,0.0,,,0.013808139534883685,13.292000000000005,13.723999999999958,12.738999999999988,12.086666666666632,13.283921001060783,12.59274071939384,0.6911802816669432,0.683923432433387,0.014513698467112368
600213,2017-10-09,13.95,14.1,15.11,13.96,14.98,25004474,365864653.0,0.0,,,0.07383512544802875,13.756000000000006,13.820999999999962,12.931499999999984,12.222666666666631,13.544856231666817,12.769574740179479,0.7752814914873376,0.7021950442441772,0.14617289448632076
600213,2017-10-10,14.98,14.62,14.91,14.09,14.24,17377447,251587722.0,0.0,,,-0.04939919893190922,14.028000000000004,13.781999999999963,13.088999999999988,12.340333333333302,13.651801426794998,12.878495129795816,0.7733062969991824,0.7164172947951783,0.11377800440800812
600213,2017-10-11,14.24,14.07,14.1,13.2,13.52,13643720,184940226.0,0.0,,,-0.050561797752809036,14.090000000000005,13.683999999999962,13.206499999999984,12.434999999999967,13.631524284211151,12.926014009070201,0.7055102751409503,0.7142358908643328,-0.01745123144676497
600213,2017-10-12,13.52,13.43,13.96,13.43,13.86,11499336,157819104.0,0.0,,,0.02514792899408283,14.110000000000005,13.677999999999962,13.345499999999989,12.545333333333302,13.666674394332512,12.995198156546484,0.6714762377860275,0.7056839602486719,-0.06841544492528873
600213,2017-10-13,13.86,13.51,13.73,12.96,13.09,12453982,165538072.0,0.0,,,-0.055555555555555525,13.938000000000002,13.614999999999961,13.442999999999989,12.628999999999964,13.577955256742895,13.00222051532082,0.5757347414220746,0.6796941164833524,-0.20791875012255567
600213,2017-10-16,13.09,13.03,13.22,12.8,13.0,7364428,95423472.0,0.0,,,-0.006875477463712747,13.542000000000002,13.648999999999962,13.516999999999989,12.703999999999967,13.489039063397833,13.002056032704465,0.48698303069336824,0.6411518993253557,-0.30833773726397484
600213,2017-10-17,13.0,12.96,13.12,12.72,12.82,5441195,70137688.0,0.0,,,-0.013846153846153824,13.258,13.642999999999962,13.553999999999988,12.7713333333333,13.386109976721244,12.988570400652282,0.3975395760689615,0.5924294346740768,-0.38977971721023064
600213,2017-10-18,12.82,12.78,12.99,12.01,12.18,7260000,91203820.0,0.0,,,-0.04992199687987524,12.99,13.539999999999962,13.542999999999989,12.817333333333297,13.200554595687205,12.92867629690026,0.2718782987869446,0.5283192074966504,-0.5128818174194116
600213,2017-10-19,12.18,12.05,12.25,11.88,12.22,5236415,63278242.0,0.0,,,0.003284072249589567,12.662,13.385999999999962,13.494499999999993,12.859666666666634,13.049700042504558,12.87618175638913,0.17351828611542786,0.4573590232204059,-0.5676814742099561
600213,2017-10-20,12.22,12.18,12.68,12.05,12.56,6527425,80893737.0,0.0,,,0.027823240589198026,12.556,13.246999999999964,13.485499999999993,12.908333333333301,12.974361574426934,12.852760885545491,0.12160068888144338,0.3902073563526134,-0.53721333494234
600213,2017-10-23,12.56,12.41,12.54,12.13,12.23,5085828,62370498.0,0.0,,,-0.026273885350318483,12.402,12.971999999999962,13.396499999999993,12.944999999999967,12.859844409130483,12.806630449579158,0.05321395955132502,0.3228086769923557,-0.5391894348820614
600213,2017-10-24,12.23,12.23,12.27,11.83,12.11,4903988,58969878.0,0.0,,,-0.00981193785772698,12.260000000000002,12.758999999999965,13.270499999999993,12.978999999999967,12.744483730802717,12.755028194054777,-0.010544463252060154,0.25613804894347253,-0.5333650243910654
600213,2017-10-25,12.11,12.12,12.32,11.99,12.28,5129131,62566995.0,0.0,,,0.014037985136251029,12.28,12.634999999999964,13.15949999999999,13.015999999999964,12.673024695294606,12.71984092042109,-0.04681622512648431,0.19554719412948116,-0.48472683851193094
600213,2017-10-26,12.28,12.15,12.32,12.0,12.17,5024589,61077826.0,0.0,,,-0.008957654723126991,12.27,12.465999999999964,13.071999999999992,13.052333333333301,12.595636280633897,12.67911196335286,-0.08347568271896222,0.1397426187597925,-0.4464366029575094
600213,2017-10-27,12.17,12.11,12.43,12.07,12.14,5559579,68199149.0,0.0,,,-0.002465078060805207,12.185999999999998,12.370999999999965,12.99299999999999,13.085666666666635,12.525538391305606,12.639177743845238,-0.1136393525396322,0.08906622449990755,-0.40541115407907946
600213,2017-10-30,12.14,12.0,12.04,11.13,11.23,7243509,83132925.0,0.0,,,-0.07495881383855026,11.986,12.193999999999964,12.921499999999991,13.075999999999967,12.326224792643206,12.53479420726411,-0.20856941462090361,0.0295390966757453,-0.47621702259329785
600213,2017-10-31,11.23,11.14,11.28,10.93,11.25,5048699,56167483.0,0.0,,,0.0017809439002671036,11.813999999999998,12.036999999999964,12.839999999999991,13.048333333333302,12.160651747621175,12.439624265985287,-0.2789725183641121,-0.032163226332226194,-0.4936185840637718
600213,2017-11-01,11.25,11.16,11.45,11.14,11.19,3823562,43160615.0,0.0,,,-0.005333333333333377,11.595999999999998,11.937999999999965,12.738999999999988,13.00799999999997,12.01132070952561,12.347059505541932,-0.3357387960163223,-0.09287834026904543,-0.4857209114945537
600213,2017-11-02,11.19,11.16,11.28,11.0,11.0,3230400,35885807.0,0.0,,,-0.01697944593386948,11.361999999999998,11.815999999999963,12.600999999999988,12.934999999999972,11.855732908060132,12.247277319946233,-0.3915444118861018,-0.15261155459245673,-0.4778657145872901
600213,2017-11-03,11.0,11.01,11.12,10.67,10.8,4720540,51393302.0,0.0,,,-0.01818181818181812,11.093999999999998,11.639999999999965,12.443499999999991,12.870333333333305,11.693312460666265,12.140071592542808,-0.4467591318765436,-0.21144107004927415,-0.4706361236545389
600213,2017-11-06,10.8,10.83,11.05,10.76,10.95,3386000,36933533.0,0.0,,,0.013888888888888756,11.037999999999995,11.511999999999965,12.241999999999988,12.768333333333304,11.57895669748684,12.05191814124334,-0.47296144375649973,-0.26374514479071925,-0.41843259793156096
600213,2017-11-07,10.95,10.87,10.98,10.73,10.94,3406381,36978145.0,0.0,,,-0.0009132420091324008,10.975999999999996,11.394999999999964,12.076999999999988,12.645333333333303,11.48065566710425,11.969553834484573,-0.48889816738032366,-0.30877574930864016,-0.360244836143367
600213,2017-11-08,10.94,10.94,11.56,10.91,11.41,8766317,99119749.0,0.0,,,0.042961608775137175,11.019999999999996,11.307999999999964,11.971499999999988,12.542333333333303,11.469785564472827,11.928105402300531,-0.4583198378277036,-0.33868456701245286,-0.23927054163050143
600213,2017-11-09,11.41,11.43,11.69,11.24,11.44,5704339,65113900.0,0.0,,,0.0026292725679228192,11.107999999999995,11.234999999999962,11.850499999999988,12.459666666666633,11.465203169938546,11.891949446574566,-0.4267462766360204,-0.3562969089371664,-0.14089873539770792
600213,2017-11-10,11.44,11.56,11.56,11.16,11.23,4016851,45280605.0,0.0,,,-0.01835664335664328,11.193999999999996,11.143999999999961,11.757499999999988,12.376666666666635,11.429018066871077,11.84291615423571,-0.4138980873646325,-0.3678171446226597,-0.09216188548394566
600213,2017-11-13,11.23,11.16,11.38,11.12,11.36,3765041,42223371.0,0.0,,,0.011576135351736329,11.275999999999994,11.156999999999963,11.675499999999989,12.333333333333304,11.418399902737065,11.807144587255287,-0.3887446845182225,-0.3720026526017723,-0.03348406383290048
600213,2017-11-14,11.36,11.39,11.4,10.95,11.0,4235635,47174222.0,0.0,,,-0.031690140845070366,11.287999999999995,11.131999999999962,11.584499999999988,12.270666666666633,11.354030686931363,11.747356099310451,-0.39332541237908814,-0.3762672045572355,-0.03411641564370527
600213,2017-11-15,11.0,10.98,10.98,10.58,10.71,4344729,46837228.0,0.0,,,-0.026363636363636287,11.147999999999994,11.083999999999962,11.510999999999989,12.187333333333305,11.254949042788077,11.670514906768936,-0.41556586398085926,-0.3841269364419603,-0.06287785507779797
600213,2017-11-16,10.71,10.61,10.65,10.3,10.33,4464218,46590166.0,0.0,,,-0.035480859010270836,10.925999999999995,11.016999999999962,11.416499999999989,12.072999999999972,11.11264919005145,11.571217506267534,-0.45856831621608407,-0.3990152123967851,-0.11910620763859792
600213,2017-11-17,10.33,10.4,10.46,9.86,9.89,4417851,44699858.0,0.0,,,-0.042594385285575936,10.657999999999996,10.925999999999961,11.28299999999999,11.937666666666635,10.924549314658918,11.446682876173643,-0.5221335615147247,-0.42363888222037305,-0.19698935858870326
600213,2017-11-20,9.89,9.9,10.16,9.78,10.06,4207300,42002968.0,0.0,,,0.01718907987866531,10.397999999999996,10.836999999999962,11.174499999999993,11.773666666666633,10.791541727788315,11.343965626086707,-0.5524238982983913,-0.44939588543597675,-0.20605602572482917
600213,2017-11-21,10.06,10.08,10.17,9.86,9.98,3179337,31759449.0,0.0,,,-0.007952286282306171,10.193999999999997,10.740999999999962,11.067999999999989,11.631666666666634,10.66668915428242,11.242931135265469,-0.576241980983049,-0.47476510454539117,-0.2029537528753157
600213,2017-11-22,9.98,10.0,10.0,9.8,9.98,2984901,29569870.0,0.0,,,0.0,10.047999999999998,10.597999999999963,10.952999999999989,11.513666666666634,10.5610446690082,11.14938068080136,-0.5883360117931584,-0.4974792859949447,-0.1817134515964275
600213,2017-11-23,9.98,10.0,10.0,9.5,9.53,3242552,31678881.0,0.0,,,-0.04509018036072155,9.887999999999998,10.406999999999963,10.820999999999987,11.369333333333303,10.402422412237707,11.029426556297556,-0.6270041440598497,-0.5233842576079257,-0.20723977290384799
600213,2017-11-24,9.53,9.5,9.68,9.44,9.66,2750637,26266173.0,0.0,,,0.013641133263378886,9.842,10.249999999999963,10.696999999999989,11.25499999999997,10.288203579585751,10.927987552127366,-0.6397839725416148,-0.5466642005946636,-0.1862395438939024
600213,2017-11-27,9.66,9.64,9.75,9.52,9.55,1964400,18939632.0,0.0,,,-0.011387163561076543,9.739999999999998,10.068999999999964,10.612999999999989,11.139999999999972,10.174633798111019,10.825914400117933,-0.6512806020069135,-0.5675874808771136,-0.16738624225959975
600213,2017-11-28,9.55,9.55,9.75,9.51,9.74,2073000,20014285.0,0.0,,,0.01989528795811513,9.691999999999998,9.942999999999962,10.53749999999999,11.037333333333304,10.107767059940093,10.745476296405494,-0.6377092364654011,-0.5816118319947712,-0.11219480894125988
600213,2017-11-29,9.74,9.77,10.19,9.53,9.96,4931458,48737492.0,0.0,,,0.0225872689938399,9.688,9.867999999999963,10.47599999999999,10.963333333333305,10.085033666103156,10.687292867042125,-0.6022592009389687,-0.5857413057836107,-0.03303579031071591
600213,2017-11-30,9.96,9.86,9.99,9.75,9.8,2497570,24662063.0,0.0,,,-0.016064257028112462,9.742,9.814999999999962,10.415999999999991,10.882666666666637,10.041182332856517,10.621567469483448,-0.5803851366269317,-0.5846700719522749,0.008569870650686484
600213,2017-12-01,9.8,9.73,10.05,9.72,9.98,2749936,27311303.0,0.0,,,0.01836734693877548,9.806,9.823999999999963,10.374999999999991,10.796666666666637,10.031769666263207,10.574043953225415,-0.5422742869622077,-0.5761909149542616,0.06783325598410772
600213,2017-12-04,9.98,9.99,9.99,9.82,9.93,2456352,24301414.0,0.0,,,-0.005010020040080231,9.882,9.810999999999963,10.323999999999991,10.71999999999997,10.016112794530406,10.526336993727236,-0.5102241991968306,-0.5629975718027754,0.10554674521188967
600213,2017-12-05,9.93,9.85,9.88,9.44,9.53,3167079,30433999.0,0.0,,,-0.040281973816717054,9.84,9.765999999999963,10.253499999999992,10.633999999999967,9.941326210756495,10.452534253451145,-0.5112080426946495,-0.5526396659811502,0.08286324657300148
600213,2017-12-06,9.53,9.52,9.78,9.44,9.71,2725609,26278114.0,0.0,,,0.01888772298006312,9.79,9.738999999999963,10.168499999999991,10.548333333333304,9.905737562947802,10.397531716158468,-0.491794153210666,-0.5404705634270534,0.09735282043277471
600213,2017-12-07,9.71,9.74,9.95,9.66,9.8,2441275,24003326.0,0.0,,,0.009268795056642621,9.79,9.765999999999963,10.086499999999992,10.469333333333305,9.889470245571218,10.353270107554138,-0.46379986198292045,-0.5251364231382267,0.12267312231061256
600213,2017-12-08,9.8,9.83,10.16,9.79,10.1,3904172,39260399.0,0.0,,,0.030612244897959075,9.814000000000002,9.809999999999963,10.029999999999992,10.401333333333305,9.921859438560261,10.334509358846423,-0.412649920286162,-0.5026391225678137,0.1799784045633035
600213,2017-12-11,10.1,10.16,11.1,9.99,10.66,9184350,97028822.0,0.0,,,0.055445544554455495,9.96,9.920999999999964,9.994999999999994,10.382333333333305,10.035419524935605,10.35861977670965,-0.3232002517740451,-0.46675134840906,0.28710219327002984
600213,2017-12-12,10.66,10.56,10.68,10.31,10.37,4994834,52300030.0,0.0,,,-0.027204502814259,10.128,9.983999999999963,9.963499999999991,10.352999999999973,10.086893444176281,10.359462756212638,-0.2725693120363566,-0.42791494113451933,0.3106912581963255
600213,2017-12-13,10.37,10.3,10.37,10.15,10.27,3382721,34666582.0,0.0,,,-0.009643201542912214,10.239999999999998,10.014999999999963,9.941499999999994,10.322333333333304,10.115063683533776,10.352835885382072,-0.23777220184829595,-0.38988639327727465,0.3042283828579574
600213,2017-12-14,10.27,10.2,10.56,10.19,10.34,3513531,36460138.0,0.0,,,0.006815968841285325,10.348,10.068999999999964,9.941999999999991,10.300333333333302,10.149669270682427,10.351885079057476,-0.20221580837504938,-0.35235227629682964,0.3002729358435605
600213,2017-12-15,10.34,10.25,10.3,10.15,10.18,2372734,24212599.0,0.0,,,-0.01547388781431336,10.364,10.088999999999963,9.956499999999997,10.279666666666637,10.154335536731283,10.339152850979145,-0.18481731424786219,-0.31884528388703615,0.2680559392783479
600213,2017-12-18,10.18,10.11,10.19,9.8,9.88,3024334,30172104.0,0.0,,,-0.02946954813359518,10.207999999999998,10.083999999999962,9.947499999999994,10.24399999999997,10.112130069541855,10.305141528684395,-0.19301145914253937,-0.2936785189381368,0.20133411959119485
600213,2017-12-19,9.88,9.92,9.98,9.87,9.96,2053968,20399233.0,0.0,,,0.008097165991902841,10.126,10.126999999999963,9.946499999999997,10.211333333333302,10.088725443458495,10.279575489522589,-0.19085004606409406,-0.27311282436332823,0.16452555659846835
600213,2017-12-20,9.96,10.0,10.04,9.73,9.76,2253500,22153984.0,0.0,,,-0.020080321285140663,10.023999999999996,10.131999999999966,9.935499999999994,10.1563333333333,10.038152298311033,10.241088416224619,-0.2029361179135858,-0.25907748307337974,0.11228273031958791
600213,2017-12-21,9.76,9.68,9.87,9.6,9.76,2051000,19942808.0,0.0,,,0.0,9.907999999999998,10.127999999999966,9.946999999999994,10.1003333333333,9.995359637032411,10.205452237245018,-0.21009260021260623,-0.24928050650122505,0.07837581257723764
600213,2017-12-22,9.76,9.72,9.85,9.67,9.69,1424070,13887276.0,0.0,,,-0.007172131147541012,9.81,10.086999999999966,9.948499999999994,10.048999999999966,9.948381231335118,10.167270590041685,-0.21888935870656745,-0.24320227694229354,0.04862583647145219
600213,2017-12-25,9.69,9.65,9.69,9.46,9.54,1709000,16330698.0,0.0,,,-0.01547987616099075,9.741999999999996,9.974999999999966,9.947999999999992,9.9883333333333,9.885553349591252,10.120806101890448,-0.2352527522991963,-0.2416123720136741,0.012719239428955642
600213,2017-12-26,9.54,9.49,9.79,9.4,9.66,2483201,23794268.0,0.0,,,0.012578616352201364,9.682,9.903999999999963,9.943999999999992,9.943666666666637,9.85085283426952,10.08667231656523,-0.23581948229570848,-0.240453794070081,0.009268623548745025
600213,2017-12-27,9.66,9.68,10.63,9.6,10.63,7256039,75200061.0,0.0,,,0.10041407867494832,9.855999999999998,9.939999999999966,9.977499999999992,9.940999999999967,9.970721628997287,10.126918811634471,-0.15619718263718418,-0.22360247178350168,0.13481057829263499
600213,2017-12-28,10.63,11.08,11.69,10.95,11.69,29339859,338582231.0,0.0,,,0.09971777986829716,10.242,10.074999999999964,10.071999999999992,9.986333333333302,10.235225993766935,10.242702603365252,-0.0074766095983171965,-0.1803772993464648,0.3458013794962952
600213,2017-12-29,11.69,11.2,11.37,10.52,10.67,21962417,238031936.0,0.0,,,-0.08725406330196746,10.438,10.123999999999963,10.106499999999992,10.012333333333306,10.302114302418175,10.274354262375233,0.02776004004294208,-0.1387498314685834,0.333019743023051
600213,2018-01-02,10.67,10.7,11.41,10.45,10.83,19308004,211055840.0,0.0,,,0.014995313964386144,10.696,10.218999999999964,10.151499999999992,10.03799999999997,10.383327486661532,10.315513205902995,0.06781428075853668,-0.09743700902315938,0.33050257956339213
600213,2018-01-03,10.83,10.8,11.38,10.5,11.08,18772690,205852849.0,0.0,,,0.023084025854108955,10.98,10.330999999999962,10.228999999999992,10.074666666666637,10.490507873328989,10.37214185731759,0.1183660160113984,-0.05427640401624782,0.3452848400552925
600213,2018-01-04,11.08,10.79,11.08,10.68,10.84,11470686,124576000.0,0.0,,,-0.021660649819494605,11.022000000000002,10.438999999999963,10.285499999999992,10.1033333333333,10.544275892816838,10.406798016034806,0.13747787678203238,-0.01592554785659177,0.30680684927724833
600213,2018-01-05,10.84,10.75,11.02,10.75,10.92,8675279,94437466.0,0.0,,,0.007380073800738014,10.868,10.554999999999962,10.341499999999991,10.149666666666636,10.602079601614246,10.444812977810004,0.15726662380424195,0.018712886475574984,0.27710747465733393
600213,2018-01-08,10.92,10.92,11.34,10.91,11.0,10632365,117592822.0,0.0,,,0.007326007326007333,10.934,10.685999999999963,10.386499999999991,10.1943333333333,10.663298124442823,10.48593794241667,0.17736018202615256,0.050442345585690516,0.25383567288092407
600213,2018-01-09,11.0,10.91,11.76,10.6,11.35,17019757,190215699.0,0.0,,,0.03181818181818179,11.038,10.866999999999962,10.42099999999999,10.2543333333333,10.768944566836236,10.549942539274696,0.2190020275615403,0.08415428198086049,0.2696954911613596
600213,2018-01-10,11.35,11.12,11.25,10.68,10.97,9801114,107652282.0,0.0,,,-0.03348017621145366,11.015999999999998,10.997999999999962,10.45099999999999,10.295333333333303,10.799876171938354,10.581057906735829,0.21881826520252545,0.11108707862519349,0.21546237315466393
600213,2018-01-11,10.97,10.85,11.15,10.69,10.88,7369915,80376093.0,0.0,,,-0.008204193254329976,11.023999999999996,11.022999999999962,10.48149999999999,10.325999999999967,10.81220291471707,10.603201765496138,0.20900114922093138,0.1306698927443411,0.15666251295318057
600213,2018-01-12,10.88,10.81,11.45,10.75,11.29,18637292,208200029.0,0.0,,,0.03768382352941161,11.098,10.982999999999961,10.528999999999991,10.375666666666637,10.88571015860675,10.65407570879272,0.23163444981403103,0.1508628041582791,0.16154329131150386
600213,2018-01-15,11.29,11.08,11.14,10.62,10.78,9992985,108910599.0,0.0,,,-0.045172719220549135,11.053999999999998,10.993999999999962,10.558999999999989,10.402333333333301,10.869447057282635,10.663403434067334,0.2060436232153009,0.16189896796968348,0.08828931049123484
600213,2018-01-16,10.78,10.7,10.97,10.66,10.88,5980550,64607750.0,0.0,,,0.009276437847866551,10.959999999999996,10.998999999999961,10.608999999999991,10.433999999999967,10.87107058693146,10.67944762413642,0.191622962795039,0.16784376693475458,0.047558391720568804
600213,2018-01-17,10.88,10.83,10.83,10.46,10.7,6737171,71666920.0,0.0,,,-0.01654411764705896,10.905999999999995,10.960999999999961,10.645999999999988,10.472999999999967,10.84475203509585,10.680970022348538,0.16378201274731197,0.16703141609726607,-0.006498806699908211
600213,2018-01-18,10.7,10.65,10.77,10.53,10.64,4032350,42826417.0,0.0,,,-0.0056074766355138994,10.857999999999995,10.940999999999962,10.689999999999989,10.503999999999966,10.81325172200418,10.677935205878274,0.135316516125906,0.16068843610299408,-0.05074383995417614
600213,2018-01-19,10.64,10.63,10.63,10.11,10.19,7409632,76164949.0,0.0,,,-0.04229323308270686,10.637999999999998,10.867999999999961,10.71149999999999,10.516999999999967,10.717366841695846,10.641791857294699,0.07557498440114685,0.14366574576262464,-0.13618152272295558
600213,2018-01-22,10.19,10.01,10.7,10.01,10.41,6025256,62404765.0,0.0,,,0.0215897939156036,10.563999999999998,10.808999999999962,10.74749999999999,10.527333333333301,10.6700796352811,10.624622090087685,0.04545754519341472,0.12402410564878266,-0.1571331209107359
600213,2018-01-23,10.41,10.26,10.43,10.2,10.24,3869596,39741254.0,0.0,,,-0.016330451488952926,10.435999999999998,10.697999999999961,10.78249999999999,10.5133333333333,10.603913537545546,10.596131564896005,0.007781972649540947,0.10077567904893434,-0.18598741279878678
600213,2018-01-24,10.24,10.23,10.28,10.08,10.23,3564717,36256973.0,0.0,,,-0.0009765624999999793,10.342,10.623999999999961,10.810999999999991,10.508666666666636,10.546388377923154,10.569010708237041,-0.022622330313886607,0.07609607717637015,-0.19743681498051352
600213,2018-01-25,10.23,10.17,10.34,10.15,10.18,3154258,32223446.0,0.0,,,-0.004887585532746893,10.249999999999998,10.553999999999963,10.78849999999999,10.505666666666636,10.490020935165747,10.540195100219481,-0.0501741650537344,0.05084202873034924,-0.20203238756816727
600213,2018-01-26,10.18,10.2,10.31,10.18,10.2,2729562,27908248.0,0.0,,,0.0019646365422396443,10.252,10.444999999999961,10.71399999999999,10.500999999999971,10.44540232975563,10.514995463166187,-0.06959313341055662,0.026754996302168065,-0.19269625942544938
600213,2018-01-29,10.2,10.2,10.2,9.81,9.87,3883145,38724679.0,0.0,,,-0.0323529411764706,10.143999999999997,10.353999999999964,10.67399999999999,10.490666666666636,10.356878894408611,10.467218021450174,-0.11033912704156279,-0.000663828366578115,-0.21935059734996934
600213,2018-01-30,9.87,9.81,10.03,9.81,9.96,1974764,19645266.0,0.0,,,0.009118541033434815,10.087999999999996,10.261999999999963,10.63049999999999,10.493333333333302,10.29582060296113,10.42964631615757,-0.13382571319643866,-0.02729620533255023,-0.21305901572777686
600213,2018-01-31,9.96,9.88,9.88,9.45,9.5,4162836,39768282.0,0.0,,,-0.046184738955823375,9.941999999999997,10.141999999999964,10.55149999999999,10.47799999999997,10.173386664044035,10.360783626071825,-0.18739696202779044,-0.05931635667159829,-0.2561612107123843
600213,2018-02-01,9.5,9.5,9.53,8.71,8.73,5818670,52116192.0,0.0,,,-0.08105263157894732,9.651999999999996,9.950999999999963,10.445999999999987,10.443666666666637,9.95132717726803,10.239984838955392,-0.2886576616873615,-0.10518461767475094,-0.3669460880252211
600213,2018-02-02,8.73,8.74,8.78,8.11,8.56,3239994,27429745.0,0.0,,,-0.019473081328751415,9.323999999999998,9.787999999999963,10.32799999999999,10.403666666666636,9.737276842303718,10.11554151755129,-0.37826467524757135,-0.15980062918931504,-0.4369280921165126
600213,2018-02-05,8.56,8.41,8.66,8.3,8.53,2000100,17006674.0,0.0,,,-0.0035046728971963943,9.056000000000001,9.599999999999962,10.20449999999999,10.36499999999997,9.551541943487761,9.998093997732674,-0.44655205424491307,-0.21715091420043467,-0.4588022800889568
600213,2018-02-06,8.53,8.5,8.6,7.82,7.93,3197400,26466736.0,0.0,,,-0.07033997655334111,8.649999999999999,9.368999999999962,10.033499999999991,10.311333333333303,9.302073952181951,9.844901849752477,-0.5428278975705254,-0.28228631087445283,-0.5210831733921452
600213,2018-02-07,7.93,7.97,8.19,7.74,8.02,2436251,19556487.0,0.0,,,0.011349306431273626,8.354,9.147999999999962,9.885999999999992,10.256666666666632,9.104831805692418,9.709723934955997,-0.6048921292635789,-0.34680747455227806,-0.5161693094226018
600213,2018-02-08,8.02,8.03,8.18,7.96,8.13,1620870,13148600.0,0.0,,,0.013715710723192172,8.234,8.942999999999962,9.748499999999991,10.1733333333333,8.954857681739739,9.592707347181479,-0.63784966544174,-0.40501591273017057,-0.46566750542313895
600213,2018-02-09,8.13,7.94,8.04,7.68,7.8,2872600,22583185.0,0.0,,,-0.04059040590405917,8.081999999999999,8.702999999999964,9.573999999999991,10.043666666666637,8.777187269164394,9.45991421035322,-0.682726941188827,-0.4605581184219019,-0.44433764553385025
600213,2018-02-12,7.8,7.86,8.54,7.85,8.25,3127270,25679599.0,0.0,,,0.05769230769230772,8.026,8.540999999999963,9.447499999999991,9.962999999999967,8.696081535446794,9.37029093551224,-0.6742094000654468,-0.503288374750611,-0.34184205062967177
600213,2018-02-13,8.25,8.27,8.42,8.14,8.15,2408828,19783057.0,0.0,,,-0.012121212121212078,8.069999999999999,8.359999999999964,9.310999999999991,9.873666666666633,8.612068991531903,9.279899014363187,-0.6678300228312839,-0.5361967043667456,-0.2632666369290766
600213,2018-02-14,8.15,8.23,8.25,8.06,8.2,1593400,12988870.0,0.0,,,0.0061349693251532425,8.106,8.229999999999963,9.185999999999991,9.777666666666637,8.548673762065455,9.199906494780729,-0.6512327327152736,-0.5592039100364512,-0.1840576453576448
600213,2018-02-22,8.2,8.26,8.48,8.21,8.35,2430300,20297145.0,0.0,,,0.018292682926829312,8.15,8.191999999999961,9.071499999999991,9.694666666666636,8.518108567901539,9.136950458130304,-0.6188418902287651,-0.571131506074914,-0.09542076830770219
600213,2018-02-23,8.35,8.35,8.59,8.28,8.56,3023700,25468823.0,0.0,,,0.025149700598802498,8.302000000000001,8.191999999999961,8.989999999999991,9.615999999999966,8.524553403608996,9.094213387157689,-0.5696599835486928,-0.5708372015696698,0.0023544360419538446
600213,2018-02-26,8.56,8.58,8.7,8.4,8.69,3350074,28750016.0,0.0,,,0.015186915887850353,8.39,8.207999999999961,8.903999999999991,9.538999999999966,8.55000672613069,9.064271654775638,-0.5142649286449483,-0.5595227469847255,0.09051563667955431
600213,2018-02-27,8.69,8.81,8.86,8.6,8.75,3749000,32686114.0,0.0,,,0.0069044879171462036,8.510000000000002,8.28999999999996,8.829499999999992,9.452333333333304,8.580774922110583,9.040992272940406,-0.4602173508298222,-0.5396616677537448,0.15888863384784524
600213,2018-02-28,8.75,8.67,8.74,8.41,8.62,2747678,23594984.0,0.0,,,-0.014857142857142947,8.594,8.349999999999962,8.748999999999992,9.373999999999967,8.586809549478186,9.009807660130006,-0.4229981106518199,-0.5163289563333598,0.18666169136307986
600213,2018-03-01,8.62,8.54,8.74,8.47,8.71,3093520,26733830.0,0.0,,,0.010440835266821536,8.666,8.407999999999962,8.675499999999992,9.301666666666632,8.605761926481541,8.987599685305561,-0.3818377588240196,-0.4894307168314918,0.2151859160149444
600213,2018-03-02,8.71,8.62,9.17,8.61,8.87,5614659,50165440.0,0.0,,,0.018369690011480862,8.727999999999998,8.514999999999961,8.608999999999991,9.220999999999966,8.646413937792072,8.97888859750515,-0.3324746597130783,-0.45803950540780913,0.2511296913894616
600213,2018-03-05,8.87,8.8,9.14,8.73,8.93,3730654,33324940.0,0.0,,,0.006764374295377735,8.776,8.582999999999961,8.561999999999994,9.1593333333333,8.690042562747138,8.975267219912176,-0.2852246571650383,-0.42347653575925503,0.27650375718843345
600213,2018-03-06,8.93,8.92,8.99,8.83,8.92,2642600,23492183.0,0.0,,,-0.0011198208286673894,8.809999999999997,8.659999999999961,8.509999999999991,9.093999999999967,8.72542063001681,8.971173351770533,-0.24575272175372298,-0.3879317729581486,0.2843581024088513
600213,2018-03-07,8.92,8.9,8.91,8.68,8.69,2368300,20864141.0,0.0,,,-0.025784753363228743,8.824,8.708999999999959,8.469499999999991,9.026999999999967,8.719971302321916,8.950345696083826,-0.2303743937619096,-0.35642029711890083,0.25209180671398246
600213,2018-03-08,8.69,8.66,8.74,8.62,8.67,3104928,26964880.0,0.0,,,-0.002301495972382,8.815999999999997,8.740999999999959,8.466499999999991,8.961333333333302,8.712283409657006,8.929579348225765,-0.21729593856875873,-0.32859542540887243,0.2225989736802274
600213,2018-03-09,8.67,8.69,9.0,8.67,8.9,4148027,36609027.0,0.0,,,0.026528258362168447,8.822000000000001,8.774999999999961,8.483499999999992,8.918333333333301,8.74116288509439,8.927388285394228,-0.18622540029983803,-0.3001214203870656,0.2277920401744551
600213,2018-03-12,8.9,8.87,9.15,8.87,9.08,4461410,40335965.0,0.0,,,0.020224719101123563,8.852,8.813999999999961,8.510999999999992,8.873999999999967,8.793291672002944,8.938692856846506,-0.14540118484356235,-0.26917737327836494,0.24755237686960518
600213,2018-03-13,9.08,9.05,9.99,8.96,9.99,14787214,145365064.0,0.0,,,0.10022026431718063,9.066,8.937999999999963,8.613999999999994,8.865666666666632,8.977400645540953,9.016567460043062,-0.03916681450210824,-0.2231752615231136,0.3680168940420107
600213,2018-03-14,9.99,9.88,9.89,9.38,9.43,11322365,109201449.0,0.0,,,-0.0560560560560561,9.214,9.018999999999961,8.684499999999991,8.838999999999967,9.04703131545773,9.047192092632466,-0.00016077717473628184,-0.17857236465343812,0.3568231749574037
600213,2018-03-15,9.43,9.49,10.37,9.4,10.37,24185273,245398958.0,0.0,,,0.09968186638388116,9.553999999999998,9.184999999999961,8.796499999999991,8.845333333333299,9.250564959233463,9.14517786354858,0.10538709568488258,-0.12178047258577399,0.45433513654131313
600213,2018-03-16,10.37,10.5,11.41,10.31,11.41,30552028,332848335.0,0.0,,,0.10028929604628746,10.056000000000001,9.438999999999961,8.976999999999991,8.885666666666634,9.582785734736008,9.312942466248685,0.2698432684873229,-0.043455724371154594,0.6265979857169549
600213,2018-03-19,11.41,11.5,11.5,10.81,11.33,26674608,297791044.0,0.0,,,-0.0070113935144610045,10.505999999999998,9.678999999999961,9.130999999999991,8.934333333333301,9.851587929392007,9.46235413541545,0.38923379397655644,0.04308217929838764,0.6923032293563376
600213,2018-03-20,11.33,10.91,11.27,10.88,11.1,18168877,200481218.0,0.0,,,-0.020300088261253343,10.727999999999998,9.896999999999961,9.278499999999992,8.9723333333333,10.043651324870162,9.58366123649579,0.45999008837437216,0.12646376111358457,0.6670526545215751
600213,2018-03-21,11.1,10.91,11.6,10.91,11.41,26268768,295290295.0,0.0,,,0.02792792792792797,11.124,10.168999999999958,9.438999999999991,9.03599999999997,10.253858813351675,9.718945589347953,0.5349132240037218,0.208153653691612,0.6535191406242196
600213,2018-03-22,11.41,11.16,11.24,10.52,10.67,18304459,200194516.0,0.0,,,-0.06485539000876428,11.184000000000001,10.36899999999996,9.55499999999999,9.100666666666637,10.317880534374494,9.789394064211066,0.5284864701634273,0.27222021698597515,0.5125325063549043
600213,2018-03-23,10.67,10.03,10.13,9.6,9.6,15940408,156913453.0,0.0,,,-0.10028116213683226,10.822000000000001,10.438999999999957,9.606999999999992,9.135333333333305,10.207437375239957,9.775364874269505,0.43207250097045247,0.3041906737828706,0.2557636543751637
600213,2018-03-26,9.6,9.59,10.0,9.17,9.95,12623463,122404881.0,0.0,,,0.0364583333333333,10.546,10.525999999999957,9.669999999999991,9.182666666666636,10.16783162520304,9.788300809508799,0.3795308156942401,0.3192587021651445,0.12054422705819112
600213,2018-03-27,9.95,10.07,10.35,10.0,10.17,12722500,129359041.0,0.0,,,0.022110552763819163,10.36,10.543999999999958,9.74099999999999,9.257333333333305,10.168165221325648,9.81657482361926,0.35159039770638856,0.32572504127339336,0.0517307128659904
600213,2018-03-28,10.17,9.89,10.62,9.8,10.23,13152519,134059664.0,0.0,,,0.005899705014749312,10.124,10.623999999999958,9.82149999999999,9.330999999999973,10.177678264198626,9.847198910758573,0.33047935344005275,0.3266759037067253,0.007606899466654937
600213,2018-03-29,10.23,10.27,10.39,10.05,10.2,8731129,88830335.0,0.0,,,-0.002932551319648205,10.03,10.606999999999957,9.89599999999999,9.399999999999972,10.181112377398838,9.873332324776458,0.3077800526223804,0.3228967334898563,-0.030233361734951836
600213,2018-03-30,10.2,10.23,10.49,10.1,10.25,8327330,85503656.0,0.0,,,0.004901960784313796,10.16,10.49099999999996,9.964999999999991,9.481666666666637,10.191710473183631,9.901233634052277,0.2904768391313546,0.316412754618156,-0.05187183097360282
600213,2018-04-02,10.25,10.12,10.34,9.9,9.98,8338708,84374453.0,0.0,,,-0.026341463414634104,10.166,10.35599999999996,10.017499999999988,9.539333333333305,10.15913963115538,9.907068179678033,0.252071451477347,0.3035444939899942,-0.10294608502529445
600213,2018-04-03,9.98,9.56,9.67,9.3,9.45,9662728,91839318.0,0.0,,,-0.05310621242484982,10.022,10.19099999999996,10.043999999999988,9.582666666666636,10.050041226362245,9.87321127747966,0.17682994888258463,0.2782015849685123,-0.2027432721718554
600213,2018-04-04,9.45,9.62,9.78,9.46,9.54,6592228,63348622.0,0.0,,,0.009523809523809507,9.884,10.00399999999996,10.086499999999988,9.627333333333306,9.971573345383437,9.848528960629315,0.12304438475412205,0.24717014492563427,-0.24825152034302445
600213,2018-04-09,9.54,9.68,10.09,9.5,9.99,10598912,104579803.0,0.0,,,0.04716981132075483,9.842000000000002,9.93599999999996,10.152499999999991,9.681999999999972,9.974408215324447,9.859008296878995,0.11539991844545128,0.22081609962959767,-0.21083236236829278
600213,2018-04-10,9.99,9.72,10.99,9.7,10.47,22283527,235921652.0,0.0,,,0.04804804804804809,9.886,10.02299999999996,10.230999999999991,9.74566666666664,10.050653105274533,9.904266941554626,0.14638616371990665,0.20593011244765946,-0.11908789745550563
600213,2018-04-11,10.47,10.22,10.77,10.02,10.64,17867469,183825180.0,0.0,,,0.016236867239732562,10.017999999999999,10.091999999999961,10.308999999999989,9.81066666666664,10.141321858309219,9.958765686624655,0.1825561716845634,0.20125532429504028,-0.037398305220953776
600213,2018-04-12,10.64,10.5,10.55,10.09,10.14,10131900,104847272.0,0.0,,,-0.046992481203007516,10.156,10.088999999999961,10.316499999999989,9.856999999999973,10.141118495492417,9.972190450578383,0.16892804491403446,0.19478986841883913,-0.05172364700960935
600213,2018-04-13,10.14,10.07,10.63,10.07,10.29,8921599,92449774.0,0.0,,,0.01479289940828388,10.306,10.094999999999956,10.359499999999986,9.91266666666664,10.164023342339739,9.995731898683688,0.16829144365605053,0.18949018346628144,-0.04239747962046181
600213,2018-04-16,10.29,10.2,10.2,9.7,9.89,6882400,68214344.0,0.0,,,-0.038872691933916285,10.286,10.063999999999957,10.335499999999987,9.951999999999973,10.121865905056703,9.9878999061886,0.1339659988681028,0.17838534654664573,-0.08883869535708588
600213,2018-04-17,9.89,9.92,10.0,9.4,9.4,6207952,59846101.0,0.0,,,-0.049544994944388285,10.072000000000001,9.978999999999957,10.234999999999989,9.969666666666637,10.010809611971055,9.944351764989444,0.06645784698161172,0.15599984663363894,-0.17908399930405444
600213,2018-04-18,9.4,9.46,9.8,9.28,9.64,4668778,44470849.0,0.0,,,0.025531914893617044,9.872,9.944999999999958,10.150499999999989,9.993333333333306,9.953761979360124,9.921807189805042,0.031954789555081575,0.13119083521792746,-0.19847209132569177
600213,2018-04-19,9.64,9.63,9.77,9.56,9.58,3993100,38589694.0,0.0,,,-0.006224066390041545,9.76,9.957999999999958,10.074499999999988,10.015333333333306,9.896260136381644,9.896488138708373,-0.00022800232672892662,0.10490706770899617,-0.2102701400714502
600213,2018-04-20,9.58,9.53,9.68,9.03,9.09,5982348,55660344.0,0.0,,,-0.051148225469728616,9.52,9.912999999999958,9.958499999999988,10.028666666666636,9.772220115399852,9.836748276581826,-0.06452816118197369,0.07102002193080219,-0.2710963662255518
600213,2018-04-23,9.09,9.12,9.37,9.05,9.23,3876828,35789615.0,0.0,,,0.015401540154015462,9.388,9.836999999999957,9.886499999999987,10.047333333333306,9.688801636107568,9.791803959797987,-0.1030023236904185,0.03621555280655804,-0.27843575299395307
600213,2018-04-24,9.23,9.38,9.47,9.11,9.38,3763136,35107356.0,0.0,,,0.01625135427952333,9.384,9.727999999999957,9.875499999999988,10.063333333333306,9.64129369209102,9.761299962775913,-0.12000627068489322,0.004971188108267778,-0.249954917586322
600213,2018-04-25,9.38,9.3,9.39,9.24,9.34,2906043,27142891.0,0.0,,,-0.0042643923240939146,9.324000000000002,9.597999999999956,9.844999999999988,10.07199999999997,9.594940816384709,9.730092558125845,-0.13515174174113653,-0.023053397861613093,-0.2241966877590469
600213,2018-04-26,9.34,9.36,9.4,8.96,9.0,4100301,37367379.0,0.0,,,-0.036402569593147735,9.208000000000002,9.483999999999957,9.786499999999991,10.03899999999997,9.50341146001783,9.676011627894301,-0.17260016787647103,-0.0529627518645847,-0.23927483202377267
600213,2018-04-27,9.0,9.0,9.36,8.81,9.07,3331000,30185031.0,0.0,,,0.00777777777777781,9.204000000000002,9.361999999999957,9.72849999999999,10.026999999999967,9.436732773861241,9.631121877679908,-0.1943891038186667,-0.08124802225540112,-0.22628216312653116
600213,2018-05-02,9.07,8.9,9.14,8.89,9.03,2461800,22086735.0,0.0,,,-0.0044101433296583155,9.164,9.275999999999957,9.669999999999991,9.982333333333305,9.374158500959512,9.586594331185099,-0.2124358302255871,-0.10748558384943833,-0.20990049275229752
600213,2018-05-03,9.03,9.0,9.21,8.85,9.11,3113758,28076109.0,0.0,,,0.008859357696567005,9.11,9.246999999999957,9.61299999999999,9.905666666666637,9.333518731581126,9.551291047393608,-0.21777231581248202,-0.12954293024204708,-0.17645877114086989
600213,2018-05-04,9.11,9.04,9.21,8.98,9.12,3158670,28787440.0,0.0,,,0.0010976948408342247,9.066,9.194999999999958,9.569999999999991,9.831999999999967,9.30066969595326,9.519343562401488,-0.21867386644822773,-0.1473691174832832,-0.14260949792988903
600213,2018-05-07,9.12,9.13,9.34,9.06,9.31,3920000,36233723.0,0.0,,,0.020833333333333474,9.128,9.167999999999957,9.562999999999992,9.772333333333302,9.302105127345067,9.503836631853229,-0.20173150450816202,-0.15824159488825898,-0.08697981923980608
600213,2018-05-08,9.31,9.32,9.46,9.27,9.41,4425013,41489822.0,0.0,,,0.010741138560687395,9.196,9.199999999999957,9.556499999999991,9.705666666666637,9.318704338522748,9.49688577023447,-0.17818143171172274,-0.16222956225295174,-0.031903738917542
600213,2018-05-09,9.41,9.41,9.7,9.32,9.45,5540672,52500871.0,0.0,,,0.0042507970244419924,9.279999999999998,9.221999999999957,9.529499999999992,9.664999999999967,9.338903671057711,9.493412750217102,-0.15450907915939105,-0.1606854656342396,0.01235277294969711
600213,2018-05-10,9.45,9.41,9.54,9.31,9.46,4388471,41445917.0,0.0,,,0.0010582010582012237,9.349999999999998,9.229999999999958,9.478999999999992,9.6603333333333,9.35753387551037,9.490937731682502,-0.1334038561721318,-0.15522914374181807,0.04365057513937254
600213,2018-05-11,9.46,9.44,10.18,9.42,9.72,10569744,103336822.0,0.0,,,0.027484143763213502,9.47,9.267999999999956,9.432999999999991,9.652666666666637,9.41329789466262,9.507905307113429,-0.09460741245080939,-0.14310479748361635,0.09699477006561391
600213,2018-05-14,9.72,9.59,9.98,9.42,9.89,8500933,82300882.0,0.0,,,0.017489711934156372,9.586,9.356999999999957,9.420499999999992,9.6433333333333,9.486636680099139,9.53620861769762,-0.049571937598480886,-0.12439822550658926,0.14965257581621674
600213,2018-05-15,9.89,9.9,10.2,9.73,10.09,11472621,115051164.0,0.0,,,0.020222446916076768,9.722000000000001,9.458999999999957,9.410499999999994,9.638666666666634,9.579461806237733,9.57723020157187,0.0022316046658623634,-0.09907225947209894,0.2026077282759226
600213,2018-05-16,10.09,9.94,9.98,9.71,9.74,6419556,63168752.0,0.0,,,-0.034687809712586684,9.78,9.529999999999957,9.402999999999997,9.623333333333301,9.604159989893466,9.589287223677658,0.014872766215807687,-0.07628325433451762,0.1823120411006506
600213,2018-05-17,9.74,9.72,9.95,9.62,9.94,5195751,51002627.0,0.0,,,0.020533880903490686,9.876,9.612999999999957,9.429999999999994,9.612999999999966,9.65582768375601,9.615265947849682,0.04056173590632817,-0.05291425628634846,0.18695198438535326
600213,2018-05-18,9.94,9.95,9.95,9.72,9.82,4528232,44585759.0,0.0,,,-0.012072434607645795,9.896,9.682999999999957,9.438999999999991,9.607666666666633,9.681084963178163,9.63043143319415,0.050653529984012735,-0.032200699032276216,0.1657084580325779
600213,2018-05-21,9.82,9.83,10.45,9.83,10.06,8501865,85989692.0,0.0,,,0.024439918533604908,9.93,9.757999999999956,9.462999999999992,9.627999999999963,9.739379584227677,9.66225132703162,0.07712825719605654,-0.010334907786609658,0.1749263299653324
600213,2018-05-22,10.06,10.03,10.15,9.8,9.97,7093302,70299967.0,0.0,,,-0.008946322067594421,9.906,9.813999999999957,9.50699999999999,9.642333333333301,9.774859648192649,9.68504752502928,0.0898121231633695,0.009694498403386181,0.16023524951996665
600213,2018-05-23,9.97,10.13,10.51,9.94,9.96,12954304,132704516.0,0.0,,,-0.0010030090270812225,9.95,9.864999999999958,9.543499999999991,9.641333333333296,9.803342779239934,9.70541437502711,0.09792840421282456,0.027341279565273865,0.1411742492951014
600213,2018-05-24,9.96,9.8,9.85,9.43,9.45,9680902,93215451.0,0.0,,,-0.051204819277108585,9.852,9.863999999999956,9.546999999999992,9.607333333333298,9.74898235166456,9.686494791691766,0.062487559972794315,0.03437053564677796,0.056234048652032714
600213,2018-05-25,9.45,9.36,9.58,9.3,9.32,4540000,42886902.0,0.0,,,-0.013756613756613651,9.752,9.823999999999957,9.545999999999992,9.563333333333297,9.682985066793089,9.659347029344229,0.02363803744886006,0.03222403600719438,-0.01717199711666864
600213,2018-05-28,9.32,9.35,9.43,9.1,9.21,3374440,31220879.0,0.0,,,-0.011802575107296076,9.582,9.755999999999958,9.556499999999991,9.532333333333296,9.610218133440306,9.626062064207618,-0.015843930767312386,0.022610442652293027,-0.07690874683921083
600213,2018-05-29,9.21,9.36,9.39,9.16,9.24,2866949,26547130.0,0.0,,,0.0032573289902279434,9.436000000000002,9.670999999999957,9.564999999999994,9.497333333333296,9.553261497526412,9.597464874266311,-0.04420337673989927,0.009247678773854564,-0.10690211102750767
600213,2018-05-30,9.24,9.0,9.6,8.92,9.02,4400800,40345014.0,0.0,,,-0.02380952380952388,9.248,9.598999999999958,9.564499999999994,9.468333333333296,9.471221267137732,9.554689698394732,-0.08346843125699976,-0.009295543232316308,-0.1483457760493669
600213,2018-05-31,9.02,9.14,9.16,9.02,9.12,2582700,23485156.0,0.0,,,0.011086474501108608,9.182,9.516999999999957,9.564999999999994,9.458999999999962,9.41718722603962,9.522490461476602,-0.10530323543698294,-0.028497081673249647,-0.1536123075274666
600213,2018-06-01,9.12,9.1,9.35,9.01,9.16,2354300,21526683.0,0.0,,,0.004385964912280803,9.15,9.450999999999958,9.566999999999997,9.442999999999962,9.377619960495062,9.49563931618204,-0.11801935568697708,-0.04640153647599514,-0.14323563842196388
600213,2018-06-04,9.16,9.15,9.25,9.1,9.21,2048700,18829134.0,0.0,,,0.0054585152838428725,9.15,9.365999999999957,9.561999999999994,9.430666666666633,9.351832274265053,9.474480848316702,-0.12264857405164875,-0.061650943991125876,-0.12199526012104575
600213,2018-06-05,9.21,9.2,9.3,9.11,9.29,2878051,26484967.0,0.0,,,0.00868621064060785,9.159999999999998,9.297999999999957,9.555999999999994,9.437333333333301,9.342319616685813,9.460815600293241,-0.11849598360742775,-0.07301995191438626,-0.09095206338608297
600213,2018-06-06,9.29,9.27,9.5,9.17,9.38,3247801,30289171.0,0.0,,,0.009687836383207929,9.232000000000001,9.239999999999958,9.552499999999997,9.442333333333297,9.34811659873415,9.45482925953078,-0.10671266079662978,-0.07975849369083497,-0.05390833421158961
600213,2018-06-07,9.38,9.34,9.46,9.2,9.26,2740566,25618697.0,0.0,,,-0.012793176972281555,9.26,9.220999999999957,9.542499999999992,9.4383333333333,9.334560198928894,9.4403974625285,-0.10583726359960544,-0.08497424767258907,-0.04172603185403273
600213,2018-06-08,9.26,9.21,9.34,8.97,9.01,3280793,29776561.0,0.0,,,-0.026997840172786176,9.23,9.189999999999957,9.506999999999994,9.4273333333333,9.284627860632142,9.408516169007871,-0.1238883083757294,-0.09275705981321715,-0.06226249712502449
600213,2018-06-11,9.01,8.88,9.02,8.88,8.91,1607101,14381498.0,0.0,,,-0.011098779134295193,9.169999999999998,9.159999999999954,9.457999999999991,9.4243333333333,9.226992805150275,9.37158904537766,-0.1445962402273846,-0.10312489589605066,-0.08294268866266788
600213,2018-06-12,8.91,8.86,9.42,8.8,9.32,4869167,44634655.0,0.0,,,0.04601571268237936,9.175999999999998,9.167999999999953,9.419499999999992,9.432666666666632,9.241301604357925,9.367767634608944,-0.12646603025101832,-0.1077931227670442,-0.037345814967948254
600213,2018-06-13,9.32,9.22,9.67,9.16,9.48,9651902,91146460.0,0.0,,,0.01716738197424894,9.195999999999996,9.213999999999954,9.40649999999999,9.447666666666636,9.278024434456706,9.37608114315643,-0.09805670869972438,-0.10584583995358025,0.015578262507711743
600213,2018-06-14,9.48,8.96,9.18,8.84,9.07,6621317,59751668.0,0.0,,,-0.04324894514767934,9.157999999999998,9.208999999999957,9.36299999999999,9.4463333333333,9.24602067530952,9.353408465885584,-0.10738779057606429,-0.10615423007807706,-0.002467120995974459
600213,2018-06-15,9.07,8.94,9.09,8.58,8.61,4012448,35412722.0,0.0,,,-0.05071664829106955,9.077999999999998,9.153999999999957,9.302499999999991,9.4293333333333,9.148171340646517,9.298341172116281,-0.15016983146976415,-0.11495735035641448,-0.07042496222669933
600213,2018-06-19,8.61,8.51,8.51,7.75,7.78,4778700,38171652.0,0.0,,,-0.09639953542392556,8.851999999999997,9.010999999999957,9.188499999999992,9.3783333333333,8.937683442085515,9.185871455663223,-0.2481880135777086,-0.14160348300067332,-0.21316906115407053
600213,2018-06-20,7.78,7.56,7.98,7.53,7.86,2531810,19797432.0,0.0,,,0.010282776349614406,8.559999999999999,8.867999999999958,9.082999999999991,9.326666666666632,8.771885989456974,9.087658755243725,-0.3157727657867504,-0.17643733955788876,-0.2786708524577233
600213,2018-06-21,7.86,7.83,7.94,7.5,7.57,2346902,18190132.0,0.0,,,-0.036895674300254463,8.177999999999997,8.686999999999955,8.963499999999991,9.263999999999967,8.58698045261744,8.975239588188634,-0.38825913557119485,-0.21880169876055,-0.3389148736212897
600213,2018-06-22,7.57,7.5,7.83,7.45,7.74,2164149,16601857.0,0.0,,,0.022457067371202104,7.911999999999997,8.534999999999954,8.877999999999991,9.206666666666633,8.456675767599371,8.88374035943392,-0.42706459183454903,-0.2604542773753498,-0.33322062891839843
600213,2018-06-25,7.74,7.75,7.85,7.7,7.8,1847700,14361507.0,0.0,,,0.007751937984496074,7.749999999999997,8.413999999999954,8.801999999999994,9.142666666666633,8.355648726430237,8.803463295772149,-0.44781456934191155,-0.2979263357686622,-0.29977646714649875
600213,2018-06-26,7.8,7.8,8.38,7.78,8.17,4713401,38402947.0,0.0,,,0.04743589743589745,7.827999999999998,8.339999999999954,8.749999999999991,9.0853333333333,8.327087383902509,8.756540088677916,-0.4294527047754073,-0.32423160957001124,-0.21044219041079215
600213,2018-06-27,8.17,8.14,8.6,8.09,8.18,4476350,37273787.0,0.0,,,0.0012239902080783092,7.891999999999998,8.225999999999953,8.696999999999992,9.021666666666636,8.304458555609814,8.713833415442513,-0.40937485983269895,-0.3412602596225488,-0.1362292004203003
600213,2018-06-28,8.18,8.08,8.36,7.94,7.97,3099459,25129500.0,0.0,,,-0.02567237163814181,7.971999999999998,8.074999999999953,8.644499999999992,8.962666666666637,8.253003393208305,8.658734643928254,-0.4057312507199491,-0.35415445784202887,-0.10315358575584044
600213,2018-06-29,7.97,7.94,8.77,7.9,8.57,7546250,63826746.0,0.0,,,0.07528230865746556,8.137999999999996,8.024999999999954,8.616999999999992,8.91699999999997,8.301772101945488,8.652161707340975,-0.35038960539548647,-0.3534014873527204,0.006023763914467906
600213,2018-07-02,8.57,8.57,8.9,8.39,8.59,6511249,55913365.0,0.0,,,0.002333722287047792,8.295999999999998,8.022999999999955,8.588499999999991,8.875999999999971,8.346114855492337,8.647557136426828,-0.30144228093449144,-0.34300964606907464,0.0831347302691664
600213,2018-07-03,8.59,8.49,8.49,8.12,8.35,5190651,43086975.0,0.0,,,-0.02793946449359723,8.331999999999997,8.079999999999954,8.545499999999992,8.818999999999969,8.346712570031977,8.625515867061877,-0.27880329702989926,-0.33016837626123957,0.10273015846268063
600213,2018-07-04,8.35,8.39,8.47,8.13,8.2,2643501,21763197.0,0.0,,,-0.01796407185628747,8.335999999999997,8.113999999999955,8.49099999999999,8.759999999999968,8.324141405411673,8.593996173205442,-0.2698547677937686,-0.3181056545677454,0.09650177354795364
600213,2018-07-05,8.2,8.12,8.28,7.9,7.9,2525700,20454425.0,0.0,,,-0.03658536585365841,8.321999999999997,8.146999999999954,8.416999999999991,8.6913333333333,8.258888881502184,8.542589049264299,-0.28370016776211493,-0.31122455720661935,0.05504877888900883
600213,2018-07-06,7.9,7.88,8.0,7.49,7.87,2839300,22178462.0,0.0,,,-0.003797468354430411,8.181999999999997,8.159999999999956,8.347499999999991,8.638666666666635,8.19905982280954,8.492767638207685,-0.29370781539814494,-0.3077212088449245,0.028026786893559086
600213,2018-07-09,7.87,7.87,8.14,7.82,8.07,2536000,20320719.0,0.0,,,0.025412960609911082,8.077999999999998,8.186999999999957,8.300499999999992,8.59699999999997,8.179204465454227,8.461451516858968,-0.2822470514047417,-0.30262637735688797,0.04075865190429251
600213,2018-07-10,8.07,8.12,8.17,8.04,8.16,2233902,18094382.0,0.0,,,0.011152416356877306,8.039999999999996,8.185999999999956,8.262999999999991,8.561999999999971,8.176249932307423,8.439121774869415,-0.26287184256199225,-0.2946754703979088,0.06360725567183312
600213,2018-07-11,8.16,8.01,8.1,7.65,7.87,2588511,20404006.0,0.0,,,-0.035539215686274515,7.973999999999995,8.154999999999955,8.190499999999991,8.516333333333304,8.12913455810628,8.39696460636057,-0.26783004825428947,-0.28930638596918495,0.042952675429790976
600213,2018-07-12,7.87,7.86,8.15,7.84,8.08,2379051,19138349.0,0.0,,,0.026683608640406604,8.009999999999994,8.165999999999956,8.120499999999995,8.484999999999971,8.121575395320697,8.373485746630157,-0.25191035130946027,-0.28182717903724,0.05983365545555952
600213,2018-07-13,8.08,8.08,8.23,8.02,8.04,1869800,15129476.0,0.0,,,-0.004950495049505065,8.043999999999995,8.112999999999957,8.068999999999994,8.448999999999968,8.109025334502128,8.348783098731628,-0.23975776422950013,-0.27341329607569204,0.06731106369238382
600213,2018-07-16,8.04,8.04,8.07,7.91,7.98,1585809,12639985.0,0.0,,,-0.00746268656716402,8.025999999999994,8.051999999999957,8.037499999999994,8.409666666666636,8.089175283040262,8.321465832158916,-0.23229054911865354,-0.2651887466842843,0.06579639513126156
600213,2018-07-17,7.98,7.97,8.08,7.93,8.07,1416751,11341809.0,0.0,,,0.011278195488721788,8.007999999999996,8.023999999999957,8.051999999999994,8.371666666666636,8.086225239495606,8.30283873348048,-0.21661349398487317,-0.2554736961444021,0.0777204043190578
600213,2018-07-18,8.07,8.05,8.4,8.04,8.1,4436401,36453802.0,0.0,,,0.0037174721189590283,8.053999999999998,8.013999999999957,8.063999999999991,8.33199999999997,8.088344433419358,8.287813642111555,-0.19946920869219653,-0.24427279865396095,0.08960717992352885
600213,2018-07-19,8.1,8.05,8.11,7.83,7.85,2682401,21308047.0,0.0,,,-0.0308641975308642,8.007999999999997,8.008999999999956,8.077999999999992,8.28099999999997,8.05167605904715,8.255383001955144,-0.20370694290799385,-0.23615962750476757,0.06490536919354745
600213,2018-07-20,7.85,7.85,7.94,7.8,7.86,2071552,16299312.0,0.0,,,0.0012738853503185574,7.971999999999998,8.007999999999956,8.083999999999993,8.234333333333304,8.022187434578358,8.226095372180689,-0.20390793760233095,-0.22970928952428027,0.051602703843898645
600213,2018-07-23,7.86,7.84,7.99,7.82,7.97,1498854,11832193.0,0.0,,,0.013994910941475754,7.969999999999996,7.997999999999957,8.092499999999992,8.199666666666637,8.014158598489379,8.207125344611748,-0.19296674612236941,-0.2223607808438981,0.05878806944305737
600213,2018-07-24,7.97,8.0,8.2,7.88,8.14,3031353,24566421.0,0.0,,,0.02132998745294866,7.983999999999996,7.995999999999957,8.090999999999992,8.173999999999971,8.033518814106397,8.20215309686273,-0.16863428275633296,-0.21161548122638507,0.08596239694010421
600213,2018-07-25,8.14,8.18,8.57,8.08,8.35,6184106,51449176.0,0.0,,,0.025798525798525682,8.033999999999995,8.043999999999956,8.099499999999992,8.141666666666639,8.082208227320798,8.213104719317343,-0.13089649199654474,-0.195471683380417,0.12915038276774454
600213,2018-07-26,8.35,8.24,8.31,8.15,8.22,3183265,26141269.0,0.0,,,-0.015568862275448984,8.107999999999995,8.057999999999955,8.111999999999991,8.09966666666664,8.103406961579136,8.213615480849391,-0.11020851927025532,-0.1784190505583847,0.13642106257625874
600213,2018-07-27,8.22,8.21,8.39,8.17,8.21,2916801,24106793.0,0.0,,,-0.001216545012165424,8.177999999999995,8.074999999999957,8.093999999999992,8.070999999999973,8.119805890566962,8.21334766745314,-0.0935417768861786,-0.1614435958239435,0.1358036378755298
600213,2018-07-30,8.21,8.21,8.22,7.92,8.03,2597866,20884170.0,0.0,,,-0.02192448233861163,8.189999999999996,8.079999999999957,8.065999999999992,8.05166666666664,8.105989599710506,8.199766358752909,-0.09377675904240235,-0.14791022846763527,0.10826693885046584
600213,2018-07-31,8.03,8.06,8.08,7.93,8.05,1428500,11457720.0,0.0,,,0.0024906600249067685,8.171999999999997,8.077999999999957,8.050999999999991,8.06066666666664,8.09737581513966,8.188672554400842,-0.09129673926118187,-0.1365875306263446,0.09058158273032546
600213,2018-08-01,8.05,8.24,8.45,7.97,7.98,3044767,24940833.0,0.0,,,-0.008695652173913078,8.097999999999997,8.065999999999956,8.039999999999994,8.064666666666637,8.079317997425868,8.173215328148927,-0.09389733072305972,-0.12804949064568763,0.06830431984525581
600213,2018-08-02,7.98,7.83,7.83,7.47,7.62,3125049,23907034.0,0.0,,,-0.045112781954887264,7.977999999999998,8.04299999999996,8.025999999999991,8.066333333333306,8.008653690129579,8.132236414952711,-0.12358272482313204,-0.12715613748117652,0.007146825316088956
600213,2018-08-03,7.62,7.55,7.68,7.55,7.61,1052500,8024950.0,0.0,,,-0.0013123359580052216,7.857999999999998,8.01799999999996,8.012999999999995,8.061999999999973,7.947322353186566,8.093552236067325,-0.14622988288075867,-0.13097088656109296,-0.030517992639331415
600213,2018-08-06,7.61,7.61,7.64,7.44,7.48,1079500,8142154.0,0.0,,,-0.01708278580814716,7.747999999999997,7.9689999999999594,7.983499999999994,8.051333333333305,7.875426606542479,8.048103922284561,-0.17267731574208156,-0.13931217239729068,-0.06673028668958175
600213,2018-08-07,7.48,7.51,7.68,7.45,7.66,1550601,11754312.0,0.0,,,0.024064171122994613,7.669999999999996,7.920999999999959,7.958499999999994,8.034333333333304,7.84228405168979,8.019355483596815,-0.17707143190702546,-0.14686402429923764,-0.060414815215575624
600213,2018-08-08,7.66,7.65,7.7,7.58,7.59,1249400,9547941.0,0.0,,,-0.009138381201044423,7.591999999999996,7.844999999999961,7.9444999999999935,8.014666666666638,7.80347112066059,7.9875513737007555,-0.1840802530401655,-0.15430727004742323,-0.05954596598548456
600213,2018-08-09,7.59,7.65,7.77,7.53,7.72,1574510,12130894.0,0.0,,,0.017127799736495374,7.6119999999999965,7.794999999999961,7.926499999999992,8.006333333333306,7.79062940978973,7.967732753426625,-0.17710334363689473,-0.15886648476531753,-0.03647371774315439
600213,2018-08-10,7.72,7.71,7.82,7.68,7.76,1348338,10429438.0,0.0,,,0.005181347150259072,7.641999999999997,7.749999999999959,7.912499999999992,7.979333333333304,7.785917192899002,7.95234514206169,-0.16642794916268766,-0.16037877764479158,-0.012098343035792158
600213,2018-08-13,7.76,7.65,7.88,7.54,7.86,2498400,19404847.0,0.0,,,0.0128865979381444,7.7179999999999955,7.73299999999996,7.906499999999994,7.9549999999999725,7.797314547837617,7.945504761168231,-0.1481902133306141,-0.1579410647819561,0.019501702902683993
600213,2018-08-14,7.86,7.76,7.85,7.72,7.78,1499600,11657751.0,0.0,,,-0.010178117048346064,7.7419999999999956,7.7059999999999595,7.891999999999994,7.935999999999972,7.794650771247214,7.933245149229844,-0.13859437798262952,-0.1540717274220908,0.03095469887892255
600213,2018-08-15,7.78,7.81,7.88,7.6,7.61,1564400,12093993.0,0.0,,,-0.02185089974293058,7.745999999999995,7.66899999999996,7.867499999999995,7.9163333333333075,7.766242960286104,7.909301064101707,-0.14305810381560313,-0.1518690027007933,0.01762179777038031
600213,2018-08-16,7.61,7.55,7.6,7.4,7.5,1361801,10211646.0,0.0,,,-0.014454664914586112,7.7019999999999955,7.656999999999959,7.849999999999996,7.902999999999973,7.725282504857472,7.87898246676084,-0.1536999619033681,-0.15223519454130827,-0.0029295347241196645
600213,2018-08-17,7.5,7.53,7.6,7.1,7.19,1591342,11672270.0,0.0,,,-0.041333333333333284,7.5879999999999965,7.614999999999959,7.816499999999995,7.880333333333306,7.642931350264014,7.827946728482259,-0.1850153782182451,-0.15879123127669564,-0.052448293883098906
600213,2018-08-20,7.19,7.24,7.24,7.01,7.15,1361600,9682785.0,0.0,,,-0.005563282336578586,7.445999999999995,7.58199999999996,7.7754999999999965,7.849666666666639,7.5670957579157045,7.777728452298388,-0.21063269438268328,-0.16915952389789318,-0.0829463409695802
600213,2018-08-21,7.15,7.12,7.29,7.12,7.24,1154800,8323673.0,0.0,,,0.012587412587412571,7.3379999999999965,7.539999999999959,7.730499999999995,7.818999999999972,7.516773333620981,7.737896715091099,-0.22112338147011812,-0.1795522954123382,-0.08314217211555985
600213,2018-08-22,7.24,7.23,7.23,7.05,7.05,994032,7084802.0,0.0,,,-0.026243093922651988,7.2259999999999955,7.48599999999996,7.665499999999996,7.79166666666664,7.4449620515254455,7.6869414028621295,-0.2419793513366839,-0.19203770659720737,-0.09988328947895309
600213,2018-08-23,7.05,7.16,7.28,7.11,7.14,1135042,8120797.0,0.0,,,0.012765957446808493,7.1539999999999955,7.427999999999959,7.611499999999995,7.760333333333306,7.398044812829223,7.646427224872341,-0.24838241204311817,-0.20330664768638956,-0.09015152871345722
600213,2018-08-24,7.14,7.16,7.16,7.03,7.05,1197733,8478537.0,0.0,,,-0.012605042016806704,7.125999999999995,7.3569999999999585,7.553499999999995,7.727333333333306,7.344499457009341,7.6022474304373535,-0.25774797342801214,-0.21419491283471412,-0.08710612118659605
600213,2018-08-27,7.05,7.09,7.18,7.06,7.18,1123401,8024654.0,0.0,,,0.01843971631205673,7.131999999999995,7.288999999999957,7.510999999999997,7.70066666666664,7.319191848238674,7.57096984299755,-0.25177799475887586,-0.22171152921954648,-0.06013293107865875
600213,2018-08-28,7.18,7.18,7.23,7.13,7.22,1322742,9496199.0,0.0,,,0.005571030640668529,7.127999999999996,7.232999999999957,7.469499999999996,7.672333333333308,7.303931563894262,7.544972076849583,-0.2410405129553208,-0.22557732596670135,-0.030926373977238908
600213,2018-08-29,7.22,7.22,7.22,7.13,7.15,943200,6759089.0,0.0,,,-0.009695290858725678,7.147999999999994,7.186999999999957,7.4279999999999955,7.640666666666641,7.2802497848336065,7.515714885971836,-0.23546510113822983,-0.22755488100100707,-0.015820440274445513
600213,2018-08-30,7.15,7.2,7.21,7.11,7.15,1062601,7605504.0,0.0,,,0.0,7.149999999999994,7.1519999999999575,7.404499999999996,7.617333333333307,7.260211356397667,7.4886248944183675,-0.22841353802070063,-0.22772661240494577,-0.0013738512315097373
600213,2018-08-31,7.15,7.11,7.18,7.05,7.07,760500,5395741.0,0.0,,,-0.011188811188811196,7.1539999999999955,7.139999999999957,7.377499999999995,7.5909999999999735,7.230948070798026,7.457615642979971,-0.22666757218194533,-0.22751480436034568,0.0016944643568007067
600213,2018-09-03,7.07,7.1,7.1,6.93,7.0,1161450,8137964.0,0.0,,,-0.009900990099009941,7.117999999999995,7.124999999999957,7.353499999999995,7.5586666666666416,7.195417598367561,7.423718187944418,-0.2283005895768575,-0.22767196140364807,-0.001257256346418878
600213,2018-09-04,7.0,7.01,7.12,7.0,7.09,1058000,7470829.0,0.0,,,0.012857142857142836,7.091999999999996,7.1099999999999595,7.324999999999997,7.523666666666641,7.179199506311012,7.398998322170758,-0.21979881585974592,-0.22609733229486764,0.012597032870243441
600213,2018-09-05,7.09,7.09,7.13,6.96,6.99,1251500,8818999.0,0.0,,,-0.014104372355430134,7.059999999999998,7.1039999999999575,7.294999999999996,7.478333333333309,7.150091889955473,7.368702150158109,-0.2186102602026363,-0.2245999178764214,0.011979315347570185
600213,2018-09-06,6.99,7.03,7.04,6.87,6.87,936697,6526555.0,0.0,,,-0.01716738197424894,7.003999999999996,7.076999999999957,7.252499999999997,7.433333333333309,7.107000829962323,7.331761250146397,-0.22476042018407405,-0.22463201833795193,-0.00025680369224423405
600213,2018-09-07,6.87,6.91,7.1,6.9,7.0,1564200,10961827.0,0.0,,,0.01892285298398834,6.9899999999999975,7.071999999999957,7.2144999999999975,7.392999999999975,7.090539163814273,7.307186342728145,-0.2166471789138722,-0.223035050453136,0.012775743078527635
600213,2018-09-10,7.0,7.02,7.03,6.73,6.76,1420800,9755771.0,0.0,,,-0.03428571428571432,6.941999999999997,7.029999999999959,7.159499999999997,7.350666666666641,7.039686984765923,7.266654021044579,-0.22696703627865666,-0.22382144761824016,-0.006291177320833008
600213,2018-09-11,6.76,6.72,6.8,6.63,6.75,896400,6025238.0,0.0,,,-0.0014792899408283707,6.873999999999995,6.98299999999996,7.107999999999995,7.3073333333333075,6.995119756340396,7.228383352819056,-0.23326359647865935,-0.225709877390324,-0.015107438176670707
600213,2018-09-12,6.75,6.75,6.84,6.7,6.76,636900,4312382.0,0.0,,,0.00148148148148145,6.827999999999994,6.943999999999957,7.065499999999996,7.266666666666641,6.958947486134181,7.193688289647274,-0.2347408035130929,-0.22751606261487778,-0.014449481796430241
600213,2018-09-13,6.76,6.81,6.86,6.73,6.81,703437,4773167.0,0.0,,,0.0073964497041419846,6.815999999999995,6.9099999999999575,7.030999999999994,7.239666666666642,6.936032488267384,7.165266934858588,-0.22923444659120396,-0.227859739410143,-0.0027494143621218936
600213,2018-09-14,6.81,7.04,7.37,6.98,6.98,4981587,35736934.0,0.0,,,0.02496328928047002,6.811999999999995,6.90099999999996,7.020499999999994,7.21866666666664,6.942796720841631,7.151543458202396,-0.208746737360765,-0.22403713900026742,0.030580803279004865
600213,2018-09-17,6.98,6.8,6.8,6.35,6.64,2483490,16405835.0,0.0,,,-0.04871060171919781,6.787999999999995,6.864999999999959,6.994999999999991,7.19066666666664,6.896212609942919,7.1136513501874035,-0.21743874024448484,-0.2227174592491109,0.01055743800925213
600213,2018-09-18,6.64,6.48,6.69,6.46,6.68,2144669,14136378.0,0.0,,,0.006024096385542174,6.7739999999999965,6.823999999999957,6.966999999999992,7.157999999999974,6.862949131490161,7.0815290279513,-0.2185798964611383,-0.22188994669151638,0.006620100460756173
600213,2018-09-19,6.68,6.66,6.79,6.53,6.73,1928300,12907024.0,0.0,,,0.007485029940119867,6.767999999999996,6.797999999999959,6.950999999999992,7.1293333333333075,6.842495418953213,7.055489840695649,-0.21299442174243577,-0.22011084170170025,0.014232839918528972
600213,2018-09-20,6.73,6.74,6.76,6.68,6.71,1011649,6785927.0,0.0,,,-0.0029717682020803057,6.747999999999997,6.781999999999957,6.929499999999992,7.0956666666666415,6.822111508345027,7.029898000644119,-0.20778649229909174,-0.21764597182117854,0.01971895904417359
600213,2018-09-21,6.71,6.72,6.95,6.68,6.86,3077282,21087080.0,0.0,,,0.02235469448584208,6.723999999999995,6.767999999999957,6.919999999999992,7.065666666666641,6.827940507061177,7.017312963559369,-0.1893724564981918,-0.2119912687565812,0.04523762451677882
600213,2018-09-25,6.86,6.74,6.91,6.7,6.87,1928461,13123575.0,0.0,,,0.0014577259475218346,6.769999999999994,6.778999999999957,6.904499999999992,7.032666666666641,6.834411198282535,7.006400892184601,-0.17198969390206642,-0.20399095378567828,0.06400251976722371
600213,2018-09-26,6.87,6.84,6.92,6.82,6.85,1384400,9506701.0,0.0,,,-0.0029112081513828912,6.803999999999995,6.788999999999957,6.885999999999991,7.00166666666664,6.836809475469837,6.994815640911667,-0.15800616544182944,-0.19479399611690854,0.0735756613501582
600213,2018-09-27,6.85,6.87,6.95,6.72,6.72,1351200,9203671.0,0.0,,,-0.01897810218978101,6.801999999999995,6.7849999999999575,6.8644999999999925,6.971999999999974,6.818838786936015,6.974458926770062,-0.15562013983404643,-0.18695922486033614,0.06267817005257942
600213,2018-09-28,6.72,6.7,6.82,6.7,6.76,969509,6560178.0,0.0,,,0.005952380952380958,6.811999999999995,6.779999999999957,6.844999999999992,6.947333333333306,6.809786665868937,6.958573080342651,-0.14878641447371432,-0.1793246627830118,0.06107649661859493
600213,2018-10-08,6.76,6.71,6.72,6.4,6.4,1544605,10107349.0,0.0,,,-0.0532544378698224,6.719999999999994,6.721999999999957,6.811499999999992,6.920999999999974,6.746742563427562,6.917197296613566,-0.17045473318600468,-0.1775506768636104,0.01419188735521143
600213,2018-10-09,6.4,6.36,6.53,6.36,6.46,826010,5345502.0,0.0,,,0.00937499999999994,6.637999999999996,6.703999999999956,6.7844999999999915,6.897999999999972,6.702628322900245,6.883330830197746,-0.18070250729750104,-0.17818104295038853,-0.005042928694225013
600213,2018-10-10,6.46,6.46,6.53,6.44,6.5,878269,5706804.0,0.0,,,0.0061919504643962895,6.567999999999995,6.685999999999956,6.754999999999992,6.873333333333306,6.671454734761745,6.854935953886802,-0.18348121912505633,-0.17924107818532212,-0.008480281879468421
600213,2018-10-11,6.5,6.36,6.36,5.85,5.88,2288129,13847834.0,0.0,,,-0.0953846153846154,6.399999999999997,6.600999999999955,6.699499999999992,6.834333333333307,6.549692467875324,6.782718475821113,-0.23302600794578954,-0.18999806413741563,-0.08605588761674782
600213,2018-10-12,5.88,5.83,5.98,5.48,5.84,1810430,10399161.0,0.0,,,-0.00680272108843538,6.215999999999997,6.513999999999956,6.647999999999992,6.790999999999973,6.4405090112791195,6.712887477612141,-0.27237846633302176,-0.2064741445765369,-0.13180864351296973
600213,2018-10-15,5.84,5.85,5.94,5.65,5.75,932172,5451604.0,0.0,,,-0.015410958904109566,6.085999999999997,6.402999999999956,6.585499999999992,6.74766666666664,6.334276855697716,6.641562479270501,-0.30728562357278477,-0.2266364403757865,-0.16129836639399653
600213,2018-10-16,5.75,5.68,6.08,5.5,5.78,2560149,14759874.0,0.0,,,0.005217391304347869,5.949999999999997,6.293999999999956,6.536499999999991,6.700999999999973,6.249003493282683,6.577743036361575,-0.32873954307889175,-0.2470570609164076,-0.16336496432496828
600213,2018-10-17,5.78,5.81,5.88,5.56,5.7,1828542,10506303.0,0.0,,,-0.013840830449827002,5.7899999999999965,6.178999999999956,6.483999999999992,6.650333333333307,6.164541417393041,6.512725033668125,-0.348183616275084,-0.2672823719881429,-0.16180248857388213
600213,2018-10-18,5.7,5.73,5.73,5.38,5.42,1511711,8311062.0,0.0,,,-0.0491228070175439,5.697999999999998,6.048999999999955,6.416999999999992,6.592666666666639,6.049996583947958,6.431782438581598,-0.3817858546336401,-0.29018306851724235,-0.18320557223279554
600213,2018-10-19,5.42,5.3,5.55,5.25,5.51,1478500,8053668.0,0.0,,,0.01660516605166049,5.631999999999998,5.923999999999956,6.351999999999991,6.537999999999971,5.966920186417502,6.363502257945925,-0.39658207152842273,-0.31146286911947846,-0.17023840481788854
600213,2018-10-22,5.51,5.67,5.89,5.63,5.81,2790627,16091645.0,0.0,,,0.05444646098003627,5.6439999999999975,5.864999999999956,6.293499999999992,6.495999999999971,5.942778619276348,6.322502090690671,-0.37972347141432294,-0.32511498957844737,-0.10921696367175115
600213,2018-10-23,5.81,5.81,6.22,5.74,5.77,3559758,21076833.0,0.0,,,-0.0068846815834767705,5.641999999999997,5.795999999999956,6.249999999999992,6.4549999999999725,5.916197293233834,6.281576009898769,-0.36537871666493515,-0.333167734995745,-0.06442196333838035
600213,2018-10-24,5.77,5.75,5.95,5.63,5.84,2223800,12987983.0,0.0,,,0.012131715771230551,5.669999999999996,5.729999999999956,6.2079999999999895,6.413333333333305,5.904474632736322,6.248866675832194,-0.3443920430958727,-0.33541259661577055,-0.017958892960204254
600213,2018-10-25,5.84,5.66,6.06,5.61,5.95,4096985,24262474.0,0.0,,,0.01883561643835622,5.775999999999996,5.736999999999956,6.168999999999988,6.378666666666637,5.9114785353922725,6.226728403548329,-0.31524986815605605,-0.33138005092382766,0.032260365535543234
600213,2018-10-26,5.95,5.93,6.1,5.87,5.98,2770768,16532948.0,0.0,,,0.005042016806722731,5.869999999999997,5.750999999999955,6.1324999999999905,6.348999999999972,5.922020299178076,6.208452225507712,-0.28643192632963643,-0.32239042600498946,0.07191699935070606
600213,2018-10-29,5.98,5.98,5.98,5.8,5.82,2096110,12310542.0,0.0,,,-0.026755852842809385,5.871999999999997,5.757999999999955,6.08049999999999,6.309666666666637,5.906324868535296,6.179677986581216,-0.2733531180459199,-0.31258296441317557,0.07845969273451137
600213,2018-10-30,5.82,5.87,6.1,5.8,6.04,3092935,18424447.0,0.0,,,0.037800687285223324,5.9259999999999975,5.7839999999999545,6.038999999999991,6.285666666666637,5.92689027337602,6.169331469056682,-0.24244119568066225,-0.29855461066667294,0.11222682997202138
600213,2018-10-31,6.04,6.0,6.08,5.95,6.04,3027832,18234123.0,0.0,,,0.0,5.965999999999998,5.817999999999953,5.998499999999992,6.26199999999997,5.944291769779709,6.159751360237668,-0.21545959045795904,-0.28193560662493017,0.13295203233394226
600213,2018-11-01,6.04,6.03,6.11,6.0,6.01,2305711,13968708.0,0.0,,,-0.004966887417218584,5.978,5.8769999999999545,5.962999999999992,6.23699999999997,5.954400728275138,6.14865866688673,-0.19425793861159235,-0.2644000730222626,0.14028426882134049
600213,2018-11-02,6.01,6.07,6.15,6.05,6.14,2653485,16194080.0,0.0,,,0.021630615640598986,6.009999999999999,5.939999999999953,5.9319999999999915,6.214666666666637,5.9829544623866555,6.148017284154379,-0.1650628217677239,-0.24453262277135485,0.15893960200726187
600213,2018-11-05,6.14,6.14,6.27,6.08,6.25,3518651,21806867.0,0.0,,,0.017915309446254125,6.095999999999999,5.983999999999955,5.92449999999999,6.190333333333303,6.024038391250247,6.155571559402203,-0.1315331681519556,-0.22193273184747503,0.18079912739103887
600213,2018-11-06,6.25,6.4,6.5,6.15,6.28,4315568,27096451.0,0.0,,,0.0048000000000000395,6.144,6.034999999999956,5.915499999999992,6.178333333333304,6.06341710028867,6.164788480927966,-0.10137138063929552,-0.19782046160583913,0.19289816193308723
600213,2018-11-07,6.28,6.26,6.28,6.15,6.18,3224342,20042557.0,0.0,,,-0.015923566878980975,6.172000000000001,6.068999999999955,5.899499999999992,6.161666666666638,6.081352931013489,6.165915260118486,-0.08456232910499661,-0.17516883510567063,0.18121301200134804
600213,2018-11-08,6.18,6.24,6.44,6.2,6.26,3948863,24954311.0,0.0,,,0.012944983818770241,6.222,6.0999999999999535,5.918499999999992,6.1459999999999715,6.1088370954729525,6.172884500109709,-0.06404740463675651,-0.1529445490118878,0.1777942887502626
600213,2018-11-09,6.26,6.28,6.4,6.17,6.32,2809166,17645855.0,0.0,,,0.009584664536741292,6.257999999999999,6.133999999999952,5.942499999999992,6.13299999999997,6.1413236961694215,6.183781944546026,-0.0424582483766045,-0.13084728888483116,0.17677808101645331
600213,2018-11-12,6.32,6.32,6.95,6.32,6.95,5668423,37583879.0,0.0,,,0.09968354430379743,6.3980000000000015,6.246999999999954,6.002499999999992,6.135999999999969,6.2657354352202805,6.2405388375426165,0.025196597677664023,-0.09963851157233211,0.24967021849999227
600213,2018-11-13,6.95,7.12,7.56,7.02,7.06,12658322,90888803.0,0.0,,,0.01582733812949632,6.553999999999999,6.348999999999952,6.066499999999992,6.142333333333303,6.38792998364793,6.3012396643913124,0.08669031925661752,-0.06237274540654218,0.29812612932631943
600213,2018-11-14,7.06,6.83,7.25,6.8,7.06,8176322,56686875.0,0.0,,,0.0,6.730000000000001,6.4509999999999525,6.13449999999999,6.149333333333303,6.491325370779018,6.35744413369566,0.13388123708335797,-0.023121948908562142,0.31400637198384024
600213,2018-11-15,7.06,6.94,7.07,6.87,6.97,5331301,37092899.0,0.0,,,-0.01274787535410763,6.8720000000000026,6.546999999999953,6.211999999999992,6.157666666666636,6.564967621428399,6.4028186423107964,0.1621489791176023,0.013932236696670755,0.29643348484186305
600213,2018-11-16,6.97,6.94,7.06,6.88,6.98,4649952,32444363.0,0.0,,,0.0014347202295553335,7.004,6.630999999999952,6.285499999999992,6.164999999999969,6.62881875659326,6.445572816954441,0.18324593963881863,0.04779497728510034,0.27090192470743657
600213,2018-11-19,6.98,6.97,7.16,6.84,7.07,4914852,34467042.0,0.0,,,0.012893982808022902,7.0280000000000005,6.712999999999951,6.348499999999992,6.187333333333303,6.696692794040451,6.4918266823652235,0.20486611167522728,0.07920920416312574,0.2513138150242031
600213,2018-11-20,7.07,6.98,7.07,6.7,6.75,4057002,28015986.0,0.0,,,-0.0452616690240453,6.965999999999998,6.759999999999951,6.397499999999992,6.196999999999969,6.704893902649612,6.510950631819651,0.1939432708299611,0.10215601749649282,0.18357450666693656
600213,2018-11-21,6.75,6.67,6.89,6.54,6.83,3321924,22348324.0,0.0,,,0.011851851851851862,6.919999999999999,6.824999999999951,6.446999999999992,6.207999999999969,6.724140994549672,6.534583918351529,0.18955707619814355,0.11963622923682297,0.13984169392264115
600213,2018-11-22,6.83,6.85,7.15,6.78,6.97,5127902,35669064.0,0.0,,,0.020497803806734945,6.919999999999999,6.895999999999951,6.497999999999991,6.244333333333302,6.761965456926645,6.5668369614366,0.19512849549004496,0.1347346824874674,0.12078762600515514
600213,2018-11-23,6.97,6.91,6.92,6.47,6.47,4579333,30391013.0,0.0,,,-0.07173601147776182,6.817999999999998,6.91099999999995,6.522499999999992,6.265333333333302,6.717047694322546,6.559663853182037,0.15738384114050952,0.1392645142180758,0.03623865384486741
600213,2018-11-26,6.47,6.42,6.67,6.35,6.53,2388491,15633510.0,0.0,,,0.00927357032457504,6.709999999999997,6.86899999999995,6.557999999999992,6.291333333333303,6.688271125965231,6.557466530724109,0.13080459524112253,0.13757253042268516,-0.013535870363125257
600213,2018-11-27,6.53,6.55,6.67,6.48,6.58,2281511,15023228.0,0.0,,,0.00765696784073504,6.6759999999999975,6.82099999999995,6.584999999999994,6.317999999999969,6.671614029662888,6.559135676596397,0.11247835306649101,0.13255369495144634,-0.040150683769910656
600213,2018-11-28,6.58,6.58,6.64,6.34,6.63,3029274,19720391.0,0.0,,,0.007598784194528849,6.6359999999999975,6.777999999999949,6.614499999999994,6.34899999999997,6.665211871253213,6.564384885737405,0.10082698551580815,0.1262083530643187,-0.05076273509702112
600213,2018-11-29,6.63,6.62,6.72,6.33,6.34,2768831,18163511.0,0.0,,,-0.04374057315233786,6.51,6.714999999999948,6.630999999999995,6.379666666666638,6.615179275675795,6.54776378309019,0.06741549258560475,0.11444978096857591,-0.09406857676594232
600213,2018-11-30,6.34,6.41,6.61,6.24,6.42,2860062,18377805.0,0.0,,,0.012618296529968466,6.5,6.658999999999949,6.644999999999994,6.40999999999997,6.585151694802596,6.538299799157584,0.04685189564501169,0.10093020390386308,-0.10815661651770278
600213,2018-12-03,6.42,6.55,6.77,6.48,6.68,3972745,26297448.0,0.0,,,0.040498442367601216,6.5299999999999985,6.61999999999995,6.666499999999996,6.43899999999997,6.5997437417560425,6.5487961103310965,0.05094763142494596,0.09093368940807967,-0.07997211596626741
600213,2018-12-04,6.68,6.68,6.86,6.61,6.84,4569887,31055139.0,0.0,,,0.023952095808383256,6.581999999999999,6.628999999999951,6.694499999999995,6.4746666666666375,6.636706243024343,6.57036676882509,0.06633947419925335,0.08601484636631442,-0.03935074433412214
600213,2018-12-05,6.84,6.67,6.85,6.58,6.72,2980612,19955797.0,0.0,,,-0.017543859649122823,6.599999999999999,6.6179999999999515,6.7214999999999945,6.50399999999997,6.6495206671744445,6.581450711875084,0.06806995529936088,0.08242586815292371,-0.02871182570712566
600213,2018-12-06,6.72,6.62,6.75,6.53,6.54,2127822,14081420.0,0.0,,,-0.026785714285714246,6.639999999999998,6.574999999999951,6.735499999999996,6.523666666666638,6.632671333762992,6.578380288773226,0.05429104498976578,0.07679890352029213,-0.0450157170610527
600213,2018-12-07,6.54,6.58,6.65,6.48,6.54,1411101,9245841.0,0.0,,,0.0,6.663999999999998,6.581999999999952,6.746499999999995,6.5423333333333025,6.618414205491762,6.575537304419654,0.042876901072108176,0.07001450303065535,-0.05427520391709434
600213,2018-12-10,6.54,6.5,6.7,6.43,6.51,2320972,15216449.0,0.0,,,-0.004587155963302791,6.629999999999997,6.579999999999952,6.7244999999999955,6.565333333333303,6.601735096954568,6.570682689277458,0.031052407677109706,0.06222208395994622,-0.06233935256567302
600213,2018-12-11,6.51,6.54,6.58,6.41,6.49,2066800,13382498.0,0.0,,,-0.003072196620583652,6.559999999999998,6.570999999999953,6.695999999999995,6.580333333333304,6.58454508203848,6.564706193775423,0.01983888826305691,0.05374544482056835,-0.06781311311502289
600213,2018-12-12,6.49,6.47,6.58,6.47,6.49,2090700,13677510.0,0.0,,,0.0,6.513999999999998,6.556999999999952,6.667499999999995,6.595333333333304,6.5699996848017905,6.55917240164391,0.010827283157880174,0.045161812488030716,-0.06866905866030108
600213,2018-12-13,6.49,6.57,6.62,6.48,6.56,2552300,16753655.0,0.0,,,0.010785824345146286,6.517999999999998,6.578999999999953,6.646999999999997,6.613666666666638,6.568461271755361,6.559233705225843,0.009227566529518505,0.037974963296328275,-0.05749479353361954
600213,2018-12-14,6.56,6.66,7.05,6.47,6.49,5345554,35802004.0,0.0,,,-0.010670731707316982,6.507999999999997,6.585999999999952,6.622499999999998,6.625333333333305,6.556390306869922,6.55410528261652,0.002285024253401602,0.03083697548774294,-0.057103902468682674
600213,2018-12-17,6.49,6.29,6.31,6.13,6.28,3874914,24120107.0,0.0,,,-0.03235747303543913,6.461999999999999,6.545999999999952,6.5829999999999975,6.6263333333333065,6.5138687211976265,6.53380118760789,-0.01993246641026314,0.020683087108141724,-0.08123110703680972
600213,2018-12-18,6.28,6.19,6.33,6.03,6.21,2989189,18485359.0,0.0,,,-0.011146496815286669,6.405999999999999,6.482999999999953,6.555999999999997,6.623999999999973,6.467119687167223,6.509815914451749,-0.04269622728452571,0.008007224229608234,-0.1014069030282679
600213,2018-12-19,6.21,6.26,6.26,6.06,6.09,1535975,9456423.0,0.0,,,-0.01932367149758456,6.325999999999998,6.419999999999952,6.5189999999999975,6.620999999999973,6.409101273756882,6.478718439307175,-0.06961716555029351,-0.007517653726372121,-0.12419902364784279
600213,2018-12-20,6.09,6.12,6.19,6.07,6.15,1458502,8954823.0,0.0,,,0.009852216748768556,6.243999999999998,6.380999999999952,6.477999999999998,6.617333333333306,6.369239539332746,6.454368925284422,-0.08512938595167618,-0.02304000017143294,-0.12417877156048648
600213,2018-12-21,6.15,6.13,6.18,6.03,6.11,1204602,7366666.0,0.0,,,-0.006504065040650412,6.1679999999999975,6.337999999999952,6.459999999999997,6.6103333333333065,6.329356533281554,6.428860116004094,-0.0995035827225399,-0.03833271668165433,-0.12234173208177113
600213,2018-12-24,6.11,6.09,6.19,6.09,6.16,898202,5524527.0,0.0,,,0.008183306055646452,6.1439999999999975,6.302999999999954,6.441499999999998,6.583999999999974,6.303301682007469,6.408944551855642,-0.10564286984817262,-0.051794747314958,-0.10769624506642923
600213,2018-12-25,6.16,6.09,6.14,5.82,6.06,1842800,10994389.0,0.0,,,-0.01623376623376632,6.113999999999997,6.259999999999954,6.415499999999998,6.5506666666666415,6.265870654006321,6.383096807273742,-0.11722615326742147,-0.0648810285054507,-0.10469024952394154
600213,2018-12-26,6.06,6.08,6.13,6.04,6.08,1248201,7608448.0,0.0,,,0.003300330033003377,6.1119999999999965,6.218999999999952,6.387999999999997,6.517999999999974,6.2372751687745795,6.360645191920131,-0.12337002314555168,-0.0765788274334709,-0.09358239142416155
600213,2018-12-27,6.08,6.18,6.18,5.95,5.95,1384201,8438335.0,0.0,,,-0.021381578947368404,6.071999999999997,6.157999999999952,6.368499999999997,6.483999999999973,6.193078988963106,6.330227029555677,-0.1371480405925709,-0.08869267006529091,-0.09691074105455999
600213,2018-12-28,5.95,5.95,6.25,5.93,6.0,1407400,8511560.0,0.0,,,0.008403361344537784,6.049999999999998,6.108999999999952,6.3474999999999975,6.451333333333308,6.1633745291226285,6.305765768107109,-0.14239123898448014,-0.09943238384912877,-0.08591771027070275
600213,2019-01-02,6.0,6.0,6.14,5.95,6.05,1724244,10444167.0,0.0,,,0.008333333333333305,6.027999999999998,6.085999999999952,6.315999999999997,6.417333333333308,6.145932293872993,6.28682015565473,-0.14088786178173685,-0.10772347943565039,-0.06632876469217291
600213,2019-01-03,6.05,6.06,6.12,5.98,6.04,1076400,6524199.0,0.0,,,-0.001652892561983436,6.023999999999997,6.068999999999954,6.275999999999996,6.3936666666666415,6.129635017892532,6.268537181161787,-0.13890216326925486,-0.1139592162023713,-0.04988589413376712
600213,2019-01-04,6.04,5.99,6.2,5.91,6.17,2451775,14993459.0,0.0,,,0.021523178807947,6.041999999999998,6.076999999999952,6.248499999999996,6.37166666666664,6.135845015139835,6.261238130705358,-0.12539311556552324,-0.1162459960750017,-0.01829423898104307
600213,2019-01-07,6.17,6.18,6.38,6.16,6.35,2843377,17769119.0,0.0,,,0.02917341977309558,6.121999999999997,6.0969999999999525,6.238999999999995,6.3509999999999724,6.168791935887553,6.267813083986443,-0.09902114809889007,-0.11280102647977938,0.02755975676177863
600213,2019-01-08,6.35,6.34,6.55,6.26,6.4,3987610,25520768.0,0.0,,,0.007874015748031609,6.201999999999997,6.125999999999952,6.231999999999994,6.348666666666642,6.204362407289468,6.277604707394855,-0.07324230010538724,-0.10488928120490097,0.06329396219902747
600213,2019-01-09,6.4,6.64,6.97,6.39,6.41,7849000,51850841.0,0.0,,,0.0015624999999999667,6.273999999999997,6.150999999999953,6.226999999999995,6.34466666666664,6.235998960014165,6.287411766106347,-0.05141280609218146,-0.09419398618235707,0.08556236018035121
600213,2019-01-10,6.41,6.4,6.88,6.31,6.75,9721577,64505240.0,0.0,,,0.05304212168486737,6.415999999999999,6.219999999999953,6.239999999999997,6.350333333333308,6.31507604308891,6.32167756120958,-0.0066015181206706686,-0.0766754925700198,0.14014794889869825
600213,2019-01-11,6.75,6.69,7.2,6.63,6.9,12130654,82639319.0,0.0,,,0.022222222222222275,6.561999999999998,6.3019999999999525,6.260499999999995,6.359333333333307,6.405064344152154,6.364516260379242,0.04054808377291241,-0.05323077730143335,0.18755772214869154
600213,2019-01-14,6.9,6.83,6.98,6.58,6.67,7292418,49175913.0,0.0,,,-0.033333333333333395,6.625999999999998,6.373999999999953,6.2659999999999965,6.370333333333306,6.445823675821054,6.387144685536335,0.05867899028471868,-0.03084882378420294,0.17905562813784323
600213,2019-01-15,6.67,6.58,6.72,6.43,6.61,4962188,32621349.0,0.0,,,-0.008995502248875504,6.6679999999999975,6.4349999999999525,6.271999999999998,6.37666666666664,6.471081571848584,6.403652486607718,0.06742908524086655,-0.011193241979189037,0.15724465444011118
600213,2019-01-16,6.61,6.59,6.8,6.52,6.72,6148741,40948319.0,0.0,,,0.016641452344931834,6.729999999999999,6.501999999999953,6.293999999999998,6.3779999999999735,6.5093767146411095,6.427085635747887,0.08229107889322229,0.007503622195293234,0.1495749133958581
600213,2019-01-17,6.72,6.63,6.85,6.55,6.67,5059010,33718795.0,0.0,,,-0.007440476190476164,6.713999999999999,6.564999999999952,6.3169999999999975,6.372333333333306,6.5340879893117085,6.445079292359155,0.0890086969525532,0.023804637146745234,0.13040811961161594
600213,2019-01-18,6.67,6.67,6.71,6.47,6.48,3899200,25545806.0,0.0,,,-0.028485757121439206,6.63,6.595999999999952,6.3364999999999965,6.364333333333306,6.525766760186831,6.447666011443663,0.07810074874316797,0.03466385946602979,0.08687377855427636
600213,2019-01-21,6.48,6.52,6.57,6.44,6.5,2425000,15789029.0,0.0,,,0.0030864197530863537,6.595999999999999,6.610999999999953,6.3539999999999965,6.362999999999973,6.52180264323501,6.451542603188576,0.07026004004643394,0.04178309558211062,0.056953888928646626
600213,2019-01-22,6.5,6.5,6.6,6.39,6.42,2626000,17017976.0,0.0,,,-0.012307692307692318,6.558,6.6129999999999525,6.369499999999997,6.3589999999999725,6.506140698121932,6.449206114063497,0.05693458405843543,0.04481339327737559,0.02424238156211969
600213,2019-01-23,6.42,6.44,6.7,6.38,6.64,5298809,34896454.0,0.0,,,0.03426791277258563,6.542000000000001,6.635999999999952,6.393499999999997,6.363333333333307,6.526734436872404,6.463338994503238,0.06339544236916606,0.04852980309573369,0.029731278546864734
600213,2019-01-24,6.64,6.59,6.69,6.49,6.61,3698957,24354365.0,0.0,,,-0.00451807228915653,6.5299999999999985,6.621999999999952,6.420999999999998,6.367333333333306,6.539544523507419,6.474202772688184,0.06534175081923532,0.05189219264043403,0.026899116357602587
600213,2019-01-25,6.61,6.68,6.79,6.57,6.57,3568076,23831629.0,0.0,,,-0.006051437216338886,6.547999999999999,6.5889999999999525,6.4454999999999965,6.369999999999973,6.544229981429355,6.481298863600171,0.06293111782918448,0.05409997767818413,0.017662280302000705
600213,2019-01-28,6.57,6.6,6.63,6.39,6.4,2853475,18437711.0,0.0,,,-0.02587519025875189,6.527999999999999,6.561999999999952,6.467999999999996,6.364666666666639,6.522040753517147,6.475276725555713,0.04676402796143364,0.052632787734834034,-0.011737519546800787
600213,2019-01-29,6.4,6.33,6.46,5.76,6.13,2503988,15413354.0,0.0,,,-0.04218750000000007,6.469999999999999,6.513999999999952,6.474499999999996,6.352666666666639,6.461726791437586,6.449700671810845,0.01202611962674105,0.044511454113215436,-0.06497066897294877
600213,2019-01-30,6.13,6.1,6.18,5.85,5.87,2229100,13367688.0,0.0,,,-0.042414355628058696,6.315999999999997,6.428999999999953,6.465499999999996,6.338999999999973,6.370691900447188,6.406759881306339,-0.036067980859151305,0.028395567118742086,-0.12892709595578677
600213,2019-01-31,5.87,5.87,5.99,5.78,5.85,1502300,8846371.0,0.0,,,-0.003407155025553741,6.163999999999999,6.3469999999999525,6.455999999999997,6.326999999999972,6.290585454224543,6.365518408616981,-0.07493295439243752,0.007729862816506158,-0.16532563441788736
600213,2019-02-01,5.85,5.85,6.03,5.85,6.03,1586300,9443635.0,0.0,,,0.030769230769230875,6.055999999999999,6.3019999999999525,6.448999999999996,6.324999999999973,6.250495384343845,6.340665193163871,-0.09016980882002645,-0.011850071510800371,-0.15663947461845218
600213,2019-02-11,6.03,6.04,6.25,6.03,6.24,1578361,9749742.0,0.0,,,0.03482587064676616,6.023999999999999,6.275999999999953,6.443499999999998,6.327999999999973,6.2488807098294075,6.33320851218877,-0.0843278023593621,-0.02634561768051272,-0.11596436935769877
600213,2019-02-12,6.24,6.21,6.34,6.16,6.26,2025100,12657979.0,0.0,,,0.0032051282051281365,6.049999999999999,6.259999999999953,6.436499999999998,6.332999999999972,6.250591369855653,6.3277856594340465,-0.0771942895783937,-0.03651535206008892,-0.08135787503660954
600213,2019-02-13,6.26,6.24,6.48,6.21,6.38,2880500,18274701.0,0.0,,,0.019169329073482445,6.151999999999999,6.233999999999952,6.434999999999998,6.340333333333304,6.270500389877861,6.331653388364858,-0.06115299848699696,-0.041442881345470535,-0.039420234283052843
600213,2019-02-14,6.38,6.47,6.57,6.4,6.45,3014701,19504965.0,0.0,,,0.010971786833855844,6.271999999999999,6.217999999999952,6.419999999999996,6.353333333333304,6.298115714512036,6.340419804041535,-0.042304089529499045,-0.041615122982276244,-0.001377933094445602
600213,2019-02-15,6.45,6.42,6.55,6.35,6.42,2380993,15317599.0,0.0,,,-0.004651162790697713,6.349999999999999,6.202999999999952,6.395999999999996,6.364666666666636,6.316867143048647,6.346314633371793,-0.029447490323145864,-0.03918159645045017,0.01946821225460861
600213,2019-02-18,6.42,6.42,6.62,6.42,6.59,2988400,19577383.0,0.0,,,0.026479750778816192,6.419999999999997,6.2219999999999525,6.391999999999995,6.38599999999997,6.358887582579625,6.364365401270179,-0.005477818690554415,-0.03244084089847102,0.05392604441583321
600213,2019-02-19,6.59,6.61,6.69,6.49,6.58,3105075,20514746.0,0.0,,,-0.001517450682852775,6.483999999999997,6.266999999999952,6.390499999999995,6.405333333333304,6.392904877567374,6.380338334509425,0.012566543057949353,-0.02343936410718694,0.0720118143302726
600213,2019-02-20,6.58,6.58,6.63,6.5,6.59,2343600,15404797.0,0.0,,,0.0015197568389057428,6.525999999999998,6.3389999999999525,6.383999999999995,6.423333333333304,6.423227204095471,6.395868828249467,0.027358375846003646,-0.013279816116548823,0.08127638392510494
600213,2019-02-21,6.59,6.59,6.95,6.54,6.61,6119376,41175204.0,0.0,,,0.0030349013657056854,6.557999999999998,6.414999999999954,6.380999999999995,6.4423333333333055,6.4519614803884755,6.411730396527284,0.04023108386119123,-0.0025776361210008087,0.08561743996438408
600213,2019-02-22,6.61,6.61,6.73,6.47,6.7,3506800,23207892.0,0.0,,,0.01361573373676246,6.613999999999997,6.481999999999953,6.391999999999995,6.4599999999999715,6.490121252636403,6.433083700488226,0.057037552148176296,0.009345401532834616,0.09538430123068337
600213,2019-02-25,6.7,6.72,7.07,6.7,6.95,7791890,53761174.0,0.0,,,0.037313432835820885,6.685999999999997,6.552999999999955,6.414499999999995,6.479999999999971,6.5608718291538795,6.471373796748358,0.08949803240552168,0.025375927707372035,0.12824420939629927
600213,2019-02-26,6.95,6.98,7.28,6.85,7.09,8376617,59353048.0,0.0,,,0.020143884892086284,6.7879999999999985,6.635999999999955,6.447999999999997,6.502999999999972,6.642276163130204,6.517197959952183,0.12507820317802132,0.0453163828015019,0.15952364075303882
600213,2019-02-27,7.09,7.09,7.23,6.86,6.98,6512690,45919725.0,0.0,,,-0.015514809590973122,6.8660000000000005,6.695999999999954,6.464999999999996,6.521999999999972,6.694233676494789,6.551479592548318,0.14275408394647116,0.06480392303049576,0.1559003218319508
600213,2019-02-28,6.98,7.02,7.57,6.97,7.51,14550917,106431281.0,0.0,,,0.07593123209169045,7.0459999999999985,6.801999999999954,6.509999999999995,6.547333333333302,6.819736187803283,6.622481104211406,0.1972550835918767,0.09129415514277196,0.2119218568982095
600213,2019-03-01,7.51,7.45,8.26,7.39,8.15,18769811,148593248.0,0.0,,,0.08521970705725708,7.3359999999999985,6.974999999999956,6.588999999999997,6.58899999999997,7.02439215891047,6.735630652047599,0.2887615068628717,0.13078762548679196,0.3159477627521595
600213,2019-03-04,8.15,8.1,8.36,7.85,8.21,20389540,165175908.0,0.0,,,0.00736196319018411,7.587999999999997,7.136999999999954,6.679499999999996,6.640333333333304,7.2067933652319365,6.844843196340368,0.3619501688915685,0.17702013416774728,0.36986006944764244
600213,2019-03-05,8.21,7.94,8.1,7.88,8.1,14901817,118786692.0,0.0,,,-0.01339829476248492,7.789999999999997,7.2889999999999535,6.777999999999996,6.68999999999997,7.3442097705808695,6.937817774389229,0.40639199619164046,0.22289450657252594,0.36699497923822905
600213,2019-03-06,8.1,8.1,8.36,7.79,8.08,15139482,122633822.0,0.0,,,-0.002469135802469084,8.009999999999996,7.4379999999999535,6.888499999999996,6.735333333333304,7.457408267414581,7.022423865175212,0.43498440223936896,0.26531248570589455,0.3393438330669488
600213,2019-03-07,8.08,7.88,8.02,7.8,7.92,11661000,92253647.0,0.0,,,-0.01980198019801982,8.091999999999997,7.568999999999955,6.991999999999996,6.776999999999972,7.528576226273876,7.088910986273344,0.4396652400005321,0.3001830365648221,0.27896440687142
600213,2019-03-08,7.92,7.8,7.82,7.22,7.23,8849413,66936642.0,0.0,,,-0.08712121212121206,7.907999999999998,7.621999999999955,7.051999999999995,6.80199999999997,7.482641422231741,7.099362024327171,0.38327939790457055,0.31680230883277183,0.13295417814359745
600213,2019-03-11,7.23,7.27,7.58,7.25,7.57,5935781,44124544.0,0.0,,,0.0470262793914246,7.779999999999998,7.683999999999952,7.118499999999996,6.837666666666638,7.496081203426859,7.134224096599232,0.3618571068276264,0.32581326843174274,0.07208767679176731
600213,2019-03-12,7.57,7.66,7.74,7.52,7.62,5997379,45796014.0,0.0,,,0.006605019815059421,7.683999999999997,7.736999999999954,7.186499999999995,6.877666666666638,7.51514563366888,7.170207496851142,0.34493813681773844,0.32963824210894194,0.030599789417593004
600213,2019-03-13,7.62,7.69,7.79,7.49,7.58,6189603,47292856.0,0.0,,,-0.0052493438320210025,7.583999999999996,7.796999999999953,7.246499999999997,6.908999999999972,7.525123228489052,7.200562497084391,0.32456073140466124,0.32862273996808583,-0.008124017126849181
600213,2019-03-14,7.58,7.57,7.64,7.3,7.36,5576085,41534970.0,0.0,,,-0.02902374670184693,7.471999999999997,7.781999999999952,7.291999999999998,6.933999999999973,7.499719654875352,7.212372682485547,0.28734697238980456,0.3203675864524296,-0.06604122812525004
600213,2019-03-15,7.36,7.42,7.71,7.42,7.67,6617959,50287190.0,0.0,,,0.04211956521739125,7.559999999999998,7.733999999999952,7.354499999999998,6.970666666666639,7.525916631048375,7.246271002301432,0.2796456287469429,0.31222319491133227,-0.06515513232877879
600213,2019-03-18,7.67,7.67,7.95,7.53,7.88,6676875,51990449.0,0.0,,,0.02737940026075619,7.621999999999997,7.700999999999951,7.418999999999998,7.019999999999971,7.580390995502471,7.293213891019844,0.2871771044826268,0.3072139768255912,-0.040073744685928836
600213,2019-03-19,7.88,7.8,7.87,7.71,7.82,4864301,37825852.0,0.0,,,-0.007614213197969494,7.661999999999997,7.67299999999995,7.480999999999996,7.076333333333305,7.617253919271322,7.332235084277634,0.2850188349936884,0.30277494845921066,-0.0355122269310445
600213,2019-03-20,7.82,7.8,8.14,7.72,8.14,11441584,91188731.0,0.0,,,0.04092071611253202,7.773999999999997,7.6789999999999505,7.558499999999998,7.151999999999973,7.697676393229581,7.39206952247929,0.3056068707502906,0.30334133291742665,0.004531075665727857
600213,2019-03-21,8.14,8.24,8.25,8.0,8.07,9409401,76279485.0,0.0,,,-0.008599508599508634,7.915999999999999,7.69399999999995,7.6314999999999955,7.2259999999999724,7.754956948117338,7.442286594888232,0.3126703532291062,0.3052071369797626,0.014926432498687192
600213,2019-03-22,8.07,8.08,8.35,7.89,8.28,10270114,84228005.0,0.0,,,0.02602230483271364,8.037999999999998,7.79899999999995,7.710499999999996,7.300999999999973,7.8357328022531325,7.504339439711326,0.3313933625418066,0.3104443820921714,0.04189796089927045
600213,2019-03-25,8.28,8.0,8.95,7.95,8.65,14370410,122566965.0,0.0,,,0.044685990338164366,8.191999999999998,7.906999999999951,7.795499999999998,7.3813333333333055,7.961004678829573,7.589203184917895,0.37180149391167827,0.3227158044560728,0.09817137891121097
600213,2019-03-26,8.65,8.66,9.2,8.51,8.78,12924000,114203121.0,0.0,,,0.015028901734103931,8.383999999999997,8.02299999999995,7.879999999999997,7.465333333333305,8.087003959009639,7.677410356405459,0.40959360260418,0.34009136408569424,0.1390044770369715
600213,2019-03-27,8.78,8.75,8.75,7.9,8.06,23608123,189505981.0,0.0,,,-0.08200455580865591,8.367999999999999,8.070999999999952,7.933999999999997,7.521333333333305,8.082849503777387,7.7057503300050545,0.3770991737723328,0.347492926023022,0.05921249549862162
600213,2019-03-28,8.06,7.8,7.83,7.46,7.5,10268964,78362613.0,0.0,,,-0.06947890818858568,8.253999999999998,8.084999999999951,7.933499999999998,7.556333333333305,7.993180349350097,7.690509564819496,0.30267078453060137,0.3385284977245379,-0.0717154263878731
600213,2019-03-29,7.5,7.5,7.67,7.34,7.63,6868294,51655619.0,0.0,,,0.01733333333333332,8.123999999999999,8.08099999999995,7.907499999999998,7.596666666666639,7.937306449450082,7.686027374832866,0.25127907461721577,0.3210786131030735,-0.13959907697171547
600213,2019-04-01,7.63,7.72,7.95,7.65,7.93,7876786,61774835.0,0.0,,,0.039318479685452136,7.979999999999999,8.08599999999995,7.893499999999998,7.641333333333306,7.936182380303915,7.704099421141542,0.23208295916237276,0.3032794823149334,-0.14239304630512128
600213,2019-04-02,7.93,7.97,8.09,7.94,8.03,7505057,60149158.0,0.0,,,0.012610340479192891,7.829999999999997,8.106999999999951,7.889999999999998,7.689666666666639,7.950615860257159,7.728240204760687,0.22237565549647176,0.28709871695124106,-0.1294461229095386
600213,2019-04-03,8.03,8.03,8.22,7.93,8.17,6726446,54474520.0,0.0,,,0.017434620174346275,7.8519999999999985,8.109999999999951,7.894499999999996,7.742333333333305,7.984367266371442,7.760963152556192,0.22340411381525005,0.2743597963240429,-0.10191136501758569
600213,2019-04-04,8.17,8.17,8.36,8.07,8.16,5729891,46905987.0,0.0,,,-0.0012239902080783092,7.983999999999997,8.118999999999952,7.906499999999998,7.793999999999971,8.011387686929682,7.790521437552029,0.22086624937765276,0.26366108693476487,-0.08558967511422422
600213,2019-04-08,8.16,8.29,8.29,7.95,8.06,6421356,52074150.0,0.0,,,-0.01225490196078427,8.069999999999997,8.096999999999952,7.947999999999998,7.839333333333305,8.018866504325116,7.810482812548175,0.20838369177694105,0.2526056079032001,-0.08844383225251806
600213,2019-04-09,8.06,8.05,8.3,7.81,8.2,6422584,52397570.0,0.0,,,0.01736972704714625,8.123999999999997,8.051999999999952,7.979499999999998,7.880999999999973,8.046733195967406,7.839335937544607,0.207397258422799,0.24356393800711987,-0.07233335916864175
600213,2019-04-10,8.2,8.14,8.54,8.03,8.28,9032064,75071574.0,0.0,,,0.009756097560975618,8.173999999999996,8.001999999999951,8.012499999999998,7.920666666666638,8.082620396587805,7.87197771994871,0.21064267663909497,0.2369796857335149,-0.05267401818883988
600213,2019-04-11,8.28,8.19,9.03,8.19,8.81,19483131,168949511.0,0.0,,,0.06400966183574894,8.301999999999996,8.076999999999952,8.073999999999996,7.981666666666639,8.194524950958913,7.9414608518043615,0.2530640991545514,0.24019656841772222,0.025735061473658394
600213,2019-04-12,8.81,8.6,8.8,8.4,8.66,14873360,127784236.0,0.0,,,-0.017026106696935342,8.401999999999997,8.192999999999952,8.138999999999996,8.019999999999973,8.266136496965235,7.994685973892927,0.2714505230723079,0.24644735934863937,0.05000632744733702
600213,2019-04-15,8.66,8.62,8.64,8.21,8.25,9534980,80114981.0,0.0,,,-0.04734411085450349,8.439999999999998,8.254999999999951,8.167999999999996,8.023333333333305,8.263653958970584,8.013598123974932,0.25005583499565276,0.24716905447804205,0.0057735610352214195
600213,2019-04-16,8.25,8.16,8.58,7.85,8.43,8871354,72294584.0,0.0,,,0.021818181818181785,8.485999999999999,8.30499999999995,8.195499999999997,8.030666666666638,8.289245657590495,8.044442707384198,0.2448029502062976,0.24669583362369316,-0.0037857668347910933
600213,2019-04-17,8.43,8.35,9.27,8.32,9.27,25258346,226082183.0,0.0,,,0.099644128113879,8.683999999999997,8.428999999999949,8.267999999999997,8.06966666666664,8.440130941038111,8.135224729059441,0.30490621197867007,0.2583379092946886,0.09313660536796298
600213,2019-04-18,9.27,9.3,9.3,8.76,8.9,22978468,205716928.0,0.0,,,-0.03991370010787478,8.701999999999996,8.50199999999995,8.305999999999997,8.096999999999973,8.510880027032249,8.191874749129113,0.3190052779031358,0.270471383016378,0.0970677897735156
600213,2019-04-19,8.9,9.2,9.79,9.11,9.79,22033301,208704840.0,0.0,,,0.09999999999999988,8.927999999999997,8.66499999999995,8.391999999999998,8.159333333333306,8.707667715181133,8.31025439734177,0.3974133178393622,0.29585976998097485,0.20310709571677465
600213,2019-04-22,9.79,10.0,10.77,9.92,10.77,32643277,346908386.0,0.0,,,0.10010214504596532,9.431999999999997,8.935999999999948,8.516499999999997,8.277333333333306,9.024949605153267,8.492457775316455,0.5324918298368129,0.3431861819521425,0.3786112957693407
600213,2019-04-23,10.77,11.29,11.85,10.78,11.85,35224549,408912647.0,0.0,,,0.10027855153203344,10.115999999999996,9.300999999999947,8.676499999999997,8.419999999999975,9.459572742821996,8.741164606774495,0.7184081360475005,0.4182305727712142,0.6003551265525726
600213,2019-04-24,11.85,12.08,13.04,12.08,13.04,14505884,184162268.0,0.0,,,0.10042194092827,10.869999999999996,9.776999999999948,8.889499999999996,8.600666666666642,10.010407705464766,9.059596858124534,0.9508108473402324,0.5247466276850179,0.8521284393104289
600213,2019-04-25,13.04,14.34,14.34,13.13,13.67,64024034,905390819.0,0.0,,,0.04831288343558288,11.823999999999995,10.262999999999948,9.169999999999996,8.803666666666642,10.573421904624032,9.401108201967162,1.1723137026568704,0.6542600426793884,1.036107319954964
600213,2019-04-26,13.67,12.6,15.04,12.3,13.86,62941150,842300160.0,0.0,,,0.013899049012435957,12.637999999999998,10.782999999999948,9.487999999999996,9.020333333333307,11.079049303912642,9.731396483302929,1.3476528206097136,0.7929385982654535,1.10942844468852
600213,2019-04-29,13.86,12.81,13.8,12.47,12.47,29071067,367325131.0,0.0,,,-0.1002886002886002,12.978,11.204999999999947,9.729999999999997,9.18033333333331,11.293041718695312,9.934256003058268,1.358785715637044,0.9061080217397718,0.9053553877945444
600213,2019-04-30,12.47,11.22,11.77,11.22,11.22,39441701,446426909.0,0.0,,,-0.10024057738572574,12.852,11.483999999999947,9.894499999999997,9.291666666666645,11.281804531203726,10.029496299128027,1.2523082320756984,0.9753480638069572,0.5539203365374825
600213,2019-05-06,11.22,10.4,10.65,10.1,10.1,25643212,263198895.0,0.0,,,-0.0998217468805705,12.264000000000001,11.566999999999947,9.997999999999996,9.367666666666645,11.099988449480074,10.034718795488914,1.0652696539911606,0.993332381843798,0.14387454429472513
600213,2019-05-07,10.1,10.15,11.11,9.93,11.11,42620088,455287861.0,0.0,,,0.09999999999999998,11.752,11.787999999999945,10.144999999999998,9.466666666666645,11.1015286880216,10.114369255082327,0.9871594329392739,0.9920977920628932,-0.00987671824723857
600213,2019-05-08,11.11,10.5,11.46,10.0,10.61,35669394,379262164.0,0.0,,,-0.045004500450045004,11.102,11.869999999999946,10.267499999999997,9.551333333333313,11.02590888986443,10.151082643594748,0.8748262462696825,0.9686434829042511,-0.18763447326913707
600213,2019-05-09,10.61,10.54,11.67,10.35,11.67,27506585,311254006.0,0.0,,,0.09990574929311977,10.942000000000002,11.959999999999946,10.447999999999997,9.664333333333314,11.124999829885287,10.263595040365505,0.8614047895197814,0.9471957442273572,-0.1715819094151516
600213,2019-05-10,11.67,12.26,12.84,12.02,12.84,53438097,670917899.0,0.0,,,0.10025706940874037,11.266000000000002,12.058999999999946,10.679999999999996,9.80399999999998,11.388846009902936,10.454439852190283,0.9344061577126528,0.9446378269244163,-0.0204633384235271
600213,2019-05-13,12.84,12.2,12.75,11.85,12.68,44187974,543541654.0,0.0,,,-0.012461059190031164,11.782000000000005,12.022999999999945,10.899999999999995,9.933999999999982,11.587485085302486,10.619296159435446,0.9681889258670395,0.949348046712941,0.03768175830819698
600213,2019-05-14,12.68,12.37,12.6,11.84,11.86,27754052,339933928.0,0.0,,,-0.06466876971608836,11.932000000000002,11.841999999999945,11.052499999999998,10.06066666666665,11.629410456794412,10.711200147625412,0.9182103091689999,0.9431204992041529,-0.04982038007030587
600213,2019-05-15,11.86,12.05,12.95,11.9,12.52,35548647,438643291.0,0.0,,,0.05564924114671165,12.314000000000002,11.707999999999945,11.245499999999998,10.227999999999982,11.766424232672195,10.845185321875382,0.9212389107968129,0.938744181522685,-0.035010541451744315
600213,2019-05-16,12.52,12.55,13.6,12.1,12.62,41770867,540049801.0,0.0,,,0.007987220447284317,12.504,11.722999999999946,11.464,10.394333333333316,11.897743581491858,10.97665307581054,0.9210905056813168,0.9352134463544114,-0.028245881346189217
600213,2019-05-17,12.62,12.18,12.35,11.36,11.36,30238301,357202433.0,0.0,,,-0.09984152139461172,12.208000000000002,11.736999999999947,11.610499999999998,10.508666666666649,11.81501379972388,11.005049144269021,0.8099646554548592,0.910163688174501,-0.20039806543928362
600213,2019-05-20,11.36,10.99,11.22,10.22,10.42,27250722,281677884.0,0.0,,,-0.0827464788732394,11.756000000000002,11.768999999999947,11.667999999999996,10.588333333333315,11.600396292074054,10.961712170619464,0.63868412145459,0.8558677748305189,-0.43436730675185786
600213,2019-05-21,10.42,10.5,10.88,10.26,10.63,20894583,223065229.0,0.0,,,0.02015355086372369,11.510000000000002,11.720999999999947,11.754499999999995,10.670333333333316,11.451104554831891,10.937140898721726,0.5139636561101657,0.7874869510864483,-0.5470465899525652
600213,2019-05-22,10.63,10.78,10.88,10.26,10.36,18785426,198048812.0,0.0,,,-0.025399811853245656,11.078000000000005,11.695999999999948,11.782999999999998,10.74366666666665,11.283242315626985,10.894389721038634,0.38885259458835186,0.7077600797868291,-0.6378149703969545
600213,2019-05-23,10.36,10.24,10.5,9.88,10.07,17576274,178357390.0,0.0,,,-0.027992277992277912,10.568,11.535999999999948,11.747999999999996,10.81066666666665,11.096589651684372,10.833323815776511,0.2632658359078608,0.6188612310110355,-0.7111907902063495
600213,2019-05-24,10.07,10.1,11.08,9.88,11.08,36895141,391731311.0,0.0,,,0.10029791459781527,10.512000000000002,11.359999999999948,11.709499999999995,10.906666666666649,11.094037397579084,10.851596125718993,0.24244127186009123,0.5435772391808467,-0.6022719346415109
600213,2019-05-27,11.08,10.76,11.45,10.36,11.25,34457672,377069531.0,0.0,,,0.015342960288808659,10.677999999999999,11.216999999999947,11.619999999999996,11.00566666666665,11.118031644105379,10.881107523813883,0.236924120291496,0.48224661540297653,-0.49064499022296104
600213,2019-05-28,11.25,10.95,11.36,10.86,10.89,25446302,281240024.0,0.0,,,-0.03199999999999995,10.73,11.119999999999948,11.480999999999998,11.074999999999983,11.082949852704552,10.881766225753596,0.20118362695095549,0.4260340177125723,-0.4497007815232337
600213,2019-05-29,10.89,10.6,11.23,10.5,10.77,21198901,230789996.0,0.0,,,-0.011019283746556564,10.812,10.944999999999947,11.3265,11.145333333333316,11.034803721519236,10.873487246068144,0.16131647545109118,0.3730905092602761,-0.42354806761836983
600213,2019-05-30,10.77,11.0,11.38,10.75,10.94,22686103,251345864.0,0.0,,,0.015784586815227482,10.985999999999999,10.776999999999948,11.249999999999998,11.234999999999983,11.0202185335932,10.878414116729763,0.1418044168634367,0.3268332907809082,-0.37005774783494305
600213,2019-05-31,10.94,10.53,10.73,10.31,10.53,20596005,216950728.0,0.0,,,-0.03747714808043877,10.876,10.693999999999948,11.2155,11.30499999999998,10.944800297655783,10.85260566363867,0.09219463401711359,0.2799055594281493,-0.37542185082207147
600213,2019-06-03,10.53,10.61,10.78,10.1,10.2,14185934,147521174.0,0.0,,,-0.03133903133903135,10.665999999999999,10.671999999999947,11.220499999999998,11.33599999999998,10.83021563647797,10.804264503369138,0.02595113310883157,0.22911467416428577,-0.4063270821109084
600213,2019-06-04,10.2,10.12,10.49,10.06,10.3,11341286,116271679.0,0.0,,,0.009803921568627591,10.547999999999998,10.638999999999948,11.179999999999998,11.382666666666648,10.748644000096743,10.766911577193648,-0.018267577096905185,0.17963822391204756,-0.3958116020179055
600213,2019-06-05,10.3,10.37,10.46,10.03,10.07,10073775,102511438.0,0.0,,,-0.02233009708737868,10.407999999999998,10.609999999999944,11.152999999999995,11.391999999999982,10.644237230851092,10.715288497401525,-0.07105126655043392,0.12950032581955126,-0.40110318473997036
600213,2019-06-06,10.07,10.07,10.14,9.24,9.46,14963000,144498626.0,0.0,,,-0.060575968222442836,10.111999999999998,10.548999999999944,11.0425,11.348333333333313,10.462046887643229,10.622304164260672,-0.16025727661744327,0.07154880533215234,-0.46361216389919124
600213,2019-06-10,9.46,9.92,10.28,9.77,10.05,16223777,162510951.0,0.0,,,0.06236786469344607,10.016,10.445999999999945,10.903,11.288333333333313,10.398655058775041,10.579911263204327,-0.18125620442928536,0.020987803379864785,-0.4044880156183003
600213,2019-06-11,10.05,9.95,10.75,9.95,10.49,20865084,215088229.0,0.0,,,0.04378109452736313,10.074000000000002,10.369999999999946,10.793499999999998,11.203333333333314,10.412708126655804,10.573251169633636,-0.16054304297783162,-0.015318365891674507,-0.2904493541723142
600213,2019-06-12,10.49,10.43,10.54,10.1,10.18,17065309,175058938.0,0.0,,,-0.029551954242135414,10.05,10.298999999999944,10.7095,11.08699999999998,10.376906876401064,10.544121453364479,-0.16721457696341524,-0.045697608106022664,-0.24303393771478515
600213,2019-06-13,10.18,10.39,11.2,10.05,11.2,36565535,398142803.0,0.0,,,0.10019646365422392,10.276,10.341999999999942,10.6435,10.998333333333314,10.503536587723978,10.592705049411553,-0.08916846168757431,-0.054391778822333,-0.06955336573048261
600213,2019-06-14,11.2,10.9,10.9,10.2,10.35,29070126,308542940.0,0.0,,,-0.07589285714285711,10.454,10.282999999999944,10.529999999999998,10.927666666666646,10.47991557422798,10.574726897603288,-0.09481132337530696,-0.0624756877329278,-0.06467127128475832
600213,2019-06-17,10.35,10.25,10.55,10.08,10.14,13252935,135919314.0,0.0,,,-0.02028985507246368,10.472000000000001,10.243999999999945,10.468999999999998,10.891666666666644,10.4276208705006,10.542524905188232,-0.11490403468763155,-0.07296135712386856,-0.08388535512752598
600213,2019-06-18,10.14,10.27,10.51,9.89,10.14,14670484,149580638.0,0.0,,,0.0,10.402000000000001,10.237999999999944,10.454999999999997,10.892999999999976,10.383371505808201,10.51270824554466,-0.1293367397364591,-0.08423643364638668,-0.09020061218014483
600213,2019-06-19,10.14,10.5,10.6,10.22,10.24,15040417,156161882.0,0.0,,,0.00986193293885598,10.414000000000001,10.231999999999946,10.435499999999998,10.863999999999976,10.361314351068476,10.492507634763575,-0.13119328369509908,-0.09362780365612917,-0.07513096007793982
600213,2019-06-20,10.24,10.27,10.7,10.11,10.44,16361074,170223215.0,0.0,,,0.01953124999999993,10.262,10.268999999999943,10.4395,10.858333333333311,10.37341983551948,10.488618180336642,-0.11519834481716273,-0.0979419118883359,-0.034512865857653674
600213,2019-06-21,10.44,10.53,10.72,10.41,10.61,18658180,196876814.0,0.0,,,0.016283524904214555,10.314,10.383999999999947,10.4665,10.822999999999976,10.409816783901098,10.497609426237634,-0.08779264233653628,-0.09591205797797599,0.016238831282879423
600213,2019-06-24,10.61,10.54,10.61,10.27,10.61,15732246,164009379.0,0.0,,,0.0,10.408,10.439999999999944,10.443,10.748666666666644,10.440614201762466,10.505934653923735,-0.06532045216126825,-0.08979373681463444,0.048946569306732385
600213,2019-06-25,10.61,10.47,10.97,10.35,10.89,26926712,290283377.0,0.0,,,0.02639019792648456,10.558,10.479999999999947,10.425,10.688999999999977,10.509750478414393,10.534383938818273,-0.024633460403880036,-0.07676168153248357,0.10425644225720707
600213,2019-06-26,10.89,10.66,11.19,10.61,10.82,19840378,216960462.0,0.0,,,-0.006427915518824635,10.674000000000001,10.543999999999944,10.4215,10.654333333333307,10.557481174042948,10.555540684090992,0.0019404899519557262,-0.06102124723559571,0.12592347437510287
600213,2019-06-27,10.82,10.97,11.1,10.65,10.82,15887224,172207619.0,0.0,,,0.0,10.75,10.505999999999943,10.424000000000001,10.597666666666642,10.597868685728647,10.575130263047216,0.022738422681431558,-0.04426931325219025,0.1340154718672436
600213,2019-06-28,10.82,10.66,10.82,10.35,10.38,11580400,121951861.0,0.0,,,-0.040665434380776286,10.704,10.508999999999943,10.396,10.522999999999977,10.56435042638578,10.560676169488161,0.0036742568976180223,-0.034680599222228596,0.07670971223969324
600213,2019-07-01,10.38,10.6,10.84,10.0,10.75,11781000,125618513.0,0.0,,,0.035645472061656955,10.732000000000001,10.569999999999943,10.407,10.502666666666643,10.592911899249506,10.574700156933481,0.018211742316024626,-0.024102130914577947,0.08462774646120515
600213,2019-07-02,10.75,10.81,11.83,10.63,11.07,29162761,329356460.0,0.0,,,0.029767441860465142,10.767999999999995,10.662999999999943,10.4505,10.524333333333306,10.666310068595736,10.611389034197668,0.05492103439806861,-0.008297497852048632,0.12643706450023448
600213,2019-07-03,11.07,11.07,11.62,10.85,11.25,25069330,283741025.0,0.0,,,0.01626016260162599,10.853999999999996,10.763999999999943,10.498,10.544999999999977,10.756108519581007,10.658693550183026,0.09741496939798111,0.012844995597957326,0.16913994760004758
600213,2019-07-04,11.25,11.4,12.36,11.08,12.24,35152087,415381261.0,0.0,,,0.08800000000000002,11.137999999999998,10.943999999999942,10.6065,10.60766666666664,10.984399516568544,10.77582736128058,0.20857215528796402,0.05199042753595868,0.3131634555040107
600213,2019-07-05,12.24,11.84,12.16,11.58,11.66,23333985,275385965.0,0.0,,,-0.047385620915032685,11.393999999999998,11.048999999999943,10.7165,10.66066666666664,11.088338052481076,10.841321630815353,0.24701642166572313,0.0909956263619116,0.31204159060762304
600213,2019-07-08,11.66,11.65,11.65,10.5,10.76,19638601,215085805.0,0.0,,,-0.07718696397941684,11.395999999999995,11.063999999999943,10.752,10.649999999999975,11.037824505945526,10.83529780631051,0.20252669963501546,0.11330184101653237,0.17844971723696618
600213,2019-07-09,10.76,10.8,11.08,10.51,11.08,15161950,164606237.0,0.0,,,0.02973977695167289,11.397999999999998,11.082999999999943,10.781499999999998,10.644333333333305,11.044313043492368,10.853423894731954,0.19088914876041407,0.12881930256530874,0.12413969239021067
600213,2019-07-10,11.08,11.0,11.05,10.32,10.47,14039449,150130819.0,0.0,,,-0.055054151624548686,11.242,11.047999999999943,10.795999999999998,10.630333333333311,10.95595719064739,10.82502212475181,0.13093506589557968,0.12924245523136293,0.0033852213284334964
600213,2019-07-11,10.47,10.47,10.72,10.22,10.43,10303090,107809314.0,0.0,,,-0.0038204393505253983,10.879999999999995,11.008999999999947,10.7575,10.618999999999977,10.875040699778559,10.795761226622046,0.07927947315651274,0.1192498588163929,-0.07994077131976032
600213,2019-07-12,10.43,10.51,10.52,10.15,10.16,7861609,80729607.0,0.0,,,-0.02588686481303927,10.579999999999998,10.986999999999947,10.748,10.59299999999998,10.765034438274164,10.748667802427821,0.016366635846342348,0.09867321422238279,-0.16461315675208088
600213,2019-07-15,10.16,10.06,10.29,9.64,10.25,9792974,97804398.0,0.0,,,0.008858267716535419,10.477999999999998,10.936999999999944,10.7535,10.583666666666646,10.685798370847369,10.711729446692427,-0.02593107584505816,0.0737523562088946,-0.19936686410790552
600213,2019-07-16,10.25,10.14,10.3,10.05,10.12,7390500,74907655.0,0.0,,,-0.012682926829268368,10.285999999999998,10.841999999999947,10.7525,10.580999999999982,10.598752467640082,10.667897635826321,-0.06914516818623895,0.04517285132986788,-0.22863603903221366
600213,2019-07-17,10.12,10.12,10.49,9.97,10.27,9528412,97238186.0,0.0,,,0.014822134387351816,10.246,10.743999999999945,10.754,10.57999999999998,10.548175164926223,10.638423736876224,-0.09024857195000102,0.018088566673894097,-0.21667427724779023
600213,2019-07-18,10.27,10.1,10.14,9.96,9.96,6265599,62844905.0,0.0,,,-0.03018500486854905,10.151999999999996,10.515999999999947,10.73,10.576333333333313,10.457686678014495,10.588170126737245,-0.13048344872274953,-0.011625836405434638,-0.2377152246346298
600213,2019-07-19,9.96,9.95,10.32,9.95,10.06,7393100,75207611.0,0.0,,,0.010040160642570243,10.132,10.355999999999948,10.7025,10.596333333333313,10.396504112166111,10.549046413645598,-0.1525423014794871,-0.03980912942024514,-0.22546634411848393
600213,2019-07-22,10.06,9.98,9.98,9.43,9.45,8740400,84196616.0,0.0,0.0,0.0,-0.060636182902584615,9.972000000000001,10.224999999999948,10.6445,10.576333333333313,10.250888094909786,10.467635568190369,-0.21674747328058253,-0.07519679819231263,-0.2831013501765398
600213,2019-07-23,9.45,9.5,9.78,9.38,9.62,6094300,58241338.0,0.0,0.0,0.0,0.017989417989417982,9.872,10.078999999999947,10.581,10.547333333333313,10.153828388000589,10.404847748324416,-0.2510193603238271,-0.11036131061861555,-0.2813160994104231
600213,2019-07-24,9.62,9.58,9.81,9.55,9.64,5992767,58124104.0,0.0,0.0,0.0,0.00207900207900222,9.746,9.995999999999947,10.522,10.52933333333331,10.074777866769729,10.348192359559645,-0.27341449278991625,-0.14297194705287572,-0.26088509147408107
600213,2019-07-25,9.64,9.56,9.82,9.56,9.67,4794959,46471575.0,0.0,0.0,0.0,0.0031120331950206803,9.687999999999999,9.919999999999948,10.4645,10.478333333333312,10.012504348805155,10.297955888481152,-0.28545153967599646,-0.17146786557749988,-0.22796734819699316
600213,2019-07-26,9.67,9.65,9.81,9.61,9.68,3967378,38533935.0,0.0,0.0,0.0,0.0010341261633919118,9.612,9.871999999999948,10.4295,10.455999999999976,9.961349833604363,10.252181378223288,-0.2908315446189249,-0.1953406013857849,-0.19098188646628
600213,2019-07-29,9.68,9.8,9.84,9.72,9.75,3233613,31548698.0,0.0,0.0,0.0,0.007231404958677716,9.672,9.82199999999995,10.3795,10.442999999999977,9.928834474588307,10.214982757614155,-0.2861482830258488,-0.21350213771379772,-0.1452922906241022
600213,2019-07-30,9.75,9.65,10.07,9.65,9.89,6629044,65500194.0,0.0,0.0,0.0,0.014358974358974418,9.726,9.798999999999948,10.3205,10.434666666666645,9.92285994003626,10.190909960753848,-0.2680500207175882,-0.22441171431455587,-0.08727661280606469
600213,2019-07-31,9.89,9.79,9.87,9.68,9.69,4584414,44633478.0,0.0,0.0,0.0,-0.020222446916076952,9.736,9.740999999999948,10.2425,10.416333333333313,9.887035333876836,10.153805519216528,-0.2667701853396913,-0.23288340851958295,-0.06777355364021675
600213,2019-08-01,9.69,9.59,9.69,9.52,9.62,3687191,35439180.0,0.0,0.0,0.0,-0.0072239422084623625,9.726,9.706999999999947,10.1115,10.388999999999976,9.84595297481886,10.114264369644934,-0.2683113948260729,-0.23996900578088098,-0.05668477809038386
600213,2019-08-02,9.62,9.25,9.49,9.2,9.38,5785263,54023626.0,0.0,0.0,0.0,-0.024948024948024783,9.666,9.638999999999948,9.9975,10.347999999999976,9.774267901769806,10.059874416337902,-0.28560651456809616,-0.24909650753832402,-0.07302001405954428
600213,2019-08-05,9.38,9.27,9.45,9.2,9.23,4592100,42701932.0,0.0,0.0,0.0,-0.015991471215351848,9.562,9.616999999999948,9.921,10.301999999999977,9.690534378420606,9.998402237349909,-0.3078678589293027,-0.2608507778165198,-0.09403416222556582
600213,2019-08-06,9.23,9.0,9.0,8.5,8.82,7992901,69995773.0,0.0,0.0,0.0,-0.04442036836403035,9.347999999999999,9.536999999999946,9.808,10.232999999999976,9.556606012509745,9.911113182731397,-0.3545071702216518,-0.2795820562975462,-0.14985022784821123
600213,2019-08-07,8.82,8.94,9.13,8.81,8.83,4925590,44085190.0,0.0,0.0,0.0,0.001133786848072538,9.176,9.455999999999944,9.726,10.166666666666645,9.444820472123629,9.831030724751294,-0.38621025262766473,-0.3009076955635699,-0.17060511412818968
600213,2019-08-08,8.83,8.91,8.98,8.8,8.82,4015370,35578507.0,0.0,0.0,0.0,-0.001132502831257054,9.016000000000002,9.370999999999944,9.6455,10.099999999999977,9.34869424564307,9.756139559954901,-0.40744531431183084,-0.3222152193132221,-0.17046018999721746
600213,2019-08-09,8.82,8.83,8.96,8.6,8.62,4527001,39666700.0,0.0,0.0,0.0,-0.02267573696145137,8.863999999999999,9.264999999999947,9.5685,10.041333333333313,9.23658743862106,9.671981074032317,-0.4353936354112573,-0.3448509025328292,-0.18108546575685625
600213,2019-08-12,8.62,8.64,8.86,8.64,8.81,4640101,40653215.0,0.0,0.0,0.0,0.02204176334106744,8.780000000000001,9.170999999999944,9.4965,9.976666666666645,9.170958601910128,9.608130624103996,-0.4371720221938684,-0.36331512646503705,-0.14771379145766272
600213,2019-08-13,8.81,8.77,8.9,8.68,8.76,5021400,44123287.0,0.0,0.0,0.0,-0.005675368898978514,8.767999999999999,9.057999999999948,9.4285,9.899666666666645,9.107734201616262,9.545306133429625,-0.4375719318133626,-0.3781664875347022,-0.1188108885573208
600213,2019-08-14,8.76,8.86,8.96,8.65,8.7,5369275,47187663.0,0.0,0.0,0.0,-0.0068493150684932076,8.742,8.958999999999948,9.349999999999998,9.814666666666644,9.045005862906068,9.48269086428669,-0.43768500138062194,-0.39007019030388623,-0.09522962215347142
600213,2019-08-15,8.7,8.45,8.67,8.25,8.63,6721974,56654691.0,0.0,0.0,0.0,-0.008045977011494083,8.704000000000002,8.859999999999944,9.283499999999998,9.694333333333311,8.981158807074365,9.41952857804323,-0.4383697709688654,-0.3997301064368821,-0.07727932906396662
600213,2019-08-16,8.63,8.62,8.85,8.62,8.67,4916650,42921712.0,0.0,0.0,0.0,0.004634994206257143,8.714000000000002,8.788999999999948,9.213999999999997,9.594666666666646,8.933288221370617,9.364007942632622,-0.43071972126200464,-0.4059280294019067,-0.049583383720195884
600213,2019-08-19,8.67,8.69,8.95,8.63,8.92,8146220,71900789.0,0.0,0.0,0.0,0.02883506343713956,8.736000000000002,8.757999999999948,9.187499999999996,9.533333333333312,8.931243879621292,9.331118465400575,-0.39987458577928336,-0.404717340677382,0.009685509796197311
600213,2019-08-20,8.92,8.93,8.96,8.82,8.83,6897030,61255760.0,0.0,0.0,0.0,-0.010089686098654693,8.750000000000004,8.758999999999947,9.147999999999998,9.45833333333331,8.915667898141093,9.293998579074607,-0.3783306809335141,-0.39944000872860846,0.04221865559018878
600213,2019-08-21,8.83,8.76,8.96,8.75,8.89,7122803,63284702.0,0.0,0.0,0.0,0.006795016987542525,8.788000000000002,8.764999999999947,9.110499999999998,9.405666666666642,8.911718990734771,9.264072758402413,-0.35235376766764226,-0.39002276051641527,0.07533798569754602
600213,2019-08-22,8.89,8.89,9.59,8.81,9.49,18814202,175201001.0,0.0,0.0,0.0,0.06749156355455564,8.960000000000003,8.831999999999946,9.1015,9.374333333333311,9.000685299852499,9.280808109631865,-0.28012280977936577,-0.3680427703690054,0.17583992117927927
600213,2019-08-23,9.49,9.29,9.3,9.1,9.14,10798547,99119682.0,0.0,0.0,0.0,-0.03688092729188616,9.054000000000002,8.883999999999945,9.0745,9.340333333333307,9.022118330644423,9.270377879288764,-0.24825954864434152,-0.3440861260240727,0.19165315475946232
600213,2019-08-26,9.14,9.11,9.58,8.88,9.33,11685777,108368480.0,0.0,0.0,0.0,0.02078774617067828,9.136,8.935999999999945,9.0535,9.30966666666664,9.069484741314511,9.274794332674782,-0.20530959136027072,-0.31633081909131233,0.22204245546208323
600213,2019-08-27,9.33,9.31,9.55,9.25,9.53,12220713,115216816.0,0.0,0.0,0.0,0.021436227224008498,9.276000000000002,9.012999999999943,9.035500000000004,9.289999999999973,9.14033324265074,9.293698456180353,-0.15336521352961263,-0.2837376979789724,0.26074496889871956
600213,2019-08-28,9.53,9.9,10.4,9.64,9.68,20135289,201962789.0,0.0,0.0,0.0,0.015739769150052506,9.434,9.110999999999942,9.035000000000002,9.270333333333307,9.22335889762755,9.32231338535218,-0.09895448772462956,-0.24678105592810384,0.29565313640694857
600213,2019-08-29,9.68,9.52,9.59,9.32,9.42,13254199,125015311.0,0.0,0.0,0.0,-0.026859504132231385,9.420000000000002,9.189999999999943,9.025000000000002,9.252333333333306,9.25361137491562,9.329549430881649,-0.07593805596602898,-0.21261245593568887,0.27334879993931976
600213,2019-08-30,9.42,9.35,9.4,8.83,8.91,13109460,119284185.0,0.0,0.0,0.0,-0.05414012738853501,9.374,9.213999999999944,9.001500000000002,9.213999999999976,9.200748086467062,9.298471695260785,-0.09772360879372322,-0.18963468650729573,0.18382215542714503
600213,2019-09-02,8.91,8.89,9.08,8.84,9.05,6659837,60053839.0,0.0,0.0,0.0,0.01571268237934911,9.318,9.226999999999943,8.992500000000003,9.200666666666645,9.177556073164437,9.280066384500726,-0.10251031133628885,-0.17220981147309436,0.13939900027361102
600213,2019-09-03,9.05,9.08,9.19,9.04,9.17,7334840,66968635.0,0.0,0.0,0.0,0.013259668508287206,9.246,9.260999999999942,9.010000000000002,9.185666666666645,9.17639360036991,9.271913318982154,-0.09551971861224473,-0.15687179290092446,0.12270414857735945
600213,2019-09-04,9.17,9.19,9.35,9.11,9.28,7839480,72302931.0,0.0,0.0,0.0,0.011995637949836359,9.166,9.299999999999942,9.032500000000002,9.173666666666644,9.192333046466846,9.272512332390884,-0.08017928592403756,-0.14153329150554708,0.12270801116301905
600213,2019-09-05,9.28,9.4,9.51,9.25,9.36,10405033,97730904.0,0.0,0.0,0.0,0.008620689655172422,9.154,9.286999999999942,9.059500000000003,9.163333333333311,9.218127962395023,9.27899290036193,-0.060864937966906396,-0.12539962079781894,0.1290693656618251
600213,2019-09-06,9.36,10.07,10.3,10.06,10.3,11315860,116016431.0,0.0,0.0,0.0,0.10042735042735056,9.432000000000002,9.402999999999944,9.143500000000003,9.183999999999976,9.38456981433425,9.354623055890675,0.029946758443575305,-0.09433034494954008,0.24855420678623077
600213,2019-09-09,10.3,10.99,11.33,10.45,10.65,40964323,446038776.0,0.0,0.0,0.0,0.033980582524271816,9.752,9.534999999999943,9.235500000000004,9.213999999999976,9.57925138135975,9.450576903602478,0.12867447775727214,-0.049729380408177634,0.3568077163308996
600213,2019-09-10,10.65,10.38,10.59,10.1,10.53,25776730,266790054.0,0.0,0.0,0.0,-0.01126760563380291,10.024,9.634999999999943,9.324000000000003,9.235333333333307,9.725520399612098,9.530534170002293,0.19498622960980505,-0.0007862584045810864,0.39154497602877225
600213,2019-09-11,10.53,10.42,10.9,10.24,10.6,21262369,225559127.0,0.0,0.0,0.0,0.00664767331434001,10.288,9.726999999999943,9.419000000000004,9.265666666666645,9.860055722748697,9.609753861113235,0.250301861635462,0.04943136560342754,0.4017409920640689
600213,2019-09-12,10.6,10.42,10.55,10.28,10.42,11500153,119508292.0,0.0,0.0,0.0,-0.016981132075471674,10.500000000000002,9.826999999999943,9.508500000000003,9.29233333333331,9.946200996171974,9.669772093623365,0.2764289025486093,0.09483087299246393,0.36319605911229075
600213,2019-09-16,10.42,10.43,10.65,10.3,10.33,10129012,105891628.0,0.0,0.0,0.0,-0.008637236084452963,10.505999999999998,9.968999999999943,9.591500000000003,9.323999999999977,10.005246996760901,9.718677864466079,0.2865691322948223,0.13317852485293563,0.3067812148837733
600213,2019-09-17,10.33,10.42,10.43,10.02,10.05,8710022,88723739.0,0.0,0.0,0.0,-0.02710551790900284,10.386,10.068999999999942,9.648000000000009,9.351333333333312,10.0121320741823,9.743220244876,0.2689118293063011,0.16032518574360874,0.2171732871253847
600213,2019-09-18,10.05,10.02,10.25,9.85,9.96,7576798,76287942.0,0.0,0.0,0.0,-0.008955223880597,10.272,10.147999999999943,9.704500000000008,9.389333333333306,10.00411175507733,9.759278004514814,0.24483375056251688,0.1772268987073904,0.13521370371025299
600213,2019-09-19,9.96,9.94,10.2,9.93,10.07,7043220,70977358.0,0.0,0.0,0.0,0.01104417670682725,10.166,10.226999999999943,9.763500000000004,9.430666666666642,10.014248408142358,9.782294448624828,0.23195395951752928,0.18817231086941819,0.0875632972962222
600213,2019-09-20,10.07,10.07,10.29,10.05,10.08,8357359,85021880.0,0.0,0.0,0.0,0.0009930486593842888,10.098,10.298999999999943,9.793000000000003,9.472666666666642,10.024364037658918,9.804346711689655,0.2200173259692626,0.19454131388938709,0.05095202415975103
600213,2019-09-23,10.08,10.03,10.07,9.77,9.94,6652000,65707059.0,0.0,0.0,0.0,-0.013888888888888944,10.02,10.262999999999943,9.833000000000004,9.516666666666644,10.011384954942162,9.814395103416349,0.19698985152581372,0.19503102141667245,0.003917660218282548
600213,2019-09-24,9.94,9.95,10.35,9.77,10.01,11274601,113241733.0,0.0,0.0,0.0,0.007042253521126789,10.011999999999997,10.198999999999943,9.867000000000004,9.556666666666642,10.011171884951061,9.828884355015138,0.18228752993592323,0.19248232312052263,-0.020389586369198798
600213,2019-09-25,10.01,9.88,9.88,9.55,9.63,8409334,81496251.0,0.0,0.0,0.0,-0.03796203796203786,9.945999999999998,10.108999999999943,9.872000000000003,9.585666666666642,9.952530056497052,9.814152180569572,0.13837787592748008,0.18166143368191415,-0.08656711550886814
600213,2019-09-26,9.63,9.68,9.68,9.16,9.18,6999500,65409564.0,0.0,0.0,0.0,-0.04672897196261693,9.767999999999997,9.966999999999942,9.847000000000003,9.601666666666642,9.83367927857443,9.767177944971825,0.06650133360260391,0.1586294136660521,-0.18425616012689638
600213,2019-09-27,9.18,9.16,9.43,9.12,9.29,4244900,39541040.0,0.0,0.0,0.0,0.011982570806100157,9.609999999999998,9.853999999999942,9.840500000000002,9.623666666666645,9.750036312639901,9.731831430529468,0.018204882110433473,0.13054450735492837,-0.2246792504889898
600213,2019-09-30,9.29,9.31,9.49,9.25,9.28,3854880,36054360.0,0.0,0.0,0.0,-0.0010764262648008383,9.477999999999998,9.748999999999942,9.859000000000004,9.643999999999977,9.677723033772224,9.698362435675433,-0.020639401903208565,0.10030772550330097,-0.24189425481301907
600213,2019-10-08,9.28,9.33,9.55,9.22,9.4,4788348,44865691.0,0.0,0.0,0.0,0.012931034482758728,9.355999999999998,9.683999999999942,9.876500000000004,9.659999999999972,9.634996413191882,9.67626151451429,-0.04126510132240746,0.07199316013815929,-0.2265165229211335
